# Benchmark data for cluster-median
# Sample ratio: 1, seed=42
param m := 209;
param k := 12;

param d :
    1 2 3 4 5 6 7 8 9 10 11 12 13 14 15 16 17 18 19 20 21 22 23 24 25 26 27 28 29 30 31 32 33 34 35 36 37 38 39 40 41 42 43 44 45 46 47 48 49 50 51 52 53 54 55 56 57 58 59 60 61 62 63 64 65 66 67 68 69 70 71 72 73 74 75 76 77 78 79 80 81 82 83 84 85 86 87 88 89 90 91 92 93 94 95 96 97 98 99 100 101 102 103 104 105 106 107 108 109 110 111 112 113 114 115 116 117 118 119 120 121 122 123 124 125 126 127 128 129 130 131 132 133 134 135 136 137 138 139 140 141 142 143 144 145 146 147 148 149 150 151 152 153 154 155 156 157 158 159 160 161 162 163 164 165 166 167 168 169 170 171 172 173 174 175 176 177 178 179 180 181 182 183 184 185 186 187 188 189 190 191 192 193 194 195 196 197 198 199 200 201 202 203 204 205 206 207 208 209 :=
1 0.000000 7.396635 7.396635 7.396635 7.446417 6.827564 7.601992 7.601992 8.799522 10.660012 8.341854 8.174479 6.984003 7.087427 8.284293 7.584672 7.725576 7.440614 7.830566 4.110757 7.504674 7.771492 6.959120 6.977754 8.082654 8.212018 8.212869 8.208636 8.160283 8.137666 5.122842 5.122842 6.936896 6.936896 7.133327 7.132246 8.085084 8.058950 8.069253 7.983457 7.983457 8.037614 8.014923 8.014923 7.816543 7.801571 8.571388 8.703038 8.161626 7.989385 8.583293 8.588336 7.995563 8.277174 7.975005 7.989652 7.983185 8.625925 8.625925 8.625925 8.625925 8.625925 7.668449 6.294251 6.349730 5.277547 8.028055 8.023195 7.726594 7.680848 7.579131 7.153857 7.731890 7.659860 7.538261 7.551336 7.831185 7.727198 7.546019 7.564707 8.229069 6.906778 6.578755 8.315001 8.146512 8.118606 8.040618 7.738301 7.608946 6.617098 6.978274 6.978274 7.738301 7.967763 6.693832 7.756292 7.845009 8.151536 8.050325 8.416017 8.215566 7.877958 9.109996 9.109012 8.498202 8.372114 8.415780 8.802913 8.801062 8.723584 8.653524 8.649746 7.975112 7.975112 8.044255 7.940000 7.939463 8.078967 8.110412 7.862827 7.838774 7.385853 9.901180 9.897858 8.756758 8.123538 7.971042 8.046652 7.795840 7.795840 7.531397 8.144658 7.694552 7.656515 7.717651 7.388700 7.388700 6.428061 7.961901 8.177063 7.601694 7.601694 8.117805 7.985008 7.698495 6.889249 6.942249 6.892598 6.646936 7.675122 7.444434 6.996867 6.997795 6.729165 7.169313 6.997232 6.140745 8.236551 8.189381 8.186817 8.151156 8.152949 8.197783 8.212032 8.240456 6.732183 6.732183 7.197979 6.051266 5.045190 8.282469 8.232147 7.079126 8.172592 8.064708 8.176551 8.165922 8.029636 7.855588 7.702845 7.437830 8.118970 8.069356 7.920886 7.488872 7.598421 7.443683 7.890123 7.346752 6.608075 7.556096 7.108116 5.843721 6.946981 7.457895 6.504739 6.836153 6.889562 6.933587 6.516492 8.250025 8.250290 8.250025 8.250290 8.138415 7.501167 7.980316 7.895618 8.468961
2 7.396635 0.000000 0.000000 0.000000 1.500400 0.789596 2.506476 2.506476 3.710098 8.095822 3.805350 3.776731 3.034211 2.350468 4.004494 2.649255 3.423154 3.147920 3.352658 3.861753 2.942581 2.773496 3.075519 2.965973 3.551366 3.790065 3.590130 3.767480 3.598413 3.623564 3.962824 3.962824 2.401514 2.401514 1.360945 1.363646 3.593832 3.391464 3.018926 3.314059 3.076219 2.501324 2.485524 2.485524 2.795220 3.016503 4.782984 4.556247 3.439564 3.264065 4.227700 4.513562 2.791391 3.307010 3.413539 2.974281 3.252110 4.458775 4.458775 4.458775 4.458775 4.458775 3.426518 2.895027 2.458237 3.321077 3.600846 3.542717 3.216547 3.059628 2.762438 2.679895 3.486682 3.395995 3.364662 2.845794 3.447711 3.074499 3.589134 2.868255 3.650930 3.536163 4.108135 3.770147 3.537560 3.238036 3.184583 3.152821 1.964928 2.928358 2.089599 2.089599 3.152821 2.053537 1.702306 2.525306 2.234517 0.847709 1.695482 4.188840 3.614543 3.318834 5.537976 5.495130 4.244731 3.645083 3.229705 4.956758 5.004163 4.809367 4.796186 4.642821 3.255651 3.255651 3.060524 2.618499 2.614147 3.415368 2.811288 2.666035 1.993280 1.903298 6.792898 6.760010 4.734686 3.210709 2.918232 3.005848 2.526896 2.526896 1.952498 3.156448 3.062482 3.023393 2.333726 2.188056 2.188056 4.900568 3.031305 3.306686 2.955813 2.955813 3.035468 2.278411 2.240132 2.442038 2.151228 2.117379 1.992629 2.781968 1.500998 0.848689 0.847945 3.357040 1.279363 0.848339 6.024682 3.639437 3.547095 3.420557 3.145494 3.027115 2.797795 2.557659 2.342948 2.581235 2.581235 1.922889 3.412399 3.151900 3.647437 3.504814 3.132705 3.579146 3.478018 2.892882 3.524128 3.538445 3.338852 3.071365 2.909331 3.753395 3.670931 3.156963 2.837703 2.771727 1.971744 2.304309 2.164710 1.717107 0.921076 1.161932 3.338638 2.635136 1.609320 3.188804 7.475492 7.385609 6.414838 6.653329 3.605464 3.570033 3.605464 3.570033 3.186650 3.031009 2.938286 3.725243 3.943149
3 7.396635 0.000000 0.000000 0.000000 1.500400 0.789596 2.506476 2.506476 3.710098 8.095822 3.805350 3.776731 3.034211 2.350468 4.004494 2.649255 3.423154 3.147920 3.352658 3.861753 2.942581 2.773496 3.075519 2.965973 3.551366 3.790065 3.590130 3.767480 3.598413 3.623564 3.962824 3.962824 2.401514 2.401514 1.360945 1.363646 3.593832 3.391464 3.018926 3.314059 3.076219 2.501324 2.485524 2.485524 2.795220 3.016503 4.782984 4.556247 3.439564 3.264065 4.227700 4.513562 2.791391 3.307010 3.413539 2.974281 3.252110 4.458775 4.458775 4.458775 4.458775 4.458775 3.426518 2.895027 2.458237 3.321077 3.600846 3.542717 3.216547 3.059628 2.762438 2.679895 3.486682 3.395995 3.364662 2.845794 3.447711 3.074499 3.589134 2.868255 3.650930 3.536163 4.108135 3.770147 3.537560 3.238036 3.184583 3.152821 1.964928 2.928358 2.089599 2.089599 3.152821 2.053537 1.702306 2.525306 2.234517 0.847709 1.695482 4.188840 3.614543 3.318834 5.537976 5.495130 4.244731 3.645083 3.229705 4.956758 5.004163 4.809367 4.796186 4.642821 3.255651 3.255651 3.060524 2.618499 2.614147 3.415368 2.811288 2.666035 1.993280 1.903298 6.792898 6.760010 4.734686 3.210709 2.918232 3.005848 2.526896 2.526896 1.952498 3.156448 3.062482 3.023393 2.333726 2.188056 2.188056 4.900568 3.031305 3.306686 2.955813 2.955813 3.035468 2.278411 2.240132 2.442038 2.151228 2.117379 1.992629 2.781968 1.500998 0.848689 0.847945 3.357040 1.279363 0.848339 6.024682 3.639437 3.547095 3.420557 3.145494 3.027115 2.797795 2.557659 2.342948 2.581235 2.581235 1.922889 3.412399 3.151900 3.647437 3.504814 3.132705 3.579146 3.478018 2.892882 3.524128 3.538445 3.338852 3.071365 2.909331 3.753395 3.670931 3.156963 2.837703 2.771727 1.971744 2.304309 2.164710 1.717107 0.921076 1.161932 3.338638 2.635136 1.609320 3.188804 7.475492 7.385609 6.414838 6.653329 3.605464 3.570033 3.605464 3.570033 3.186650 3.031009 2.938286 3.725243 3.943149
4 7.396635 0.000000 0.000000 0.000000 1.500400 0.789596 2.506476 2.506476 3.710098 8.095822 3.805350 3.776731 3.034211 2.350468 4.004494 2.649255 3.423154 3.147920 3.352658 3.861753 2.942581 2.773496 3.075519 2.965973 3.551366 3.790065 3.590130 3.767480 3.598413 3.623564 3.962824 3.962824 2.401514 2.401514 1.360945 1.363646 3.593832 3.391464 3.018926 3.314059 3.076219 2.501324 2.485524 2.485524 2.795220 3.016503 4.782984 4.556247 3.439564 3.264065 4.227700 4.513562 2.791391 3.307010 3.413539 2.974281 3.252110 4.458775 4.458775 4.458775 4.458775 4.458775 3.426518 2.895027 2.458237 3.321077 3.600846 3.542717 3.216547 3.059628 2.762438 2.679895 3.486682 3.395995 3.364662 2.845794 3.447711 3.074499 3.589134 2.868255 3.650930 3.536163 4.108135 3.770147 3.537560 3.238036 3.184583 3.152821 1.964928 2.928358 2.089599 2.089599 3.152821 2.053537 1.702306 2.525306 2.234517 0.847709 1.695482 4.188840 3.614543 3.318834 5.537976 5.495130 4.244731 3.645083 3.229705 4.956758 5.004163 4.809367 4.796186 4.642821 3.255651 3.255651 3.060524 2.618499 2.614147 3.415368 2.811288 2.666035 1.993280 1.903298 6.792898 6.760010 4.734686 3.210709 2.918232 3.005848 2.526896 2.526896 1.952498 3.156448 3.062482 3.023393 2.333726 2.188056 2.188056 4.900568 3.031305 3.306686 2.955813 2.955813 3.035468 2.278411 2.240132 2.442038 2.151228 2.117379 1.992629 2.781968 1.500998 0.848689 0.847945 3.357040 1.279363 0.848339 6.024682 3.639437 3.547095 3.420557 3.145494 3.027115 2.797795 2.557659 2.342948 2.581235 2.581235 1.922889 3.412399 3.151900 3.647437 3.504814 3.132705 3.579146 3.478018 2.892882 3.524128 3.538445 3.338852 3.071365 2.909331 3.753395 3.670931 3.156963 2.837703 2.771727 1.971744 2.304309 2.164710 1.717107 0.921076 1.161932 3.338638 2.635136 1.609320 3.188804 7.475492 7.385609 6.414838 6.653329 3.605464 3.570033 3.605464 3.570033 3.186650 3.031009 2.938286 3.725243 3.943149
5 7.446417 1.500400 1.500400 1.500400 0.000000 1.695482 2.921237 2.921237 4.847519 8.763466 2.919540 2.934951 2.168879 1.700854 3.080201 2.351286 2.479043 2.418123 2.390724 3.517591 2.213747 1.827538 2.683229 2.556931 2.798652 2.867293 2.797112 2.878283 2.757168 2.798426 3.271818 3.271818 1.614296 1.614296 1.069431 1.072865 2.611509 2.433435 2.113952 2.324342 2.194995 1.866040 1.857655 1.857655 2.106289 2.187965 4.036166 3.901601 2.680574 2.480267 3.610821 3.759504 2.218601 2.479611 2.434975 2.234682 2.405904 3.897176 3.897176 3.897176 3.897176 3.897176 2.484501 2.303480 2.199630 3.134485 2.630982 2.596275 2.381107 2.108778 1.972272 2.140660 2.648168 2.573413 2.531920 2.300574 2.706865 2.578108 2.729405 2.398751 2.732667 3.119444 4.380952 2.832528 2.642250 2.225316 2.168840 2.252439 2.353985 2.502262 2.768441 2.768441 2.252439 1.332485 1.586584 2.871894 2.619861 1.609103 0.789596 3.310601 2.648934 2.439151 4.930912 4.894700 3.432109 2.741515 2.365497 4.259674 4.314745 4.172153 4.156952 4.002867 2.250870 2.250870 2.183864 2.032139 2.026529 2.476266 2.036159 1.843345 1.237605 1.086759 6.294735 6.277881 4.016379 2.185361 1.979528 2.106555 1.912657 1.912657 1.129425 2.316380 2.186606 2.131515 1.787478 1.592604 1.592604 4.928167 2.109155 2.313818 2.034523 2.034523 2.148609 1.569781 1.513686 1.825309 1.412794 1.395222 1.311248 1.799152 0.042366 1.609619 1.609227 3.677080 1.279363 1.609435 6.177977 2.629834 2.565421 2.483418 2.219027 2.158942 1.823530 1.724681 1.690447 1.817187 1.817187 1.032330 3.298981 2.905937 2.667021 2.579869 2.273482 2.706476 2.571251 2.395198 2.615159 2.572011 2.448609 2.283929 2.049313 2.776855 2.725373 2.128078 1.860942 1.861590 1.202612 1.320129 1.144190 1.038197 0.683947 1.685256 3.660287 1.842020 2.134399 3.656660 7.845990 7.760399 7.598323 7.800715 2.706251 2.658865 2.706251 2.658865 2.377465 2.164397 2.101565 2.999073 3.119315
6 6.827564 0.789596 0.789596 0.789596 1.695482 0.000000 2.378801 2.378801 3.625066 7.900968 4.047694 4.001375 2.923532 2.205543 4.234933 2.983938 3.645369 3.433608 3.622234 3.355358 3.246390 3.093953 3.367355 3.267158 3.808966 4.013076 3.845133 3.991753 3.832592 3.856216 3.531322 3.531322 2.543720 2.543720 1.598735 1.601257 3.804728 3.614187 3.267145 3.541654 3.320158 2.795880 2.781753 2.781753 3.056469 3.260068 4.950243 4.764348 3.683854 3.496826 4.450088 4.722508 3.008078 3.580734 3.592527 3.178104 3.440931 4.671126 4.671126 4.671126 4.671126 4.671126 3.690486 2.786051 2.328911 2.813741 3.852485 3.798385 3.496149 3.305532 3.032097 2.957091 3.747007 3.664290 3.602976 3.123945 3.712270 3.333622 3.813446 3.142721 3.902076 3.753268 4.296434 4.013841 3.796214 3.516372 3.467213 3.392435 2.119973 3.034571 2.236015 2.236015 3.392435 2.459810 1.509021 2.398689 2.090360 1.608869 2.178190 4.410968 3.866591 3.502728 5.712672 5.671146 4.465275 3.897405 3.511998 5.149474 5.195122 4.992176 4.963806 4.848034 3.489293 3.489293 3.307371 2.849072 2.844995 3.670747 3.075945 2.890359 2.351712 2.060324 6.938624 6.906430 4.935179 3.490077 3.174335 3.255064 2.705956 2.705956 1.953011 3.440872 3.212513 3.175271 2.617397 2.392610 2.392610 5.088856 3.231602 3.568477 3.060376 3.060376 3.306654 2.538117 2.375797 2.311518 2.001836 1.965189 1.830629 2.998327 1.696300 0.313140 0.310404 2.855523 1.503969 0.311906 5.309779 3.888831 3.802223 3.684119 3.430255 3.322040 3.114511 2.900714 2.713287 2.699451 2.699451 1.753599 2.698538 2.611277 3.897324 3.764181 3.034117 3.834067 3.739839 3.196811 3.771385 3.784766 3.566237 3.269821 3.016510 3.957929 3.879815 3.395825 3.050592 2.989318 2.124448 2.621439 2.304800 1.525756 1.213085 0.852422 2.833678 2.752298 1.878005 3.189118 7.306961 7.214978 6.267407 6.414856 3.857839 3.824748 3.857839 3.824748 3.468906 3.133148 3.242250 3.813271 4.178359
7 7.601992 2.506476 2.506476 2.506476 2.921237 2.378801 0.000000 0.000000 2.735399 5.842290 5.654935 5.668064 4.800274 4.149926 5.875789 4.895300 5.322878 5.080018 5.225712 4.486696 4.918560 4.638528 4.877637 4.718978 5.570224 5.675703 5.582781 5.684759 5.549558 5.590420 4.888125 4.888125 4.061574 4.061574 3.127713 3.129117 5.529338 5.350296 5.016865 5.235893 5.088684 4.649688 4.641207 4.641207 4.921448 5.050415 6.376311 6.191120 5.447900 5.322212 6.006889 6.222403 4.961840 5.329007 5.336188 5.066458 5.236263 6.184216 6.184216 6.184216 6.184216 6.184216 5.223885 4.717945 4.463267 4.734349 5.523722 5.486249 5.205690 4.973337 4.795673 4.634722 5.451376 5.246939 5.204305 4.884914 5.441914 5.230379 5.409366 5.069467 5.519820 5.383357 5.805074 5.630200 5.413633 5.116203 5.048386 5.100130 4.358554 4.869428 4.416161 4.416161 5.100130 4.083948 3.290737 0.308679 1.216301 2.871786 3.225400 6.002021 5.525166 5.325381 6.986621 6.933007 5.983215 5.451203 4.972198 6.492769 6.568846 6.368735 6.346522 6.114060 5.098371 5.098371 5.044301 4.756461 4.753974 5.325526 4.894274 4.706867 4.019322 3.856078 8.026881 7.999068 6.370243 5.097380 4.886620 5.009006 4.670856 4.670856 3.449241 5.202052 5.053907 4.995804 4.544603 4.299901 4.299901 6.290308 4.994370 5.218670 4.885114 4.885114 5.043054 4.336097 4.242968 4.295882 3.870608 3.851666 3.645332 4.664385 2.921879 2.399583 2.399135 1.580079 3.492425 2.399385 4.747176 5.540021 5.479347 5.397831 5.124635 5.052839 4.696614 4.557647 4.440713 3.801716 3.801716 3.181034 3.784967 3.739623 5.546693 5.453964 4.869694 5.550016 5.389890 5.079440 5.506172 5.452246 5.318943 5.124923 4.858376 5.636215 5.581637 5.033803 4.698465 4.732604 3.979052 4.183427 3.992523 2.570109 2.670257 2.236339 2.855172 4.548804 4.036270 4.001814 7.087950 6.838570 6.599647 6.739831 5.589852 5.543019 5.589852 5.543019 5.253876 5.003816 4.966642 5.568674 5.779818
8 7.601992 2.506476 2.506476 2.506476 2.921237 2.378801 0.000000 0.000000 2.735399 5.842290 5.654935 5.668064 4.800274 4.149926 5.875789 4.895300 5.322878 5.080018 5.225712 4.486696 4.918560 4.638528 4.877637 4.718978 5.570224 5.675703 5.582781 5.684759 5.549558 5.590420 4.888125 4.888125 4.061574 4.061574 3.127713 3.129117 5.529338 5.350296 5.016865 5.235893 5.088684 4.649688 4.641207 4.641207 4.921448 5.050415 6.376311 6.191120 5.447900 5.322212 6.006889 6.222403 4.961840 5.329007 5.336188 5.066458 5.236263 6.184216 6.184216 6.184216 6.184216 6.184216 5.223885 4.717945 4.463267 4.734349 5.523722 5.486249 5.205690 4.973337 4.795673 4.634722 5.451376 5.246939 5.204305 4.884914 5.441914 5.230379 5.409366 5.069467 5.519820 5.383357 5.805074 5.630200 5.413633 5.116203 5.048386 5.100130 4.358554 4.869428 4.416161 4.416161 5.100130 4.083948 3.290737 0.308679 1.216301 2.871786 3.225400 6.002021 5.525166 5.325381 6.986621 6.933007 5.983215 5.451203 4.972198 6.492769 6.568846 6.368735 6.346522 6.114060 5.098371 5.098371 5.044301 4.756461 4.753974 5.325526 4.894274 4.706867 4.019322 3.856078 8.026881 7.999068 6.370243 5.097380 4.886620 5.009006 4.670856 4.670856 3.449241 5.202052 5.053907 4.995804 4.544603 4.299901 4.299901 6.290308 4.994370 5.218670 4.885114 4.885114 5.043054 4.336097 4.242968 4.295882 3.870608 3.851666 3.645332 4.664385 2.921879 2.399583 2.399135 1.580079 3.492425 2.399385 4.747176 5.540021 5.479347 5.397831 5.124635 5.052839 4.696614 4.557647 4.440713 3.801716 3.801716 3.181034 3.784967 3.739623 5.546693 5.453964 4.869694 5.550016 5.389890 5.079440 5.506172 5.452246 5.318943 5.124923 4.858376 5.636215 5.581637 5.033803 4.698465 4.732604 3.979052 4.183427 3.992523 2.570109 2.670257 2.236339 2.855172 4.548804 4.036270 4.001814 7.087950 6.838570 6.599647 6.739831 5.589852 5.543019 5.589852 5.543019 5.253876 5.003816 4.966642 5.568674 5.779818
9 8.799522 3.710098 3.710098 3.710098 4.847519 3.625066 2.735399 2.735399 0.000000 5.162359 7.281659 7.275809 6.461319 5.673333 7.546005 6.239293 7.060095 6.776102 6.987130 6.343454 6.610087 6.408099 6.583246 6.466571 7.118196 7.329770 7.128027 7.304845 7.134883 7.166712 6.716826 6.716826 5.834606 5.834606 4.735312 4.736239 7.217028 7.014434 6.623817 6.927568 6.678378 6.048505 6.041987 6.041987 6.407501 6.649264 7.928753 7.644537 6.955978 6.857985 7.401941 7.760813 6.291635 6.863260 7.003679 6.519541 6.791500 7.546559 7.546559 7.546559 7.546559 7.546559 7.019156 6.400392 5.906400 6.113827 7.245073 7.184069 6.904769 6.731322 6.457902 6.339295 7.157473 6.969551 6.937511 6.379483 7.068042 6.647728 7.165843 6.521880 7.177233 7.039684 6.975937 7.294592 7.062864 6.837555 6.786959 6.825536 5.145814 6.512860 5.194698 5.194698 6.825536 5.625251 4.696015 2.752760 2.993626 3.966051 5.036668 7.630992 7.213832 6.928276 8.399917 8.341373 7.570389 7.091702 6.590051 8.008472 8.070273 7.819041 7.800959 7.613038 6.824222 6.824222 6.644621 6.130966 6.129036 6.995559 6.386652 6.244198 5.578509 5.462065 9.295719 9.246459 7.879843 6.823482 6.525724 6.617867 6.064793 6.064793 5.182864 6.765158 6.651917 6.607880 5.968101 5.783940 5.783940 7.755295 6.606796 6.914560 6.524596 6.524596 6.643675 5.810899 5.741741 5.780953 5.472332 5.458951 5.315380 6.361015 4.847906 3.638737 3.638441 3.158964 4.839488 3.638606 5.478877 7.257507 7.178799 7.050759 6.775190 6.651105 6.384685 6.132500 5.889376 5.758391 5.758391 5.008372 5.054660 5.380483 7.230333 7.093824 6.513059 7.167935 7.044681 6.384789 7.134042 7.158136 6.990549 6.706031 6.504601 7.331199 7.257175 6.776119 6.458862 6.411206 5.549565 5.859734 5.725003 4.644381 4.284143 3.533217 3.954038 6.276753 4.875847 4.847363 7.597463 7.365355 6.006074 6.159782 7.198824 7.162519 7.198824 7.162519 6.805089 6.613939 6.585860 7.050968 7.347306
10 10.660012 8.095822 8.095822 8.095822 8.763466 7.900968 5.842290 5.842290 5.162359 0.000000 11.399685 11.411326 10.531204 9.852403 11.648287 10.581652 11.129066 10.811198 11.029504 9.317353 10.673903 10.441500 10.398629 10.242027 11.336276 11.458270 11.355551 11.466225 11.326194 11.366172 10.073262 10.073262 9.770734 9.770734 8.845804 8.846301 11.369729 11.190343 10.851692 11.073779 10.919621 10.444356 10.436025 10.436025 10.721450 10.867665 11.845260 11.638916 11.214355 11.127038 11.538227 11.783282 10.731874 11.137082 11.168488 10.871432 11.036670 11.631019 11.631019 11.631019 11.631019 11.631019 10.985660 10.360794 10.063131 9.938475 11.351922 11.313086 11.005849 10.792533 10.601737 10.317857 11.237099 10.974844 10.933166 10.587864 11.193303 10.948895 11.134874 10.804360 11.294273 10.889478 10.668278 11.407951 11.182558 10.944427 10.872387 10.910773 9.852230 10.477085 9.712715 9.712715 10.910773 9.882932 8.867911 5.915136 6.473744 8.411990 9.008953 11.712792 11.343906 11.151098 12.191267 12.128469 11.611720 11.188406 10.679068 11.877116 11.962548 11.736950 11.711614 11.444941 10.907567 10.907567 10.860023 10.523998 10.522873 11.133174 10.713017 10.529333 9.828696 9.666833 12.834284 12.798651 11.849066 10.935641 10.723343 10.843674 10.455820 10.455820 9.183168 11.028371 10.873621 10.814789 10.332477 10.078922 10.078922 11.012931 10.821321 11.052732 10.699976 10.699976 10.873785 10.132022 10.030566 9.994335 9.598920 9.581373 9.359955 10.487027 8.763680 7.955237 7.955102 5.625156 9.192837 7.955177 6.516852 11.375912 11.317457 11.236675 10.960171 10.883903 10.521972 10.370885 10.228999 9.378116 9.378116 8.911778 8.509150 8.732678 11.366969 11.272192 10.580213 11.352391 11.182525 10.818825 11.332542 11.273922 11.137007 10.932185 10.656590 11.445577 11.389954 10.868786 10.510515 10.556135 9.787507 10.010024 9.817799 8.297437 8.464855 7.779588 6.989932 10.317716 9.536933 8.514178 8.876260 8.428555 8.148257 8.109918 11.412075 11.365728 11.412075 11.365728 11.075586 10.812872 10.785766 11.228465 11.480223
11 8.341854 3.805350 3.805350 3.805350 2.919540 4.047694 5.654935 5.654935 7.281659 11.399685 0.000000 0.226404 2.142343 2.505695 0.405626 1.837616 1.145694 1.772428 1.274558 4.625386 1.661357 1.475416 2.724526 2.805793 0.600131 0.359689 0.470593 0.378330 0.403969 0.441206 3.984484 3.984484 2.507093 2.507093 3.033138 3.019806 1.373344 1.369967 1.455668 1.401184 1.462425 1.804907 1.807787 1.807787 1.390631 1.234772 1.610955 1.588808 0.562707 0.940436 1.242806 1.175085 1.547574 0.880929 1.187720 1.412530 0.905058 1.612152 1.612152 1.612152 1.612152 1.612152 1.645708 2.497277 2.699742 3.842986 1.293600 1.231609 1.450624 1.385694 1.631361 2.299568 1.265433 1.188347 1.197531 1.423359 0.942307 1.227613 1.229021 1.608001 0.316639 2.448677 4.408286 0.282831 0.436220 1.089572 1.151102 1.263933 2.884408 2.428092 3.443570 3.443570 1.263933 2.066673 3.312134 5.596999 5.245962 3.643082 2.816654 0.442986 0.772257 1.210859 2.702313 2.698342 0.778299 0.274922 0.886148 1.933321 1.937430 1.930168 1.937722 1.973041 0.823188 0.823188 1.014976 1.472073 1.482991 0.757844 1.670208 1.732169 2.177215 2.307517 4.243765 4.241181 1.553034 1.414763 1.488584 1.459238 1.869024 1.869024 2.796842 1.250260 1.383392 1.406646 1.893251 2.074012 2.074012 5.060932 1.269518 1.137894 1.517825 1.517825 1.300078 1.892735 2.048880 2.430915 2.538436 2.566639 2.697461 1.611020 2.899040 3.951319 3.958117 6.268476 2.839734 3.954028 8.287456 1.124974 1.229780 1.336597 1.393366 1.434706 1.610183 1.732594 1.909163 3.091122 3.091122 3.031980 4.926490 4.467345 0.775027 0.778854 1.830168 0.627810 0.767323 1.273886 0.945233 1.010007 1.055836 1.186184 1.380986 0.682150 0.674760 1.242582 1.552860 1.450845 2.144547 1.855137 2.056828 3.473058 3.247212 4.110268 5.851884 1.849401 3.126788 5.163824 9.347916 9.376451 9.259118 9.491815 0.873576 0.861780 0.873576 0.861780 1.168842 1.494681 1.267674 0.971813 0.360303
12 8.174479 3.776731 3.776731 3.776731 2.934951 4.001375 5.668064 5.668064 7.275809 11.411326 0.226404 0.000000 2.069214 2.458137 0.390440 1.715948 1.070783 1.670187 1.231484 4.501408 1.569406 1.458606 2.607346 2.701820 0.462294 0.353212 0.393349 0.338411 0.335954 0.340229 3.879531 3.879531 2.445396 2.445396 2.998084 2.984596 1.359890 1.358721 1.457477 1.390191 1.441794 1.790112 1.789697 1.789697 1.325363 1.173294 1.614231 1.604010 0.494360 0.870065 1.237348 1.184392 1.503810 0.889247 1.173335 1.379428 0.869447 1.594199 1.594199 1.594199 1.594199 1.594199 1.590072 2.361454 2.563244 3.706547 1.263181 1.196570 1.373536 1.337212 1.562251 2.201599 1.161778 1.089331 1.085973 1.305927 0.807129 1.077727 1.111086 1.477127 0.357396 2.294255 4.247587 0.372236 0.432047 1.117466 1.167395 1.205661 2.802576 2.280622 3.314877 3.314877 1.205661 2.073440 3.253525 5.618738 5.269148 3.647744 2.859999 0.467591 0.786934 1.156813 2.710128 2.708576 0.813071 0.443411 1.003709 1.950282 1.946200 1.936497 1.939010 1.988581 0.836805 0.836805 1.011707 1.436301 1.447489 0.748976 1.666592 1.713912 2.175820 2.280721 4.252538 4.249100 1.574530 1.436356 1.486357 1.456967 1.830371 1.830371 2.811759 1.237053 1.328174 1.352378 1.838724 2.009874 2.009874 4.911880 1.265612 1.165555 1.476582 1.476582 1.305013 1.899679 2.036253 2.355371 2.492479 2.516475 2.636275 1.589345 2.914560 3.916025 3.922884 6.255461 2.782079 3.918759 8.245650 1.143526 1.234241 1.335241 1.401653 1.437682 1.652758 1.763965 1.930120 3.041821 3.041821 3.036847 4.875848 4.373655 0.811932 0.791693 1.755586 0.588913 0.735838 1.225896 0.927463 0.982735 0.988463 1.095954 1.303982 0.669731 0.638293 1.242106 1.503818 1.401506 2.115688 1.874104 2.033919 3.449837 3.252099 4.088004 5.793105 1.742161 3.046149 5.073577 9.248216 9.284082 9.124478 9.352195 0.864342 0.861924 0.864342 0.861924 1.144357 1.421831 1.242652 0.891790 0.444474
13 6.984003 3.034211 3.034211 3.034211 2.168879 2.923532 4.800274 4.800274 6.461319 10.531204 2.142343 2.069214 0.000000 0.858072 2.133938 2.128167 1.680359 2.126634 1.856083 3.167816 1.978437 1.827192 2.811885 2.813609 1.965116 1.927672 1.952672 1.921146 1.869450 1.882198 2.431145 2.431145 1.953253 1.953253 2.381943 2.381943 1.554453 1.475226 1.411592 1.504260 1.464884 1.595853 1.593523 1.593523 1.510625 1.471419 3.309424 3.334871 1.851778 1.554462 2.982467 3.030987 1.458793 1.727105 1.317513 1.317513 1.400569 3.304824 3.304824 3.304824 3.304824 3.304824 2.101006 1.158440 1.345227 2.055488 1.799673 1.777786 1.803519 1.546311 1.564662 2.124404 1.923880 2.152112 2.044187 2.028038 1.999439 1.909270 2.120176 1.826832 1.986986 2.786520 4.412309 2.009129 1.982269 1.695919 1.725783 1.550375 2.276131 1.975780 2.848256 2.848256 1.550375 1.947486 2.202378 4.750129 4.330986 3.262288 2.572134 2.431714 1.793990 1.299792 4.375585 4.365039 2.708266 2.115752 2.150965 3.676556 3.687567 3.601269 3.561154 3.639790 1.609642 1.609642 1.482324 1.472044 1.465858 1.759550 1.461711 1.302499 1.817804 1.410525 5.823042 5.814880 3.343073 1.668138 1.439328 1.408956 1.224066 1.224066 1.747965 1.640101 1.068341 1.098286 1.536451 1.458837 1.458837 5.042330 1.242407 1.609711 0.827062 0.827062 1.512012 1.485134 1.184755 0.902378 1.039923 1.043489 1.375646 1.415746 2.166960 2.839028 2.839616 5.044294 2.059876 2.839248 6.690739 1.749448 1.707680 1.661843 1.612855 1.603769 1.685001 1.719343 1.818482 2.580613 2.580613 1.753414 3.157608 2.979987 1.801651 1.752162 0.552029 1.836742 1.888984 1.887659 1.685976 1.749795 1.537299 1.315364 0.921088 1.732467 1.697840 1.487005 1.468542 1.318990 1.271643 1.704096 1.269421 2.422824 2.471817 3.056626 4.619873 1.284571 2.501190 4.558637 8.689498 8.704857 8.396146 8.504487 1.772363 1.757101 1.772363 1.757101 1.642980 0.879051 1.646104 1.882623 2.342868
14 7.087427 2.350468 2.350468 2.350468 1.700854 2.205543 4.149926 4.149926 5.673333 9.852403 2.505695 2.458137 0.858072 0.000000 2.611713 2.183837 2.165048 2.455962 2.274772 3.214881 2.237734 2.004025 2.966126 2.929862 2.325735 2.372413 2.307833 2.356843 2.248673 2.274368 2.729413 2.729413 2.023102 2.023102 2.006693 2.007285 2.062002 1.909035 1.651033 1.931560 1.773798 1.531263 1.528834 1.528834 1.685062 1.786106 3.630985 3.563433 2.154073 1.895178 3.202029 3.358637 1.489950 2.006955 1.794928 1.512106 1.735657 3.513347 3.513347 3.513347 3.513347 3.513347 2.526996 1.443164 1.270855 2.007602 2.295281 2.253342 2.176493 1.899570 1.785751 2.233087 2.374681 2.520471 2.428968 2.186758 2.354480 2.101636 2.575104 1.992658 2.369857 3.050735 4.428071 2.412803 2.341065 2.025787 2.050853 1.905606 1.770562 2.159567 2.463063 2.463063 1.905606 1.748854 1.783524 4.091928 3.596886 2.638162 2.191769 2.856261 2.228394 1.753116 4.620393 4.596630 3.043322 2.404416 2.220248 3.948177 3.974867 3.832680 3.795013 3.834217 1.960571 1.960571 1.723129 1.415974 1.409017 2.148501 1.547531 1.398127 1.599479 1.115124 6.018209 6.000578 3.628027 1.995910 1.674809 1.648781 1.138577 1.138577 1.118249 1.924900 1.468557 1.490483 1.469252 1.387885 1.387885 5.201274 1.515315 1.952287 1.195748 1.195748 1.741252 1.215217 0.818734 0.784393 0.590015 0.593786 1.078259 1.656558 1.699367 2.093230 2.093673 4.430418 1.603405 2.093386 6.240779 2.213103 2.151327 2.057092 1.889505 1.818564 1.743566 1.639903 1.603861 2.618209 2.618209 1.125166 2.688257 2.853152 2.234367 2.140724 1.040461 2.243090 2.286065 1.920356 2.115100 2.219626 1.965718 1.662315 1.270574 2.237642 2.184342 1.851614 1.772027 1.577774 0.938819 1.625189 1.159941 2.016890 1.833728 2.379147 4.202451 1.550169 2.045329 4.325343 8.569411 8.553809 7.941828 8.056280 2.201164 2.173584 2.201164 2.173584 1.929200 1.336954 1.861513 2.191503 2.661715
15 8.284293 4.004494 4.004494 4.004494 3.080201 4.234933 5.875789 5.875789 7.546005 11.648287 0.405626 0.390440 2.133938 2.611713 0.000000 1.887606 0.975595 1.664691 1.132093 4.620148 1.602843 1.500989 2.671605 2.763689 0.605182 0.255674 0.528423 0.300044 0.464770 0.457743 3.921224 3.921224 2.514660 2.514660 3.166148 3.155259 1.189160 1.243873 1.444310 1.278173 1.407381 1.888917 1.890097 1.890097 1.424434 1.203408 1.790554 1.840869 0.705818 0.932798 1.515778 1.363963 1.650963 0.926511 1.089923 1.454562 0.964979 1.861866 1.861866 1.861866 1.861866 1.861866 1.486970 2.458515 2.727593 3.862603 1.073159 1.029703 1.320347 1.309166 1.597653 2.271888 1.079505 1.126287 1.135974 1.506144 0.899254 1.304431 1.095018 1.615100 0.386084 2.384620 4.399184 0.312699 0.519713 1.053643 1.111817 1.198860 3.059566 2.388474 3.563301 3.563301 1.198860 2.190951 3.437853 5.824520 5.488054 3.856222 2.982115 0.515374 0.638698 1.118867 2.895855 2.901378 1.000497 0.643425 1.243123 2.134982 2.124391 2.162102 2.168849 2.223346 0.852481 0.852481 1.088180 1.634512 1.642096 0.705963 1.702101 1.761254 2.282556 2.407162 4.438793 4.441156 1.763459 1.338299 1.475466 1.445853 1.948750 1.948750 2.975412 1.213841 1.350567 1.374377 1.956861 2.132236 2.132236 4.963799 1.298866 1.089339 1.525520 1.525520 1.309055 2.043027 2.183386 2.493323 2.645945 2.668010 2.793545 1.605380 3.063441 4.151156 4.156736 6.470135 2.975192 4.153378 8.443133 0.951405 1.068383 1.208244 1.346766 1.420037 1.673580 1.838938 2.048497 3.097385 3.097385 3.196521 5.063438 4.509898 0.652390 0.710971 1.881247 0.536960 0.694958 1.444616 0.816110 0.830077 0.945965 1.165642 1.410598 0.489635 0.510616 1.184565 1.519472 1.449166 2.262917 1.960130 2.142665 3.608737 3.441963 4.305843 5.982924 1.829884 3.263242 5.232820 9.369719 9.411482 9.370416 9.600416 0.738924 0.746187 0.738924 0.746187 1.140246 1.459271 1.277418 1.180271 0.683976
16 7.584672 2.649255 2.649255 2.649255 2.351286 2.983938 4.895300 4.895300 6.239293 10.581652 1.837616 1.715948 2.128167 2.183837 1.887606 0.000000 1.384543 1.061596 1.377862 4.061057 0.906938 1.197083 1.603864 1.696511 1.320411 1.760821 1.465723 1.705162 1.544652 1.520372 3.705460 3.705460 1.697144 1.697144 2.002043 1.993727 1.779082 1.649028 1.505557 1.595706 1.400613 1.275162 1.243883 1.243883 0.930067 1.102616 2.989123 2.836046 1.403371 1.248035 2.408446 2.601619 1.292324 1.419941 1.696108 1.393371 1.475804 2.678150 2.678150 2.678150 2.678150 2.678150 1.512494 1.894409 1.766673 3.255928 1.602855 1.520404 1.148378 1.282890 1.001521 1.246613 1.250041 1.252702 1.261418 0.687895 1.186955 0.760296 1.433207 0.587591 1.659390 1.673151 3.131237 1.797625 1.531488 1.510012 1.452529 1.304292 1.761799 1.485418 1.899847 1.899847 1.304292 1.340782 2.416932 4.903416 4.612513 2.550633 2.218236 2.133239 1.651263 1.481002 3.895538 3.882714 2.330958 1.848464 1.870009 3.234398 3.231938 3.143119 3.147764 3.081460 1.508298 1.508298 1.363846 1.227479 1.228535 1.451367 1.455424 1.407250 1.424599 1.616741 5.346619 5.326766 2.940274 1.600156 1.419470 1.479158 1.425455 1.425455 2.528892 1.312790 1.440152 1.417448 0.985659 1.139899 1.139899 3.890608 1.524303 1.608774 1.616025 1.616025 1.413488 1.549137 1.710639 1.951899 2.115322 2.093043 2.067736 1.399018 2.339773 2.988256 2.992287 5.600756 1.639340 2.989854 7.837267 1.770616 1.687408 1.604796 1.495715 1.405031 1.624435 1.512631 1.473479 2.325312 2.325312 2.735652 4.587083 3.780125 1.726488 1.558313 2.094586 1.487660 1.420736 1.050991 1.535198 1.528502 1.344301 1.157348 1.412067 1.775313 1.665329 1.500299 1.278826 1.177681 1.534761 1.470365 1.590252 2.830603 2.451846 3.212875 4.968747 1.178533 1.686089 3.849248 8.217230 8.257576 7.670163 7.949509 1.583440 1.582122 1.583440 1.582122 1.272879 1.484610 1.125687 2.030364 2.024727
17 7.725576 3.423154 3.423154 3.423154 2.479043 3.645369 5.322878 5.322878 7.060095 11.129066 1.145694 1.070783 1.680359 2.165048 0.975595 1.384543 0.000000 0.858821 0.292828 4.037054 0.835174 0.823642 2.010760 2.077339 0.849478 0.875057 0.907182 0.881940 0.875255 0.861749 3.325209 3.325209 1.679607 1.679607 2.469181 2.464033 0.760021 0.768592 0.977205 0.646313 0.807184 1.396797 1.386649 1.386649 0.893644 0.575282 2.575913 2.595957 0.981510 0.739395 2.236858 2.178065 1.380511 0.882718 0.759874 1.130877 0.897054 2.573939 2.573939 2.573939 2.573939 2.573939 0.675008 1.850449 2.143196 3.383769 0.444755 0.399464 0.531404 0.526467 0.822291 1.561638 0.432151 0.720812 0.695016 1.098382 0.816128 1.145386 0.700154 1.146673 0.849659 1.974329 3.972991 0.945573 0.787079 0.605437 0.545300 0.646029 2.704641 1.796084 3.088559 3.088559 0.646029 1.596359 2.795998 5.292552 5.024231 3.333091 2.417934 1.416573 0.645466 0.714881 3.666015 3.666307 1.819390 1.226804 1.549305 2.911604 2.909006 2.910350 2.908677 2.885461 0.605544 0.605544 0.852131 1.391586 1.390759 0.508160 1.244930 1.176680 1.634872 1.738801 5.204724 5.204022 2.582110 0.747531 0.868141 0.962644 1.500547 1.500547 2.563950 0.768547 0.841153 0.801659 1.346699 1.422874 1.422874 4.404803 0.946759 0.761622 1.075957 1.075957 0.903770 1.648858 1.753475 1.936733 2.100573 2.099989 2.151624 0.860667 2.470306 3.594972 3.597643 5.926963 2.317481 3.596028 7.970214 0.693399 0.686546 0.762333 0.866967 0.947509 1.248697 1.423691 1.651778 2.282849 2.282849 2.719129 4.653277 3.846486 0.718428 0.688480 1.636143 0.678363 0.515302 1.358977 0.628641 0.342236 0.491136 0.716936 0.980047 0.703628 0.649900 0.571165 0.668124 0.711353 1.673122 1.355215 1.470106 2.958296 2.874456 3.728086 5.333850 1.034719 2.710559 4.516796 8.666763 8.704841 8.759824 8.988111 0.695704 0.692408 0.695704 0.692408 0.782343 0.926708 0.749450 1.657556 1.489002
18 7.440614 3.147920 3.147920 3.147920 2.418123 3.433608 5.080018 5.080018 6.776102 10.811198 1.772428 1.670187 2.126634 2.455962 1.664691 1.061596 0.858821 0.000000 0.740792 3.896105 0.405032 0.870888 1.329683 1.420572 1.362032 1.602847 1.503327 1.592784 1.528674 1.504136 3.372315 3.372315 1.352102 1.352102 2.156970 2.152399 1.475523 1.432773 1.497755 1.272913 1.295671 1.621458 1.596975 1.596975 1.168524 1.035938 2.998818 2.970299 1.550034 1.337094 2.622285 2.622911 1.756389 1.498820 1.520459 1.631727 1.562705 2.901269 2.901269 2.901269 2.901269 2.901269 0.597856 1.899375 2.103810 3.450500 1.108400 1.075711 0.696999 0.901579 0.873137 1.146022 0.725607 0.718348 0.733443 0.930997 1.116044 1.272951 0.801274 1.088434 1.506688 1.515331 3.370498 1.648331 1.375857 1.227339 1.098318 1.089460 2.662859 1.528146 2.756138 2.756138 1.089460 1.556708 2.640963 5.088338 4.915390 3.064556 2.287853 2.012637 1.413308 1.399408 3.985286 3.982855 2.318511 1.828180 2.016278 3.278723 3.276297 3.263458 3.267932 3.163359 1.282548 1.282548 1.434044 1.731359 1.729666 1.215085 1.641819 1.515962 1.608565 1.780969 5.479000 5.474330 3.009205 1.278486 1.316032 1.471215 1.815083 1.815083 2.767291 1.286382 1.416121 1.345645 1.405208 1.383176 1.383176 3.705559 1.552413 1.425349 1.630683 1.630683 1.430223 1.924762 2.050805 2.137846 2.288026 2.263712 2.160329 1.149880 2.410791 3.440803 3.443077 5.765107 2.079514 3.441700 7.954698 1.446102 1.384514 1.385303 1.379263 1.400294 1.620340 1.708152 1.855772 1.848500 1.848500 2.887356 4.814603 3.685818 1.498820 1.419699 2.148841 1.372914 1.140603 1.644811 1.369817 1.129095 1.151829 1.225577 1.468509 1.524574 1.451435 1.190771 0.857125 1.033067 1.797832 1.471931 1.585846 2.804065 2.758857 3.562205 5.049562 0.978815 2.455357 3.925226 8.046105 8.087304 8.145493 8.409064 1.435503 1.434049 1.435503 1.434049 1.312222 1.460153 1.113916 2.226178 2.071229
19 7.830566 3.352658 3.352658 3.352658 2.390724 3.622234 5.225712 5.225712 6.987130 11.029504 1.274558 1.231484 1.856083 2.274772 1.132093 1.377862 0.292828 0.740792 0.000000 4.128529 0.729659 0.668745 1.920618 1.971444 1.001122 1.042909 1.055137 1.056424 1.040221 1.035328 3.437565 3.437565 1.591142 1.591142 2.375961 2.371812 0.862593 0.849943 1.011443 0.680356 0.834691 1.390188 1.378914 1.378914 0.944345 0.651258 2.711284 2.710311 1.131084 0.898492 2.360332 2.306456 1.478318 0.973997 0.915770 1.241012 1.069700 2.695036 2.695036 2.695036 2.695036 2.695036 0.496433 1.989306 2.264170 3.550549 0.475367 0.445441 0.481980 0.506243 0.786796 1.498884 0.483545 0.702368 0.717799 1.112938 0.925247 1.258880 0.747682 1.207086 0.966831 1.986382 3.966475 1.075245 0.884950 0.575610 0.461439 0.710578 2.763403 1.856377 3.124007 3.124007 0.710578 1.479530 2.792925 5.197314 4.958819 3.215870 2.258874 1.560762 0.761131 0.891615 3.779414 3.777544 1.944787 1.325263 1.588854 3.024126 3.026755 3.029356 3.034175 2.971835 0.685489 0.685489 0.940109 1.475013 1.473026 0.605462 1.266140 1.194266 1.533999 1.713920 5.314906 5.314218 2.707017 0.677859 0.855732 0.995890 1.572446 1.572446 2.575878 0.796111 0.992176 0.936099 1.342173 1.414042 1.414042 4.346237 1.046223 0.797496 1.219201 1.219201 0.934271 1.659035 1.803744 2.046856 2.173460 2.169887 2.189978 0.822939 2.383307 3.576233 3.578420 5.893890 2.276993 3.577095 8.024843 0.762676 0.739144 0.797624 0.858577 0.939838 1.190631 1.373045 1.608331 2.156025 2.156025 2.734674 4.761592 3.894546 0.828020 0.798459 1.843168 0.825480 0.597510 1.429615 0.760114 0.451977 0.651495 0.880423 1.147547 0.893881 0.848737 0.581421 0.618530 0.731210 1.680731 1.251632 1.450934 2.908203 2.798262 3.688502 5.311599 1.085389 2.700434 4.431482 8.584492 8.615556 8.733825 8.980144 0.826554 0.814077 0.826554 0.814077 0.842368 1.098276 0.731597 1.873028 1.623322
20 4.110757 3.861753 3.861753 3.861753 3.517591 3.355358 4.486696 4.486696 6.343454 9.317353 4.625386 4.501408 3.167816 3.214881 4.620148 4.061057 4.037054 3.896105 4.128529 0.000000 3.851999 3.951568 3.588074 3.551385 4.427276 4.499932 4.527670 4.513391 4.452731 4.450923 1.963766 1.963766 3.318385 3.318385 3.503031 3.501336 4.337469 4.277197 4.229108 4.216085 4.223012 4.264352 4.243908 4.243908 4.094247 4.058396 5.162529 5.250898 4.460110 4.264195 5.087949 5.095806 4.268710 4.505924 4.185039 4.226735 4.213372 5.226605 5.226605 5.226605 5.226605 5.226605 4.076516 2.540314 2.696587 1.920273 4.333136 4.326587 4.033596 3.884608 3.812425 3.493208 4.101847 4.062062 3.935099 3.976660 4.176858 4.124796 3.991793 3.945186 4.496746 3.616939 4.197900 4.571779 4.428323 4.293939 4.231347 3.935718 4.152679 3.042052 3.809875 3.809875 3.935718 4.147422 3.197053 4.580303 4.426632 4.548135 4.158064 4.797793 4.446551 4.132548 5.933653 5.919070 4.904919 4.592450 4.540346 5.430676 5.456088 5.357320 5.295148 5.261412 4.156524 4.156524 4.210783 4.158569 4.157276 4.329543 4.290492 4.055395 4.014469 3.542782 7.051363 7.047735 5.298327 4.298600 4.146368 4.208492 4.009419 4.009419 3.508879 4.380629 3.923201 3.892764 3.973920 3.677816 3.677816 4.442979 4.113757 4.332966 3.754751 3.754751 4.280782 4.085844 3.796645 3.175332 3.090053 3.039353 2.846257 3.886016 3.514087 3.476031 3.477578 4.063364 3.536365 3.476637 5.017660 4.457762 4.413570 4.410711 4.318320 4.325083 4.262867 4.297012 4.357800 3.237505 3.237505 3.205298 2.919145 2.013366 4.505924 4.458939 3.274965 4.450566 4.369652 4.479673 4.422158 4.310682 4.101175 3.951197 3.605007 4.385746 4.338987 4.091688 3.712772 3.793948 3.568252 4.015911 3.454776 2.819935 3.759585 3.675247 3.634654 3.186582 4.085394 4.310578 7.125803 7.088213 6.812869 6.726547 4.521643 4.504576 4.521643 4.504576 4.374187 3.734018 4.176090 4.275624 4.780645
21 7.504674 2.942581 2.942581 2.942581 2.213747 3.246390 4.918560 4.918560 6.610087 10.673903 1.661357 1.569406 1.978437 2.237734 1.602843 0.906938 0.835174 0.405032 0.729659 3.851999 0.000000 0.620594 1.259696 1.315759 1.237668 1.507025 1.385565 1.501251 1.407784 1.393277 3.450940 3.450940 1.429144 1.429144 2.078877 2.074133 1.371407 1.285475 1.278635 1.180223 1.172770 1.428912 1.401069 1.401069 0.993017 0.877379 2.953504 2.898842 1.410894 1.172961 2.545837 2.572052 1.567332 1.330441 1.382534 1.452637 1.402020 2.835342 2.835342 2.835342 2.835342 2.835342 0.827032 1.731839 1.914593 3.338503 1.075339 1.032453 0.508358 0.673417 0.571857 0.863739 0.659781 0.773162 0.787206 0.881774 0.930742 1.072064 0.917724 0.814203 1.405425 1.438349 3.289132 1.534470 1.290582 1.070984 0.966155 0.809046 2.454892 1.314104 2.555773 2.555773 0.809046 1.353358 2.598072 4.927152 4.674896 2.853224 2.070659 1.958541 1.278688 1.258712 3.948925 3.940984 2.245821 1.676268 1.786916 3.225930 3.233438 3.201525 3.206085 3.106040 1.133832 1.133832 1.203379 1.495746 1.493786 1.117610 1.418173 1.336713 1.412699 1.606266 5.442440 5.435992 2.938883 1.129235 1.138680 1.247443 1.591910 1.591910 2.470973 1.124676 1.271031 1.227756 1.177826 1.259111 1.259111 3.741754 1.342246 1.224440 1.432050 1.432050 1.198824 1.637196 1.783678 2.038643 2.134665 2.108584 2.061134 1.070699 2.205735 3.253999 3.256403 5.623353 1.937432 3.254947 7.852570 1.322049 1.246789 1.232344 1.154125 1.162955 1.324082 1.403382 1.555505 1.960163 1.960163 2.654083 4.662161 3.722709 1.372612 1.270887 2.002288 1.244549 1.106573 1.441190 1.241132 1.072322 0.962453 1.012745 1.244250 1.430150 1.344868 1.028873 0.772548 0.847577 1.570804 1.284839 1.413909 2.694840 2.551991 3.432887 5.062762 0.834113 2.323143 4.062726 8.251504 8.275751 8.052113 8.318643 1.325773 1.311680 1.325773 1.311680 1.116038 1.319911 0.847912 2.111250 1.950151
22 7.771492 2.773496 2.773496 2.773496 1.827538 3.093953 4.638528 4.638528 6.408099 10.441500 1.475416 1.458606 1.827192 2.004025 1.500989 1.197083 0.823642 0.870888 0.668745 3.951568 0.620594 0.000000 1.715412 1.707644 1.223164 1.351439 1.281661 1.365720 1.269986 1.289428 3.470434 3.470434 1.381622 1.381622 1.908804 1.903637 1.214194 1.085217 0.975849 0.958215 0.952095 1.170835 1.152276 1.152276 0.879085 0.742063 2.864421 2.790568 1.275153 1.057484 2.449758 2.480739 1.388508 1.092761 1.153087 1.240988 1.178861 2.773732 2.773732 2.773732 2.773732 2.773732 0.918891 1.869255 2.042598 3.413523 1.007291 0.962133 0.679424 0.514346 0.567744 1.176426 0.891396 0.921462 0.933277 1.020779 1.058199 1.223051 1.101531 1.084969 1.209681 1.923351 3.765508 1.330369 1.107490 0.703004 0.593318 0.708024 2.431904 1.671111 2.762751 2.762751 0.708024 0.991445 2.460849 4.616828 4.346598 2.624678 1.651317 1.845675 1.075812 1.119154 3.882934 3.867886 2.114923 1.406655 1.392937 3.133760 3.158044 3.109336 3.114031 2.999115 0.795477 0.795477 0.895084 1.265702 1.263385 0.899991 1.139628 1.053575 1.071030 1.315855 5.386297 5.379918 2.833820 0.788911 0.806007 0.953503 1.378015 1.378015 2.081067 0.911962 1.087334 1.036418 1.053010 1.143205 1.143205 4.244883 1.023541 0.900433 1.184830 1.184830 0.888950 1.271893 1.455612 1.895302 1.888241 1.877804 1.882122 0.755521 1.817825 3.055578 3.058138 5.380131 1.828905 3.056588 7.661666 1.110404 1.054747 1.039039 0.868042 0.881408 0.866120 0.986052 1.195097 1.922383 1.922383 2.279896 4.461077 3.704533 1.139890 1.051058 1.823878 1.117950 0.961984 1.314101 1.081645 0.939969 0.879031 0.936952 1.072837 1.264567 1.198038 0.690761 0.551156 0.597402 1.272325 0.808473 1.069897 2.446800 2.227907 3.201142 4.966393 0.913116 2.344939 4.187504 8.424499 8.422914 8.309925 8.568439 1.170166 1.130792 1.170166 1.130792 0.940042 1.174863 0.597876 1.978476 1.774806
23 6.959120 3.075519 3.075519 3.075519 2.683229 3.367355 4.877637 4.877637 6.583246 10.398629 2.724526 2.607346 2.811885 2.966126 2.671605 1.603864 2.010760 1.329683 1.920618 3.588074 1.259696 1.715412 0.000000 0.242691 2.311024 2.624804 2.507193 2.626984 2.532669 2.511172 3.737536 3.737536 1.993522 1.993522 2.447195 2.443166 2.530882 2.455890 2.431634 2.384401 2.381948 2.498981 2.463933 2.463933 2.150388 2.098103 3.678285 3.628263 2.535264 2.351028 3.363407 3.384018 2.653924 2.537778 2.564332 2.605041 2.576025 3.549452 3.549452 3.549452 3.549452 3.549452 1.838663 2.034028 2.194394 3.506465 2.246813 2.226934 1.656210 1.818510 1.646393 0.859761 1.731039 1.725096 1.731436 1.780127 1.860891 1.948833 1.810713 1.613839 2.530732 0.864569 2.233975 2.648787 2.421342 2.288545 2.188683 1.870669 2.985341 1.158656 2.486497 2.486497 1.870669 2.241689 3.052071 4.963582 4.749841 3.114822 2.566451 2.947361 2.451748 2.433768 4.516863 4.506969 3.134506 2.731769 2.763671 3.881577 3.894520 3.861886 3.865667 3.706469 2.318622 2.318622 2.372953 2.536086 2.534930 2.333740 2.527873 2.446236 2.278005 2.402848 5.876947 5.871101 3.681963 2.316377 2.322255 2.395599 2.593965 2.593965 3.046050 2.347613 2.421138 2.389670 2.131607 2.147575 2.147575 2.534892 2.503968 2.402361 2.496708 2.496708 2.370646 2.580923 2.676240 2.826168 2.859062 2.805934 2.640977 2.218696 2.676622 3.485647 3.487892 5.587595 2.393872 3.486532 7.875479 2.493497 2.415649 2.408832 2.306852 2.311914 2.352011 2.398768 2.491997 2.165322 2.165322 3.205839 4.998068 3.836226 2.558425 2.467641 2.878731 2.406180 2.309879 2.487583 2.443666 2.281687 2.109247 2.134035 2.250532 2.581151 2.497368 2.226817 1.899719 2.002552 2.397399 2.284547 2.277473 2.937175 2.970419 3.732844 5.073415 1.616239 2.737809 3.907095 7.795808 7.807793 7.197833 7.494804 2.530965 2.518313 2.530965 2.518313 2.311901 2.407957 2.024176 3.068114 2.949752
24 6.977754 2.965973 2.965973 2.965973 2.556931 3.267158 4.718978 4.718978 6.466571 10.242027 2.805793 2.701820 2.813609 2.929862 2.763689 1.696511 2.077339 1.420572 1.971444 3.551385 1.315759 1.707644 0.242691 0.000000 2.409383 2.704229 2.595502 2.711394 2.614894 2.599346 3.744107 3.744107 1.976811 1.976811 2.376618 2.374120 2.562335 2.477531 2.431614 2.406686 2.404255 2.498963 2.463913 2.463913 2.193672 2.142444 3.799049 3.743679 2.617408 2.415182 3.481591 3.503460 2.690390 2.587265 2.596403 2.636617 2.628518 3.676842 3.676842 3.676842 3.676842 3.676842 1.900796 2.040013 2.199942 3.509940 2.296433 2.280210 1.704009 1.833230 1.653781 0.810376 1.818007 1.830922 1.836897 1.882863 1.959397 2.053121 1.927837 1.692132 2.604900 1.048336 2.311314 2.719738 2.498759 2.307695 2.208700 1.894049 3.000047 1.196037 2.504134 2.504134 1.894049 2.195041 3.017976 4.808065 4.587083 3.006219 2.433497 3.051441 2.503524 2.479068 4.646392 4.633824 3.239624 2.793767 2.786885 4.000699 4.019750 3.981597 3.985265 3.817068 2.355259 2.355259 2.399601 2.561993 2.559893 2.392581 2.523009 2.441209 2.223327 2.351075 6.007469 6.001750 3.797722 2.316357 2.322235 2.395580 2.593947 2.593947 2.938904 2.380548 2.453086 2.422033 2.131585 2.147553 2.147553 2.585053 2.516625 2.415550 2.504910 2.504910 2.379283 2.543978 2.637846 2.827883 2.823156 2.767571 2.604320 2.223524 2.552108 3.390971 3.392556 5.450992 2.348372 3.391592 7.778653 2.526855 2.444466 2.432100 2.308104 2.313164 2.307382 2.355026 2.449920 2.112594 2.112594 3.102321 4.932309 3.806713 2.607520 2.518507 2.904110 2.478795 2.385428 2.547674 2.497622 2.339381 2.159487 2.183705 2.274312 2.647126 2.565498 2.238854 1.913814 2.015929 2.352799 2.241633 2.232012 2.827463 2.856332 3.642714 5.007472 1.636078 2.737792 3.907083 7.795802 7.794089 7.151780 7.450587 2.592044 2.574508 2.592044 2.574508 2.350341 2.439676 2.042211 3.161206 3.037893
25 8.082654 3.551366 3.551366 3.551366 2.798652 3.808966 5.570224 5.570224 7.118196 11.336276 0.600131 0.462294 1.965116 2.325735 0.605182 1.320411 0.849478 1.362032 1.001122 4.427276 1.237668 1.223164 2.311024 2.409383 0.000000 0.506877 0.233700 0.443870 0.315822 0.267698 3.839902 3.839902 2.240886 2.240886 2.792041 2.780968 1.158301 1.128370 1.206850 1.166072 1.166072 1.498155 1.491691 1.491691 0.984064 0.857062 2.002602 1.949263 0.348805 0.561633 1.534773 1.562027 1.240309 0.665051 1.019164 1.128061 0.729970 1.882346 1.882346 1.882346 1.882346 1.882346 1.382549 2.156854 2.313762 3.582378 1.030021 0.946658 1.032622 1.071119 1.221983 1.876906 0.854684 0.924016 0.935799 1.035862 0.513631 0.713697 0.991410 1.067601 0.484569 2.057054 3.964227 0.563783 0.470664 0.940176 0.980984 0.937022 2.524422 1.997444 2.983306 2.983306 0.937022 1.816411 3.086871 5.533579 5.178244 3.410910 2.689825 0.883054 0.666040 0.917933 3.059855 3.057641 1.219486 0.733560 1.142530 2.317820 2.308972 2.286609 2.292989 2.322384 0.759041 0.759041 0.804056 1.201857 1.210312 0.596953 1.386413 1.450249 1.916648 2.063470 4.593540 4.586376 1.948778 1.218486 1.234368 1.198815 1.565343 1.565343 2.712804 0.934413 1.106232 1.135178 1.498033 1.720822 1.720822 4.640327 1.078394 0.980797 1.308152 1.308152 1.047698 1.682791 1.847065 2.197876 2.365993 2.378803 2.494228 1.376923 2.781956 3.742782 3.748376 6.195038 2.522577 3.745008 8.245333 0.985083 1.023432 1.080465 1.136534 1.149321 1.445062 1.523820 1.670233 2.879967 2.879967 2.959877 4.846394 4.283177 0.727996 0.623516 1.744434 0.385916 0.586149 0.937321 0.702930 0.786918 0.710400 0.788380 1.125986 0.668463 0.577499 1.047967 1.280640 1.142541 1.901427 1.671798 1.854419 3.347268 3.081438 3.936298 5.689371 1.493507 2.727213 4.853131 9.095337 9.137419 8.841972 9.085360 0.664528 0.671004 0.664528 0.671004 0.820770 1.216484 0.924617 1.130428 0.833952
26 8.212018 3.790065 3.790065 3.790065 2.867293 4.013076 5.675703 5.675703 7.329770 11.458270 0.359689 0.353212 1.927672 2.372413 0.255674 1.760821 0.875057 1.602847 1.042909 4.499932 1.507025 1.351439 2.624804 2.704229 0.506877 0.000000 0.380013 0.108093 0.267788 0.289000 3.798257 3.798257 2.363809 2.363809 2.973269 2.962874 1.045292 1.068746 1.228014 1.108479 1.209359 1.662423 1.664657 1.664657 1.219626 1.009870 1.895655 1.912851 0.518652 0.723582 1.556234 1.470406 1.419987 0.709785 0.887950 1.220627 0.718638 1.922605 1.922605 1.922605 1.922605 1.922605 1.438914 2.305200 2.546188 3.694773 0.982597 0.926916 1.217670 1.157434 1.432909 2.161880 1.033512 1.106192 1.102886 1.392750 0.849328 1.181442 1.105714 1.481162 0.239893 2.383140 4.375954 0.169159 0.395276 0.875988 0.948302 1.047438 2.848110 2.288169 3.398382 3.398382 1.047438 1.984278 3.230276 5.620731 5.271274 3.650814 2.789248 0.650518 0.484411 0.917250 3.007078 3.007502 1.087681 0.536406 1.089144 2.241561 2.238011 2.244277 2.246446 2.297149 0.648545 0.648545 0.851351 1.396941 1.404223 0.530407 1.476732 1.532847 2.068202 2.178292 4.550966 4.550164 1.861955 1.169672 1.265685 1.231037 1.708311 1.708311 2.740391 1.020623 1.129344 1.157713 1.743036 1.922723 1.922723 4.975660 1.059239 0.899382 1.293321 1.293321 1.093363 1.798940 1.933425 2.270995 2.412902 2.436472 2.580588 1.410238 2.850999 3.923122 3.928459 6.265225 2.763914 3.925246 8.247585 0.822324 0.930172 1.049821 1.159987 1.221356 1.468465 1.619889 1.823599 2.974697 2.974697 2.963084 4.848369 4.347455 0.490654 0.519586 1.679844 0.368024 0.574527 1.250367 0.646034 0.711238 0.783910 0.962422 1.190206 0.334640 0.332602 0.998110 1.352800 1.248528 2.025456 1.748702 1.921482 3.413410 3.217426 4.082012 5.801192 1.667549 3.062064 5.105911 9.290990 9.326692 9.238255 9.463235 0.577831 0.574207 0.577831 0.574207 0.946430 1.243410 1.089153 1.074731 0.685296
27 8.212869 3.590130 3.590130 3.590130 2.797112 3.845133 5.582781 5.582781 7.128027 11.355551 0.470593 0.393349 1.952672 2.307833 0.528423 1.465723 0.907182 1.503327 1.055137 4.527670 1.385565 1.281661 2.507193 2.595502 0.233700 0.380013 0.000000 0.298133 0.151361 0.130562 3.872124 3.872124 2.290778 2.290778 2.824321 2.813375 1.116778 1.089973 1.163706 1.128959 1.128959 1.463623 1.463115 1.463115 1.004036 0.879922 1.965253 1.908688 0.211734 0.540481 1.486445 1.515292 1.190591 0.550994 0.948682 1.064811 0.627819 1.858206 1.858206 1.858206 1.858206 1.858206 1.449902 2.266822 2.416600 3.649643 1.038118 0.955462 1.148956 1.137887 1.315271 2.042191 0.998498 1.054308 1.064649 1.153589 0.722202 0.879596 1.118258 1.233862 0.363029 2.280106 4.187941 0.423265 0.392668 0.894145 0.955812 1.021441 2.556959 2.182131 3.109988 3.109988 1.021441 1.813219 3.096538 5.533337 5.177986 3.430513 2.688223 0.799189 0.598692 0.885216 3.035543 3.032589 1.155238 0.603716 1.047636 2.287704 2.280570 2.256077 2.262543 2.304134 0.701220 0.701220 0.749715 1.166201 1.174913 0.537602 1.342396 1.414548 1.913623 2.060661 4.574953 4.567760 1.904553 1.183331 1.199679 1.163067 1.538136 1.538136 2.691402 0.897658 1.075366 1.105121 1.529076 1.747913 1.747913 4.863145 1.012412 0.927194 1.275471 1.275471 1.006597 1.647166 1.814668 2.186757 2.348399 2.368847 2.506182 1.359104 2.780407 3.760655 3.766222 6.206331 2.562400 3.762871 8.245171 0.931327 0.989988 1.048842 1.114880 1.127912 1.416070 1.496355 1.645214 2.939291 2.939291 2.934200 4.830755 4.323289 0.625523 0.534560 1.714869 0.328296 0.549926 0.920280 0.645970 0.771964 0.761614 0.834823 1.143807 0.578212 0.506628 1.024442 1.316818 1.167771 1.898378 1.646802 1.851293 3.367240 3.080040 3.935203 5.713648 1.593305 2.776701 4.928398 9.186353 9.226167 9.001463 9.240651 0.577371 0.581147 0.577371 0.581147 0.801254 1.203403 0.955618 1.054434 0.721870
28 8.208636 3.767480 3.767480 3.767480 2.878283 3.991753 5.684759 5.684759 7.304845 11.466225 0.378330 0.338411 1.921146 2.356843 0.300044 1.705162 0.881940 1.592784 1.056424 4.513391 1.501251 1.365720 2.626984 2.711394 0.443870 0.108093 0.298133 0.000000 0.198877 0.206418 3.802192 3.802192 2.355299 2.355299 2.955751 2.945293 1.050670 1.068345 1.217744 1.108092 1.184583 1.619142 1.621436 1.621436 1.170350 0.980063 1.904452 1.908803 0.439317 0.669007 1.530192 1.471402 1.356516 0.666695 0.887467 1.171393 0.676112 1.900436 1.900436 1.900436 1.900436 1.900436 1.448023 2.299746 2.518143 3.675502 0.991485 0.928495 1.217318 1.171747 1.424118 2.163979 1.034928 1.108822 1.105523 1.346867 0.839798 1.121147 1.114158 1.438103 0.267032 2.382960 4.355771 0.238718 0.394191 0.894815 0.965720 1.063234 2.781344 2.282674 3.342625 3.342625 1.063234 1.965634 3.200645 5.629876 5.281024 3.627363 2.800544 0.665115 0.512860 0.891389 3.010234 3.010898 1.097036 0.566631 1.108832 2.251129 2.243878 2.244086 2.246255 2.304394 0.673758 0.673758 0.836470 1.345145 1.352705 0.529599 1.448159 1.505340 2.050322 2.161323 4.554816 4.552409 1.867436 1.183838 1.255723 1.220792 1.666222 1.666222 2.751888 0.991140 1.102772 1.131806 1.701807 1.885427 1.885427 4.973897 1.047315 0.917729 1.283574 1.283574 1.081816 1.778355 1.914286 2.239506 2.397594 2.421313 2.566280 1.401305 2.862051 3.901308 3.906675 6.273430 2.729225 3.903444 8.253819 0.848058 0.945300 1.049413 1.161757 1.211030 1.483126 1.615196 1.803296 2.981961 2.981961 2.973720 4.842821 4.338978 0.518761 0.518761 1.672351 0.343362 0.559050 1.177791 0.632310 0.719405 0.783364 0.931098 1.179607 0.371863 0.349726 1.014673 1.354319 1.238428 2.007196 1.744356 1.917527 3.422647 3.209059 4.061052 5.786463 1.660000 3.000063 5.068971 9.270741 9.310194 9.203641 9.429447 0.554793 0.558722 0.554793 0.558722 0.914558 1.219325 1.077560 1.038771 0.684671
29 8.160283 3.598413 3.598413 3.598413 2.757168 3.832592 5.549558 5.549558 7.134883 11.326194 0.403969 0.335954 1.869450 2.248673 0.464770 1.544652 0.875255 1.528674 1.040221 4.452731 1.407784 1.269986 2.532669 2.614894 0.315822 0.267788 0.151361 0.198877 0.000000 0.076575 3.787664 3.787664 2.272143 2.272143 2.820544 2.809584 1.076289 1.055628 1.142270 1.095836 1.122191 1.486498 1.486998 1.486998 1.033080 0.880325 1.934515 1.900283 0.256444 0.549993 1.497469 1.498565 1.214200 0.564268 0.882285 1.062622 0.575365 1.870594 1.870594 1.870594 1.870594 1.870594 1.443929 2.216860 2.394338 3.591814 1.019521 0.943004 1.158388 1.108390 1.317953 2.052992 1.007459 1.061436 1.057989 1.203394 0.747381 0.950899 1.106094 1.288650 0.281904 2.302309 4.237769 0.325994 0.349898 0.856470 0.923887 0.989978 2.601360 2.177404 3.162618 3.162618 0.989978 1.828047 3.076451 5.497652 5.139834 3.458324 2.675914 0.756317 0.542652 0.848439 3.024574 3.021370 1.125457 0.532589 1.003387 2.268501 2.264992 2.242042 2.244213 2.289777 0.621929 0.621929 0.718063 1.179628 1.188242 0.497511 1.344648 1.403928 1.918817 2.036996 4.565598 4.559993 1.885849 1.155127 1.180158 1.142921 1.535709 1.535709 2.631736 0.912407 1.032587 1.063539 1.555245 1.754273 1.754273 4.898762 0.964699 0.883753 1.209750 1.209750 0.993106 1.635928 1.782753 2.141402 2.291349 2.313588 2.457650 1.329547 2.740220 3.744656 3.750247 6.151181 2.573231 3.746881 8.164203 0.886466 0.958691 1.033590 1.100989 1.127224 1.391155 1.492512 1.659427 2.912905 2.912905 2.864970 4.752277 4.264485 0.564268 0.498044 1.618221 0.309322 0.538813 0.995792 0.624093 0.740159 0.730155 0.818229 1.079712 0.477008 0.412844 0.974943 1.284173 1.141080 1.872664 1.631414 1.808828 3.314273 3.062956 3.916881 5.677835 1.562275 2.827702 4.953319 9.191208 9.227296 9.037148 9.267011 0.563839 0.560125 0.563839 0.560125 0.821372 1.151082 0.964103 0.990729 0.686656
30 8.137666 3.623564 3.623564 3.623564 2.798426 3.856216 5.590420 5.590420 7.166712 11.366172 0.441206 0.340229 1.882198 2.274368 0.457743 1.520372 0.861749 1.504136 1.035328 4.450923 1.393277 1.289428 2.511172 2.599346 0.267698 0.289000 0.130562 0.206418 0.076575 0.000000 3.784581 3.784581 2.276859 2.276859 2.840161 2.829277 1.080197 1.066256 1.166845 1.106078 1.132195 1.505464 1.504970 1.504970 1.033920 0.881311 1.939100 1.909325 0.267632 0.547208 1.501930 1.501566 1.225879 0.591498 0.899944 1.077329 0.602093 1.870616 1.870616 1.870616 1.870616 1.870616 1.430452 2.207508 2.385682 3.586049 1.010774 0.933541 1.143643 1.115190 1.318049 2.043981 0.977542 1.041522 1.038010 1.185867 0.718820 0.921521 1.077900 1.264091 0.324028 2.268864 4.202747 0.371138 0.376837 0.887307 0.949418 0.996094 2.603694 2.156881 3.148524 3.148524 0.996094 1.856362 3.091437 5.541044 5.186221 3.487898 2.718405 0.758648 0.563047 0.850140 3.027508 3.025754 1.137174 0.593541 1.069494 2.275427 2.268254 2.249049 2.251213 2.301489 0.663754 0.663754 0.754578 1.202205 1.210658 0.516812 1.366675 1.423995 1.945811 2.062445 4.568826 4.563225 1.893651 1.178173 1.202725 1.166208 1.553119 1.553119 2.678262 0.923074 1.042023 1.072704 1.562954 1.761112 1.761112 4.861893 0.996663 0.915296 1.231775 1.231775 1.019820 1.672850 1.816693 2.152540 2.316571 2.337298 2.476383 1.347413 2.781729 3.771985 3.777536 6.188072 2.586535 3.774195 8.193485 0.900748 0.968848 1.043018 1.122499 1.148242 1.432316 1.530951 1.694083 2.920595 2.920595 2.908789 4.778821 4.269741 0.591498 0.523042 1.635661 0.309187 0.538736 1.002613 0.628774 0.738092 0.727266 0.815652 1.094869 0.489231 0.419886 0.999170 1.293499 1.154144 1.900314 1.666653 1.837439 3.345121 3.100147 3.946032 5.693808 1.558545 2.826695 4.944934 9.178273 9.218121 9.023497 9.253700 0.566724 0.570570 0.566724 0.570570 0.829628 1.156988 0.979531 1.001137 0.713383
31 5.122842 3.962824 3.962824 3.962824 3.271818 3.531322 4.888125 4.888125 6.716826 10.073262 3.984484 3.879531 2.431145 2.729413 3.921224 3.705460 3.325209 3.372315 3.437565 1.963766 3.450940 3.470434 3.737536 3.744107 3.839902 3.798257 3.872124 3.802192 3.787664 3.784581 0.000000 0.000000 2.604775 2.604775 3.117014 3.118347 3.532239 3.520289 3.551816 3.395198 3.424172 3.584267 3.576585 3.576585 3.442145 3.378898 4.672117 4.799834 3.810053 3.593751 4.569138 4.548105 3.582388 3.801949 3.393259 3.484709 3.488363 4.780491 4.780491 4.780491 4.780491 4.780491 3.320555 2.433339 2.649109 2.071405 3.556040 3.558274 3.509024 3.337496 3.352826 3.500963 3.550880 3.516714 3.381166 3.474786 3.772309 3.734976 3.394135 3.635906 3.819813 3.805516 5.032039 3.895096 3.752325 3.594658 3.528855 3.477328 3.891267 3.218756 4.056626 4.056626 3.477328 3.617541 2.581907 4.878378 4.878378 4.482050 3.896760 4.129337 3.752196 3.375646 5.571692 5.569065 4.333178 3.997657 4.078030 5.016522 5.020120 4.952982 4.891146 4.907410 3.475893 3.475893 3.592701 3.587270 3.584012 3.602337 3.618773 3.318654 3.463282 2.958221 6.835848 6.834651 4.832070 3.568565 3.419843 3.544064 3.378897 3.378897 3.377614 3.659499 3.148799 3.082860 3.437467 3.031854 3.031854 5.211594 3.418511 3.667299 3.061773 3.061773 3.636815 3.602406 3.297600 2.351797 2.445902 2.425765 2.235600 3.079858 3.272291 3.518297 3.518033 4.600995 3.184854 3.518179 5.529704 3.714243 3.688577 3.685014 3.684179 3.701512 3.762005 3.818912 3.905038 2.665430 2.665430 2.965986 2.934009 1.496859 3.774405 3.759302 2.565862 3.781550 3.614886 3.917945 3.689174 3.546510 3.502211 3.362152 3.045720 3.637193 3.618545 3.388556 3.022288 3.149812 3.060471 3.394804 2.846408 2.654621 3.568825 3.481984 3.537144 2.723175 3.755278 3.993276 7.119388 7.151026 8.100213 8.054393 3.763288 3.759191 3.763288 3.759191 3.715770 2.967538 3.626181 3.641658 4.184273
32 5.122842 3.962824 3.962824 3.962824 3.271818 3.531322 4.888125 4.888125 6.716826 10.073262 3.984484 3.879531 2.431145 2.729413 3.921224 3.705460 3.325209 3.372315 3.437565 1.963766 3.450940 3.470434 3.737536 3.744107 3.839902 3.798257 3.872124 3.802192 3.787664 3.784581 0.000000 0.000000 2.604775 2.604775 3.117014 3.118347 3.532239 3.520289 3.551816 3.395198 3.424172 3.584267 3.576585 3.576585 3.442145 3.378898 4.672117 4.799834 3.810053 3.593751 4.569138 4.548105 3.582388 3.801949 3.393259 3.484709 3.488363 4.780491 4.780491 4.780491 4.780491 4.780491 3.320555 2.433339 2.649109 2.071405 3.556040 3.558274 3.509024 3.337496 3.352826 3.500963 3.550880 3.516714 3.381166 3.474786 3.772309 3.734976 3.394135 3.635906 3.819813 3.805516 5.032039 3.895096 3.752325 3.594658 3.528855 3.477328 3.891267 3.218756 4.056626 4.056626 3.477328 3.617541 2.581907 4.878378 4.878378 4.482050 3.896760 4.129337 3.752196 3.375646 5.571692 5.569065 4.333178 3.997657 4.078030 5.016522 5.020120 4.952982 4.891146 4.907410 3.475893 3.475893 3.592701 3.587270 3.584012 3.602337 3.618773 3.318654 3.463282 2.958221 6.835848 6.834651 4.832070 3.568565 3.419843 3.544064 3.378897 3.378897 3.377614 3.659499 3.148799 3.082860 3.437467 3.031854 3.031854 5.211594 3.418511 3.667299 3.061773 3.061773 3.636815 3.602406 3.297600 2.351797 2.445902 2.425765 2.235600 3.079858 3.272291 3.518297 3.518033 4.600995 3.184854 3.518179 5.529704 3.714243 3.688577 3.685014 3.684179 3.701512 3.762005 3.818912 3.905038 2.665430 2.665430 2.965986 2.934009 1.496859 3.774405 3.759302 2.565862 3.781550 3.614886 3.917945 3.689174 3.546510 3.502211 3.362152 3.045720 3.637193 3.618545 3.388556 3.022288 3.149812 3.060471 3.394804 2.846408 2.654621 3.568825 3.481984 3.537144 2.723175 3.755278 3.993276 7.119388 7.151026 8.100213 8.054393 3.763288 3.759191 3.763288 3.759191 3.715770 2.967538 3.626181 3.641658 4.184273
33 6.936896 2.401514 2.401514 2.401514 1.614296 2.543720 4.061574 4.061574 5.834606 9.770734 2.507093 2.445396 1.953253 2.023102 2.514660 1.697144 1.679607 1.352102 1.591142 3.318385 1.429144 1.381622 1.993522 1.976811 2.240886 2.363809 2.290778 2.355299 2.272143 2.276859 2.604775 2.604775 0.000000 0.000000 1.123861 1.124916 2.081286 1.982486 1.875836 1.750767 1.674306 1.682677 1.666251 1.666251 1.590170 1.598969 3.645388 3.593601 2.233415 1.991866 3.255360 3.334247 1.977335 2.106709 1.997800 1.923867 2.025987 3.538597 3.538597 3.538597 3.538597 3.538597 1.398061 1.921401 1.967102 3.001990 1.909101 1.880045 1.681244 1.568731 1.458171 1.722376 1.852049 1.700424 1.641407 1.517322 2.140602 2.060430 1.771795 1.880678 2.247730 2.415438 3.910934 2.397489 2.103898 1.798319 1.662890 1.840621 2.484520 2.036680 2.736255 2.736255 1.840621 1.362037 1.504129 4.049564 4.049564 2.493899 1.775772 2.800975 2.179301 1.929751 4.603439 4.589135 3.031988 2.469980 2.437301 3.928584 3.944018 3.866207 3.851062 3.719054 1.820676 1.820676 1.927290 1.933002 1.927911 1.909734 1.886254 1.568310 1.285791 1.166651 6.049188 6.038331 3.690133 1.764595 1.612044 1.861115 1.835416 1.835416 2.293739 1.857286 1.709847 1.585141 1.514085 1.069553 1.069553 4.210233 1.877514 2.006473 1.788221 1.788221 1.899156 1.891279 1.858030 1.547187 1.579653 1.550683 1.225510 1.164586 1.612728 2.523550 2.523917 4.650824 1.345871 2.523679 6.839853 2.156001 2.089077 2.031995 1.928245 1.901688 1.928194 1.920905 1.973738 0.786053 0.786053 2.150887 3.914459 2.576681 2.217822 2.138977 2.064360 2.188904 1.886420 2.121471 2.100919 1.900347 1.929173 1.812323 1.746212 2.248568 2.192234 1.674618 1.100099 1.329501 1.396612 1.266406 1.067874 1.691354 1.928979 2.474770 3.792252 1.105061 2.053304 3.001877 7.184721 7.191782 7.737557 7.941306 2.179262 2.162085 2.179262 2.162085 1.961305 1.673348 1.735868 2.656605 2.782685
34 6.936896 2.401514 2.401514 2.401514 1.614296 2.543720 4.061574 4.061574 5.834606 9.770734 2.507093 2.445396 1.953253 2.023102 2.514660 1.697144 1.679607 1.352102 1.591142 3.318385 1.429144 1.381622 1.993522 1.976811 2.240886 2.363809 2.290778 2.355299 2.272143 2.276859 2.604775 2.604775 0.000000 0.000000 1.123861 1.124916 2.081286 1.982486 1.875836 1.750767 1.674306 1.682677 1.666251 1.666251 1.590170 1.598969 3.645388 3.593601 2.233415 1.991866 3.255360 3.334247 1.977335 2.106709 1.997800 1.923867 2.025987 3.538597 3.538597 3.538597 3.538597 3.538597 1.398061 1.921401 1.967102 3.001990 1.909101 1.880045 1.681244 1.568731 1.458171 1.722376 1.852049 1.700424 1.641407 1.517322 2.140602 2.060430 1.771795 1.880678 2.247730 2.415438 3.910934 2.397489 2.103898 1.798319 1.662890 1.840621 2.484520 2.036680 2.736255 2.736255 1.840621 1.362037 1.504129 4.049564 4.049564 2.493899 1.775772 2.800975 2.179301 1.929751 4.603439 4.589135 3.031988 2.469980 2.437301 3.928584 3.944018 3.866207 3.851062 3.719054 1.820676 1.820676 1.927290 1.933002 1.927911 1.909734 1.886254 1.568310 1.285791 1.166651 6.049188 6.038331 3.690133 1.764595 1.612044 1.861115 1.835416 1.835416 2.293739 1.857286 1.709847 1.585141 1.514085 1.069553 1.069553 4.210233 1.877514 2.006473 1.788221 1.788221 1.899156 1.891279 1.858030 1.547187 1.579653 1.550683 1.225510 1.164586 1.612728 2.523550 2.523917 4.650824 1.345871 2.523679 6.839853 2.156001 2.089077 2.031995 1.928245 1.901688 1.928194 1.920905 1.973738 0.786053 0.786053 2.150887 3.914459 2.576681 2.217822 2.138977 2.064360 2.188904 1.886420 2.121471 2.100919 1.900347 1.929173 1.812323 1.746212 2.248568 2.192234 1.674618 1.100099 1.329501 1.396612 1.266406 1.067874 1.691354 1.928979 2.474770 3.792252 1.105061 2.053304 3.001877 7.184721 7.191782 7.737557 7.941306 2.179262 2.162085 2.179262 2.162085 1.961305 1.673348 1.735868 2.656605 2.782685
35 7.133327 1.360945 1.360945 1.360945 1.069431 1.598735 3.127713 3.127713 4.735312 8.845804 3.033138 2.998084 2.381943 2.006693 3.166148 2.002043 2.469181 2.156970 2.375961 3.503031 2.078877 1.908804 2.447195 2.376618 2.792041 2.973269 2.824321 2.955751 2.820544 2.840161 3.117014 3.117014 1.123861 1.123861 0.000000 0.030812 2.763467 2.598781 2.319266 2.426643 2.239086 1.861510 1.846676 1.846676 2.027527 2.179938 4.084419 3.930495 2.705748 2.514323 3.592694 3.793665 2.208534 2.573271 2.608436 2.299474 2.506904 3.854704 3.854704 3.854704 3.854704 3.854704 2.322784 2.355327 2.121052 3.105047 2.679784 2.629672 2.374911 2.219136 1.995507 2.114803 2.607341 2.429989 2.389063 1.983924 2.713969 2.452234 2.587743 2.278596 2.824741 2.934834 4.029230 2.971216 2.683274 2.385660 2.285306 2.417706 2.082742 2.447913 2.377407 2.377407 2.417706 1.337078 0.984186 3.112015 3.112015 1.518213 1.300627 3.382812 2.802166 2.529815 4.937833 4.907592 3.508028 2.917523 2.653003 4.308802 4.342588 4.197578 4.183633 4.019141 2.399406 2.399406 2.356170 2.084775 2.080269 2.537586 2.193041 1.926414 1.262146 1.140538 6.300720 6.278100 4.085925 2.363734 2.111615 2.307376 2.000643 2.000643 1.948136 2.377144 2.263820 2.171169 1.710636 1.333328 1.333328 4.549996 2.318129 2.547116 2.247330 2.247330 2.336568 1.872529 1.839666 1.739490 1.558012 1.529215 1.196594 1.792366 1.066145 1.565647 1.566523 3.861826 0.720548 1.565969 6.329972 2.814360 2.736459 2.636540 2.425675 2.339996 2.208429 2.058128 1.956643 1.334281 1.334281 1.778326 3.554252 2.564235 2.832322 2.715130 2.468829 2.783863 2.552876 2.334273 2.718176 2.625364 2.554514 2.339901 2.211314 2.911416 2.841279 2.295212 1.835011 1.902108 1.372606 1.465370 1.298398 1.180284 1.016274 1.486582 3.235215 1.752040 1.548242 2.681838 7.056997 7.014470 7.144849 7.365013 2.794232 2.765080 2.794232 2.765080 2.458404 2.236460 2.204568 3.059738 3.238859
36 7.132246 1.363646 1.363646 1.363646 1.072865 1.601257 3.129117 3.129117 4.736239 8.846301 3.019806 2.984596 2.381943 2.007285 3.155259 1.993727 2.464033 2.152399 2.371812 3.501336 2.074133 1.903637 2.443166 2.374120 2.780968 2.962874 2.813375 2.945293 2.809584 2.829277 3.118347 3.118347 1.124916 1.124916 0.030812 0.000000 2.763897 2.599237 2.319777 2.427132 2.239616 1.862148 1.847319 1.847319 2.023250 2.175961 4.062569 3.907785 2.694320 2.507707 3.571491 3.773591 2.204232 2.566807 2.606160 2.296892 2.499318 3.831855 3.831855 3.831855 3.831855 3.831855 2.319461 2.354571 2.120212 3.104473 2.678455 2.627640 2.372661 2.216729 1.994614 2.113961 2.602101 2.418239 2.377111 1.969516 2.703454 2.440592 2.576713 2.272337 2.813375 2.925113 4.022155 2.960413 2.671306 2.381677 2.281148 2.413776 2.078178 2.444032 2.373410 2.373410 2.413776 1.337344 0.984548 3.113311 3.113311 1.520869 1.303726 3.368046 2.796103 2.527233 4.912775 4.882378 3.489712 2.903660 2.637751 4.285605 4.319572 4.173762 4.159738 3.994262 2.391232 2.391232 2.350118 2.077647 2.073413 2.529858 2.194934 1.928569 1.266182 1.145003 6.273540 6.250821 4.064376 2.364236 2.112177 2.307890 2.001236 2.001236 1.948745 2.375146 2.261722 2.168982 1.711329 1.334218 1.334218 4.547648 2.315312 2.544553 2.245639 2.245639 2.334942 1.871578 1.839666 1.739490 1.558012 1.529990 1.195403 1.791572 1.068369 1.567162 1.568416 3.862502 0.722522 1.567635 6.330535 2.812166 2.735418 2.636720 2.425871 2.340199 2.208644 2.058359 1.956885 1.336237 1.336237 1.779794 3.554986 2.565253 2.826450 2.709004 2.462090 2.775752 2.544029 2.324594 2.713806 2.620840 2.549864 2.334824 2.205941 2.904069 2.833751 2.292884 1.832098 1.899298 1.373297 1.464560 1.298490 1.180384 1.020237 1.489294 3.236462 1.748243 1.549008 2.682281 7.057165 7.014639 7.145347 7.365496 2.789131 2.759925 2.789131 2.759925 2.455313 2.234443 2.201066 3.043404 3.223433
37 8.085084 3.593832 3.593832 3.593832 2.611509 3.804728 5.529338 5.529338 7.217028 11.369729 1.373344 1.359890 1.554453 2.062002 1.189160 1.779082 0.760021 1.475523 0.862593 4.337469 1.371407 1.214194 2.530882 2.562335 1.158301 1.045292 1.116778 1.050670 1.076289 1.080197 3.532239 3.532239 2.081286 2.081286 2.763467 2.763897 0.000000 0.217743 0.644061 0.365949 0.606419 1.292458 1.294182 1.294182 1.015804 0.751137 2.932182 2.950071 1.164340 0.787791 2.565864 2.514693 1.268652 0.811431 0.379780 0.919624 0.867962 2.941108 2.941108 2.941108 2.941108 2.941108 1.253004 2.012505 2.284579 3.475041 0.462605 0.477321 0.900525 0.803362 1.050613 1.911682 0.977704 1.453801 1.441185 1.673443 1.269343 1.501947 1.443030 1.439597 1.116949 2.532135 4.442814 1.106611 1.157723 0.656558 0.746353 0.824776 2.752814 2.144965 3.303658 3.303658 0.824776 1.707837 3.015848 5.477263 5.118019 3.469160 2.551533 1.679948 0.635917 0.473815 4.050761 4.051126 2.131765 1.431435 1.717764 3.284277 3.281736 3.283166 3.281682 3.320916 0.852201 0.852201 0.818516 1.377573 1.370421 0.783954 0.943530 1.008563 1.703616 1.803588 5.593296 5.592643 2.904014 0.557596 0.711183 0.647514 1.320694 1.320694 2.493291 0.619166 0.707277 0.751745 1.375785 1.578935 1.578935 4.912827 0.718642 0.515341 0.892224 0.892224 0.674671 1.518062 1.615051 1.965373 2.128515 2.135141 2.332434 1.011888 2.610541 3.728001 3.728250 6.117312 2.521871 3.728089 8.094905 0.346387 0.280624 0.302265 0.574862 0.690367 1.069809 1.269701 1.521058 2.732314 2.732314 2.705278 4.645197 4.129115 0.628782 0.647030 1.630190 0.821545 0.932511 1.447705 0.481798 0.558309 0.611627 0.804283 1.031438 0.737774 0.732805 0.578506 1.051556 0.916771 1.700238 1.455764 1.592639 3.211024 2.987710 3.883501 5.631460 1.425109 2.853537 4.964129 9.188497 9.224769 9.119461 9.338961 0.569342 0.566019 0.569342 0.566019 0.650943 0.842594 0.840252 1.844426 1.695023
38 8.058950 3.391464 3.391464 3.391464 2.433435 3.614187 5.350296 5.350296 7.014434 11.190343 1.369967 1.358721 1.475226 1.909035 1.243873 1.649028 0.768592 1.432773 0.849943 4.277197 1.285475 1.085217 2.455890 2.477531 1.128370 1.068746 1.089973 1.068345 1.055628 1.066256 3.520289 3.520289 1.982486 1.982486 2.598781 2.599237 0.217743 0.000000 0.428604 0.294120 0.451020 1.097956 1.098633 1.098633 0.854287 0.615685 2.949019 2.939077 1.106326 0.692794 2.544085 2.529093 1.103301 0.709236 0.325178 0.757226 0.773275 2.922063 2.922063 2.922063 2.922063 2.922063 1.264232 1.928974 2.157832 3.393059 0.537680 0.523166 0.840856 0.699688 0.903427 1.796877 0.979870 1.433301 1.420503 1.574221 1.228091 1.399734 1.458376 1.315063 1.110119 2.487743 4.361455 1.115595 1.135754 0.560263 0.658727 0.722117 2.569201 2.055253 3.136219 3.136219 0.722117 1.515710 2.868849 5.298706 4.926459 3.262707 2.368954 1.717274 0.644543 0.385035 4.059410 4.055867 2.140760 1.395242 1.611806 3.291758 3.294173 3.277299 3.275812 3.303227 0.780431 0.780431 0.660214 1.195741 1.187494 0.751131 0.738374 0.818031 1.510953 1.622837 5.599607 5.596344 2.911134 0.440159 0.521243 0.430334 1.129744 1.129744 2.309970 0.464832 0.577012 0.630732 1.181160 1.412583 1.412583 4.873943 0.539703 0.389071 0.749651 0.749651 0.470207 1.305000 1.416651 1.840878 1.980692 1.986314 2.192949 0.885373 2.432395 3.536691 3.536953 5.955971 2.339017 3.536783 7.975172 0.404017 0.294654 0.202432 0.385861 0.486388 0.877998 1.059065 1.306209 2.649636 2.649636 2.538492 4.524316 4.046084 0.644462 0.611727 1.557693 0.808808 0.921309 1.299531 0.466166 0.588579 0.547645 0.675119 0.899424 0.789381 0.761998 0.459944 0.948897 0.763279 1.507143 1.276215 1.426213 3.064068 2.791811 3.703451 5.504520 1.315840 2.673508 4.854919 9.121486 9.150728 8.965907 9.189076 0.576173 0.558126 0.576173 0.558126 0.500482 0.732611 0.669440 1.812468 1.685396
39 8.069253 3.018926 3.018926 3.018926 2.113952 3.267145 5.016865 5.016865 6.623817 10.851692 1.455668 1.457477 1.411592 1.651033 1.444310 1.505557 0.977205 1.497755 1.011443 4.229108 1.278635 0.975849 2.431634 2.431614 1.206850 1.228014 1.163706 1.217744 1.142270 1.166845 3.551816 3.551816 1.875836 1.875836 2.319266 2.319777 0.644061 0.428604 0.000000 0.519815 0.391529 0.744417 0.745415 0.745415 0.667725 0.573536 3.024813 2.960307 1.113112 0.703580 2.550397 2.606972 0.836361 0.672972 0.537998 0.537998 0.740155 2.930480 2.930480 2.930480 2.930480 2.930480 1.422160 1.880755 2.001222 3.295678 0.864610 0.820791 0.943790 0.734634 0.795286 1.706309 1.166251 1.525615 1.513597 1.491715 1.301410 1.325741 1.614751 1.215084 1.214299 2.524394 4.301688 1.243047 1.213935 0.603340 0.695734 0.756027 2.239228 2.010066 2.872145 2.872145 0.756027 1.174254 2.616130 4.961810 4.562157 2.873525 2.039395 1.859403 0.846197 0.529363 4.107777 4.096542 2.216858 1.413090 1.465286 3.345854 3.357950 3.305206 3.303732 3.310805 0.811910 0.811910 0.502177 0.882295 0.871085 0.864812 0.357310 0.501646 1.168107 1.309616 5.634329 5.625893 2.967542 0.493826 0.296637 0.038558 0.790550 0.790550 1.970571 0.407363 0.531807 0.589660 0.862432 1.159327 1.159327 4.899409 0.327992 0.448888 0.615041 0.615041 0.193374 0.885731 1.043262 1.654534 1.733389 1.739810 1.972441 0.774715 2.112755 3.181205 3.181497 5.658345 2.021100 3.181308 7.755427 0.722703 0.622442 0.474004 0.286532 0.229940 0.565708 0.661013 0.887511 2.563146 2.563146 2.234084 4.306852 3.930940 0.846135 0.746934 1.497567 0.950293 1.047710 1.082131 0.682786 0.843934 0.695425 0.636915 0.790736 1.023415 0.972851 0.511539 0.913026 0.631581 1.163174 0.971620 1.161639 2.817038 2.423581 3.365626 5.283146 1.244080 2.358175 4.688666 9.034094 9.048868 8.725180 8.954351 0.783745 0.748593 0.783745 0.748593 0.447613 0.697564 0.514246 1.816618 1.739040
40 7.983457 3.314059 3.314059 3.314059 2.324342 3.541654 5.235893 5.235893 6.927568 11.073779 1.401184 1.390191 1.504260 1.931560 1.278173 1.595706 0.646313 1.272913 0.680356 4.216085 1.180223 0.958215 2.384401 2.406686 1.166072 1.108479 1.128959 1.108092 1.095836 1.106078 3.395198 3.395198 1.750767 1.750767 2.426643 2.427132 0.365949 0.294120 0.519815 0.000000 0.341925 1.057829 1.058531 1.058531 0.802059 0.540890 2.963649 2.953757 1.144754 0.752642 2.561030 2.546137 1.141832 0.767804 0.438460 0.812341 0.827321 2.936828 2.936828 2.936828 2.936828 2.936828 1.038866 1.951268 2.177785 3.405782 0.450104 0.432662 0.787739 0.634867 0.854210 1.772643 0.934687 1.307030 1.292982 1.460187 1.262819 1.430301 1.334479 1.347552 1.110119 2.470295 4.361455 1.153715 1.097010 0.476853 0.510792 0.779718 2.585981 2.076192 3.149981 3.149981 0.779718 1.396908 2.713895 5.183165 4.873496 3.182172 2.256746 1.742280 0.708479 0.484519 4.070051 4.066517 2.160870 1.425905 1.638422 3.304871 3.307277 3.290470 3.288990 3.290106 0.722888 0.722888 0.722765 1.231382 1.223376 0.691153 0.794798 0.763327 1.391744 1.512473 5.615035 5.611780 2.940700 0.327465 0.430334 0.521243 1.167402 1.167402 2.328620 0.464832 0.577012 0.557957 1.143955 1.284276 1.284276 4.820403 0.614643 0.487732 0.805285 0.805285 0.554618 1.337734 1.446861 1.768987 1.914059 1.919876 2.071229 0.661709 2.323254 3.462534 3.462802 5.853418 2.225300 3.462628 7.898878 0.499736 0.416326 0.357051 0.485176 0.568401 0.925952 1.099147 1.338913 2.410286 2.410286 2.504182 4.505155 3.893547 0.708405 0.678761 1.585217 0.860626 0.822069 1.332399 0.551196 0.509823 0.621628 0.736405 0.946293 0.842395 0.816791 0.353612 0.744566 0.639986 1.448608 1.132563 1.299253 2.919494 2.697252 3.584757 5.328846 1.213225 2.607991 4.636171 8.881227 8.911257 8.917535 9.141885 0.646902 0.630881 0.646902 0.630881 0.580507 0.732611 0.669440 1.859584 1.735964
41 7.983457 3.076219 3.076219 3.076219 2.194995 3.320158 5.088684 5.088684 6.678378 10.919621 1.462425 1.441794 1.464884 1.773798 1.407381 1.400613 0.807184 1.295671 0.834691 4.223012 1.172770 0.952095 2.381948 2.404255 1.166072 1.209359 1.128959 1.184583 1.122191 1.132195 3.424172 3.424172 1.674306 1.674306 2.239086 2.239616 0.606419 0.451020 0.391529 0.341925 0.000000 0.731053 0.732069 0.732069 0.540890 0.419105 3.017288 2.963635 1.092497 0.670490 2.538102 2.591648 0.848067 0.687466 0.556022 0.556022 0.753358 2.916856 2.916856 2.916856 2.916856 2.916856 1.171121 1.921076 2.039163 3.318854 0.703473 0.648862 0.858746 0.721089 0.782791 1.739353 1.052361 1.372478 1.359107 1.334694 1.297073 1.301931 1.444533 1.210437 1.186479 2.493846 4.293918 1.250953 1.149062 0.586772 0.614672 0.851394 2.273199 2.047843 2.898709 2.898709 0.851394 1.169097 2.512571 5.034415 4.714986 2.933659 2.123286 1.832033 0.857769 0.484519 4.102239 4.095166 2.214314 1.466328 1.602346 3.348799 3.351173 3.308188 3.306715 3.307826 0.799674 0.799674 0.636770 0.965267 0.955031 0.771106 0.530062 0.481591 1.162922 1.304994 5.641001 5.632575 2.980191 0.473440 0.261295 0.393423 0.882193 0.882193 2.199524 0.314891 0.464791 0.440912 0.850923 1.031893 1.031893 4.832514 0.510758 0.595647 0.729089 0.729089 0.436679 1.097711 1.228350 1.595228 1.754724 1.761068 1.924948 0.566521 2.193842 3.235626 3.235913 5.722118 1.974778 3.235727 7.802077 0.736219 0.638085 0.494366 0.485176 0.454057 0.860508 0.925952 1.099147 2.385910 2.385910 2.384610 4.386823 3.817741 0.857708 0.760019 1.547902 0.926061 0.890342 1.091203 0.648637 0.702669 0.709460 0.652211 0.882359 1.000955 0.949196 0.491888 0.744566 0.540989 1.230408 0.965382 1.156426 2.817603 2.494586 3.366099 5.184278 1.164046 2.298206 4.469253 8.795244 8.825567 8.725363 8.954529 0.731707 0.717582 0.731707 0.717582 0.469122 0.647925 0.575533 1.827879 1.769318
42 8.037614 2.501324 2.501324 2.501324 1.866040 2.795880 4.649688 4.649688 6.048505 10.444356 1.804907 1.790112 1.595853 1.531263 1.888917 1.275162 1.396797 1.621458 1.390188 4.264352 1.428912 1.170835 2.498981 2.498963 1.498155 1.662423 1.463623 1.619142 1.486498 1.505464 3.584267 3.584267 1.682677 1.682677 1.861510 1.862148 1.292458 1.097956 0.744417 1.057829 0.731053 0.000000 0.038558 0.038558 0.599458 0.842667 3.252552 3.109391 1.339095 1.024296 2.656818 2.837593 0.564230 1.003518 1.145098 0.613146 1.049755 3.023552 3.023552 3.023552 3.023552 3.023552 1.670191 2.022720 1.903614 3.237337 1.395379 1.325261 1.318914 1.178338 1.006789 1.814562 1.562933 1.741748 1.731232 1.370834 1.630037 1.357975 1.890650 1.250175 1.589571 2.687259 4.246983 1.673559 1.523953 1.101278 1.116393 1.262293 1.662045 2.143484 2.448974 2.448974 1.262293 0.751795 2.139187 4.590230 4.237450 2.323759 1.781135 2.210651 1.404166 1.033541 4.264730 4.247033 2.483967 1.737421 1.643539 3.545036 3.556455 3.456327 3.454918 3.436601 1.228003 1.228003 0.897963 0.630318 0.614529 1.263603 0.462793 0.406376 0.742156 0.949430 5.762353 5.743937 3.185662 1.045303 0.684936 0.745415 0.493787 0.493787 1.871365 0.795987 0.866296 0.853723 0.435467 0.728261 0.728261 4.941707 0.813471 1.106032 0.965626 0.965626 0.769123 0.635119 0.840983 1.417855 1.509127 1.516499 1.704064 0.849593 1.864684 2.694954 2.695298 5.335497 1.470664 2.695075 7.523118 1.376534 1.281822 1.116462 0.932782 0.779121 0.934978 0.723495 0.637599 2.413768 2.413768 2.085777 4.119832 3.711273 1.404129 1.256868 1.672383 1.387395 1.363812 0.888742 1.219838 1.339718 1.226957 0.979703 1.086011 1.555610 1.483938 1.053787 1.090443 0.832785 0.843985 0.773317 1.001688 2.569627 1.987903 2.850284 4.865206 1.325090 1.696087 4.191561 8.657441 8.672856 8.317707 8.557797 1.279087 1.257855 1.279087 1.257855 0.868628 0.976855 0.855628 1.985136 2.032873
43 8.014923 2.485524 2.485524 2.485524 1.857655 2.781753 4.641207 4.641207 6.041987 10.436025 1.807787 1.789697 1.593523 1.528834 1.890097 1.243883 1.386649 1.596975 1.378914 4.243908 1.401069 1.152276 2.463933 2.463913 1.491691 1.664657 1.463115 1.621436 1.486998 1.504970 3.576585 3.576585 1.666251 1.666251 1.846676 1.847319 1.294182 1.098633 0.745415 1.058531 0.732069 0.038558 0.000000 0.000000 0.583115 0.831120 3.254608 3.111542 1.339650 1.020661 2.659335 2.839950 0.570779 1.008690 1.149633 0.621575 1.054701 3.024290 3.024290 3.024290 3.024290 3.024290 1.657233 1.998689 1.878060 3.222377 1.390576 1.320203 1.297893 1.161180 0.979089 1.779400 1.545235 1.725885 1.715271 1.350622 1.613075 1.337568 1.876046 1.219473 1.590973 2.654697 4.209537 1.676665 1.523465 1.100603 1.113059 1.245099 1.649024 2.109576 2.419352 2.419352 1.245099 0.738829 2.131877 4.584235 4.230954 2.311892 1.772349 2.213676 1.404695 1.032822 4.266299 4.248608 2.486658 1.741267 1.647605 3.546504 3.557918 3.457832 3.456423 3.436384 1.227398 1.227398 0.897135 0.629138 0.613318 1.263015 0.467587 0.408202 0.729019 0.939197 5.763772 5.745360 3.188228 1.044592 0.683850 0.744417 0.492279 0.492279 1.867786 0.795052 0.865438 0.852852 0.398008 0.706500 0.706500 4.904715 0.818028 1.106704 0.964855 0.964855 0.768156 0.633947 0.840098 1.415231 1.506663 1.512081 1.694878 0.845207 1.856293 2.684729 2.685074 5.328107 1.451842 2.684850 7.519461 1.378153 1.281242 1.115796 0.928789 0.774336 0.930994 0.718339 0.631743 2.397390 2.397390 2.083995 4.118929 3.700642 1.407830 1.258641 1.672827 1.385786 1.362176 0.884550 1.220447 1.336941 1.216614 0.966718 1.075695 1.557998 1.484439 1.050254 1.076032 0.817470 0.832456 0.768496 0.991993 2.558901 1.980034 2.844802 4.857102 1.299601 1.678022 4.175035 8.640509 8.655955 8.287176 8.528125 1.281989 1.260806 1.281989 1.260806 0.864339 0.973043 0.840729 1.989251 2.036892
44 8.014923 2.485524 2.485524 2.485524 1.857655 2.781753 4.641207 4.641207 6.041987 10.436025 1.807787 1.789697 1.593523 1.528834 1.890097 1.243883 1.386649 1.596975 1.378914 4.243908 1.401069 1.152276 2.463933 2.463913 1.491691 1.664657 1.463115 1.621436 1.486998 1.504970 3.576585 3.576585 1.666251 1.666251 1.846676 1.847319 1.294182 1.098633 0.745415 1.058531 0.732069 0.038558 0.000000 0.000000 0.583115 0.831120 3.254608 3.111542 1.339650 1.020661 2.659335 2.839950 0.570779 1.008690 1.149633 0.621575 1.054701 3.024290 3.024290 3.024290 3.024290 3.024290 1.657233 1.998689 1.878060 3.222377 1.390576 1.320203 1.297893 1.161180 0.979089 1.779400 1.545235 1.725885 1.715271 1.350622 1.613075 1.337568 1.876046 1.219473 1.590973 2.654697 4.209537 1.676665 1.523465 1.100603 1.113059 1.245099 1.649024 2.109576 2.419352 2.419352 1.245099 0.738829 2.131877 4.584235 4.230954 2.311892 1.772349 2.213676 1.404695 1.032822 4.266299 4.248608 2.486658 1.741267 1.647605 3.546504 3.557918 3.457832 3.456423 3.436384 1.227398 1.227398 0.897135 0.629138 0.613318 1.263015 0.467587 0.408202 0.729019 0.939197 5.763772 5.745360 3.188228 1.044592 0.683850 0.744417 0.492279 0.492279 1.867786 0.795052 0.865438 0.852852 0.398008 0.706500 0.706500 4.904715 0.818028 1.106704 0.964855 0.964855 0.768156 0.633947 0.840098 1.415231 1.506663 1.512081 1.694878 0.845207 1.856293 2.684729 2.685074 5.328107 1.451842 2.684850 7.519461 1.378153 1.281242 1.115796 0.928789 0.774336 0.930994 0.718339 0.631743 2.397390 2.397390 2.083995 4.118929 3.700642 1.407830 1.258641 1.672827 1.385786 1.362176 0.884550 1.220447 1.336941 1.216614 0.966718 1.075695 1.557998 1.484439 1.050254 1.076032 0.817470 0.832456 0.768496 0.991993 2.558901 1.980034 2.844802 4.857102 1.299601 1.678022 4.175035 8.640509 8.655955 8.287176 8.528125 1.281989 1.260806 1.281989 1.260806 0.864339 0.973043 0.840729 1.989251 2.036892
45 7.816543 2.795220 2.795220 2.795220 2.106289 3.056469 4.921448 4.921448 6.407501 10.721450 1.390631 1.325363 1.510625 1.685062 1.424434 0.930067 0.893644 1.168524 0.944345 4.094247 0.993017 0.879085 2.150388 2.193672 0.984064 1.219626 1.004036 1.170350 1.033080 1.033920 3.442145 3.442145 1.590170 1.590170 2.027527 2.023250 1.015804 0.854287 0.667725 0.802059 0.540890 0.599458 0.583115 0.583115 0.000000 0.341925 2.836566 2.733606 0.908912 0.557055 2.286248 2.419162 0.595312 0.684095 0.860524 0.522352 0.702991 2.642788 2.642788 2.642788 2.642788 2.642788 1.259416 1.779466 1.779466 3.153599 1.001899 0.913541 0.861785 0.787100 0.669550 1.536669 1.028218 1.211281 1.193053 0.911869 1.085458 0.863203 1.339161 0.815506 1.154836 2.214052 3.926823 1.261301 1.070594 0.798745 0.793653 0.847013 1.869224 1.793182 2.453855 2.453855 0.847013 1.018473 2.314284 4.881639 4.551501 2.677562 2.042826 1.766571 1.006008 0.673513 3.874058 3.862786 2.070057 1.381175 1.446103 3.145682 3.148209 3.073227 3.070850 3.060057 0.845059 0.845059 0.597584 0.627429 0.621550 0.822529 0.649674 0.585225 1.054923 1.197609 5.391281 5.377031 2.791382 0.859917 0.583115 0.653092 0.750255 0.750255 2.123688 0.507465 0.587517 0.568815 0.561390 0.800800 0.800800 4.591619 0.652123 0.853480 0.818949 0.818949 0.603227 0.968383 1.122096 1.488092 1.657928 1.659526 1.782984 0.697963 2.098644 2.986615 2.988986 5.563608 1.684413 2.987549 7.688555 1.059082 0.977576 0.863096 0.759864 0.656698 0.982629 0.921220 0.982629 2.328837 2.328837 2.325986 4.287602 3.704259 1.040085 0.874758 1.500340 0.927146 0.891470 0.685002 0.826772 0.900576 0.755994 0.500007 0.777509 1.130234 1.037501 0.755291 0.767936 0.502724 1.076556 0.937554 1.094979 2.697775 2.319729 3.159462 5.011724 0.988486 1.927379 4.223373 8.605739 8.636727 8.338699 8.575930 0.890523 0.878954 0.890523 0.878954 0.526986 0.708880 0.511400 1.627791 1.646763
46 7.801571 3.016503 3.016503 3.016503 2.187965 3.260068 5.050415 5.050415 6.649264 10.867665 1.234772 1.173294 1.471419 1.786106 1.203408 1.102616 0.575282 1.035938 0.651258 4.058396 0.877379 0.742063 2.098103 2.142444 0.857062 1.009870 0.879922 0.980063 0.880325 0.881311 3.378898 3.378898 1.598969 1.598969 2.179938 2.175961 0.751137 0.615685 0.573536 0.540890 0.419105 0.842667 0.831120 0.831120 0.341925 0.000000 2.737055 2.679612 0.842145 0.439770 2.260535 2.320495 0.839723 0.592515 0.624311 0.624311 0.614234 2.620576 2.620576 2.620576 2.620576 2.620576 1.029573 1.746306 1.875430 3.208727 0.691155 0.605728 0.626047 0.518448 0.575660 1.498145 0.767843 1.028595 1.007065 0.973867 0.925586 0.928457 1.119681 0.884286 0.961484 2.133375 3.971231 1.059825 0.891871 0.535962 0.528345 0.605551 2.186330 1.760281 2.703228 2.703228 0.605551 1.178145 2.484813 5.011630 4.690651 2.907813 2.126940 1.601917 0.737836 0.468823 3.809389 3.801771 1.953839 1.247761 1.405098 3.060916 3.063513 3.015624 3.013201 3.002201 0.602815 0.602815 0.490095 0.862789 0.858523 0.570803 0.734159 0.677791 1.209794 1.336040 5.342266 5.333368 2.706319 0.623474 0.472345 0.556432 0.955835 0.955835 2.204719 0.374978 0.477770 0.454574 0.816025 0.996002 0.996002 4.553266 0.555294 0.614565 0.744154 0.744154 0.496961 1.135122 1.268793 1.601611 1.760530 1.762034 1.878768 0.608473 2.180607 3.194669 3.196885 5.678007 1.911972 3.195542 7.771739 0.771718 0.698573 0.627852 0.586146 0.560660 0.921220 0.982629 1.147300 2.303599 2.303599 2.400197 4.381999 3.751303 0.783662 0.643789 1.460858 0.713345 0.666319 0.905519 0.576901 0.585992 0.469882 0.364821 0.698289 0.866789 0.780229 0.468750 0.596574 0.368536 1.228703 0.997958 1.147123 2.762016 2.489886 3.356820 5.138425 0.927465 2.236254 4.372976 8.680137 8.710860 8.525875 8.758037 0.665051 0.649478 0.665051 0.649478 0.401001 0.620965 0.380286 1.591474 1.536584
47 8.571388 4.782984 4.782984 4.782984 4.036166 4.950243 6.376311 6.376311 7.928753 11.845260 1.610955 1.614231 3.309424 3.630985 1.790554 2.989123 2.575913 2.998818 2.711284 5.162529 2.953504 2.864421 3.678285 3.799049 2.002602 1.895655 1.965253 1.904452 1.934515 1.939100 4.672117 4.672117 3.645388 3.645388 4.084419 4.062569 2.932182 2.949019 3.024813 2.963649 3.017288 3.252552 3.254608 3.254608 2.836566 2.737055 0.000000 0.449492 2.001219 2.449957 0.793253 0.488882 2.910772 2.446587 2.722850 2.879123 2.372714 0.684036 0.684036 0.684036 0.684036 0.684036 2.932165 3.537730 3.722717 4.551399 2.818147 2.763931 2.896482 2.859694 3.073151 3.493921 2.629435 2.296525 2.288559 2.481252 2.191880 2.369106 2.279301 2.863006 1.884902 3.154422 4.895548 1.868230 1.919685 2.656764 2.683693 2.726254 3.865110 3.426858 4.310282 4.310282 2.726254 3.424435 4.256176 6.320219 6.011563 4.689633 4.006072 1.290713 2.358051 2.731555 1.137379 1.143264 0.844804 1.664131 1.937735 0.422191 0.402915 0.485989 0.475863 0.720809 2.331741 2.331741 2.546050 2.787712 2.804357 2.308020 3.204166 3.225299 3.551656 3.600678 2.670329 2.673031 0.290018 2.994583 3.041279 3.027024 3.265241 3.265241 3.893601 2.828637 2.849221 2.860584 3.301447 3.391136 3.391136 5.623911 2.787057 2.729042 2.931324 2.931324 2.872591 3.264227 3.361141 3.545789 3.638310 3.675441 3.734670 3.047837 4.004691 4.851795 4.863590 6.867828 3.956491 4.856507 8.682284 2.701327 2.815467 2.935012 2.985486 3.017078 3.125290 3.212798 3.333246 4.087595 4.087595 4.063852 5.563109 5.144556 2.364796 2.382619 2.830203 2.198482 2.242311 2.554080 2.530211 2.542600 2.573601 2.642573 2.718393 2.197101 2.204435 2.787293 2.941931 2.900915 3.437091 3.242455 3.348801 4.379071 4.317253 4.996779 6.460828 3.079389 4.193635 5.858192 9.724616 9.758731 9.751087 9.956673 2.454708 2.453858 2.454708 2.453858 2.741941 2.896674 2.798197 1.548827 1.335027
48 8.703038 4.556247 4.556247 4.556247 3.901601 4.764348 6.191120 6.191120 7.644537 11.638916 1.588808 1.604010 3.334871 3.563433 1.840869 2.836046 2.595957 2.970299 2.710311 5.250898 2.898842 2.790568 3.628263 3.743679 1.949263 1.912851 1.908688 1.908803 1.900283 1.909325 4.799834 4.799834 3.593601 3.593601 3.930495 3.907785 2.950071 2.939077 2.960307 2.953757 2.963635 3.109391 3.111542 3.111542 2.733606 2.679612 0.449492 0.000000 1.917509 2.390232 0.520190 0.531248 2.775773 2.363680 2.726405 2.789986 2.320948 0.342924 0.342924 0.342924 0.342924 0.342924 2.947831 3.560178 3.673317 4.579650 2.837386 2.771738 2.872830 2.837979 3.009682 3.428734 2.637641 2.284356 2.289147 2.359875 2.156436 2.247242 2.319880 2.758479 1.866009 3.145130 4.808409 1.866817 1.883809 2.618540 2.645859 2.703468 3.634918 3.404560 4.105130 4.105130 2.703468 3.258439 4.134561 6.133335 5.814767 4.423058 3.829988 1.348029 2.356931 2.716874 1.163166 1.147562 0.850610 1.602402 1.777767 0.488421 0.504440 0.372409 0.409765 0.563848 2.305058 2.305058 2.469067 2.634098 2.651708 2.282539 3.101331 3.135609 3.401927 3.486758 2.684416 2.674872 0.306521 2.960724 2.977130 2.962566 3.147515 3.147515 3.774628 2.757241 2.820106 2.831586 3.166659 3.277935 3.277935 5.614600 2.731213 2.695461 2.905225 2.905225 2.797632 3.113189 3.238807 3.493888 3.569532 3.607371 3.667700 2.996856 3.869032 4.661977 4.674251 6.742627 3.784404 4.666881 8.655904 2.712467 2.814530 2.911673 2.929217 2.939178 3.028708 3.076582 3.160928 4.052867 4.052867 3.969686 5.531906 5.156941 2.363680 2.353810 2.858213 2.174552 2.218855 2.368449 2.513325 2.551632 2.562203 2.596192 2.690229 2.235462 2.227999 2.765010 2.911696 2.847305 3.317558 3.120050 3.266407 4.291827 4.128659 4.812683 6.368652 3.054555 3.972684 5.722570 9.675788 9.703359 9.565075 9.790503 2.436646 2.432442 2.436646 2.432442 2.668227 2.881592 2.714022 1.530860 1.282904
49 8.161626 3.439564 3.439564 3.439564 2.680574 3.683854 5.447900 5.447900 6.955978 11.214355 0.562707 0.494360 1.851778 2.154073 0.705818 1.403371 0.981510 1.550034 1.131084 4.460110 1.410894 1.275153 2.535264 2.617408 0.348805 0.518652 0.211734 0.439317 0.256444 0.267632 3.810053 3.810053 2.233415 2.233415 2.705748 2.694320 1.164340 1.106326 1.113112 1.144754 1.092497 1.339095 1.339650 1.339650 0.908912 0.842145 2.001219 1.917509 0.000000 0.486549 1.475348 1.563006 1.028484 0.502628 0.942355 0.942355 0.515055 1.852932 1.852932 1.852932 1.852932 1.852932 1.525143 2.201977 2.305722 3.533359 1.131616 1.042375 1.204769 1.156778 1.292764 2.036912 1.101028 1.131412 1.128180 1.098647 0.803905 0.814295 1.214391 1.191422 0.482615 2.325990 4.188339 0.550965 0.481699 0.918230 0.981414 1.043869 2.376783 2.162250 2.980634 2.980634 1.043869 1.710337 2.949121 5.395017 5.029902 3.292723 2.596924 0.913533 0.701257 0.861260 3.060597 3.053844 1.209935 0.627101 0.970063 2.321040 2.317611 2.266353 2.268501 2.313587 0.704558 0.704558 0.670710 0.987432 0.997706 0.597598 1.251778 1.315250 1.807030 1.932059 4.591930 4.581575 1.937452 1.201634 1.151959 1.113779 1.393522 1.393522 2.551378 0.875628 1.000236 1.032159 1.415021 1.631249 1.631249 4.909936 0.929989 0.943730 1.182257 1.182257 0.959425 1.503250 1.661839 2.041838 2.198586 2.221753 2.371401 1.304581 2.663138 3.592279 3.598107 6.059625 2.419562 3.594599 8.095445 1.013388 1.056589 1.085318 1.110900 1.097666 1.367314 1.409418 1.528790 2.901595 2.901595 2.791335 4.670856 4.215368 0.718114 0.598042 1.597772 0.453084 0.632396 0.758354 0.706469 0.863207 0.801705 0.777004 1.048816 0.684594 0.606408 1.029621 1.292680 1.111890 1.757945 1.555757 1.740898 3.250831 2.935040 3.771470 5.578516 1.541084 2.622580 4.839152 9.130188 9.166516 8.896579 9.129982 0.653850 0.650650 0.653850 0.650650 0.780313 1.122153 0.929372 0.956964 0.762301
50 7.989385 3.264065 3.264065 3.264065 2.480267 3.496826 5.322212 5.322212 6.857985 11.127038 0.940436 0.870065 1.554462 1.895178 0.932798 1.248035 0.739395 1.337094 0.898492 4.264195 1.172961 1.057484 2.351028 2.415182 0.561633 0.723582 0.540481 0.669007 0.549993 0.547208 3.593751 3.593751 1.991866 1.991866 2.514323 2.507707 0.787791 0.692794 0.703580 0.752642 0.670490 1.024296 1.020661 1.020661 0.557055 0.439770 2.449957 2.390232 0.486549 0.000000 1.954841 2.021815 0.782997 0.329218 0.587752 0.587752 0.338110 2.325374 2.325374 2.325374 2.325374 2.325374 1.324475 1.904374 2.023435 3.309214 0.820564 0.729876 0.879066 0.815516 0.920198 1.763647 0.884739 1.138251 1.122092 1.092395 0.813501 0.805841 1.208738 0.957145 0.730512 2.242762 4.090692 0.788754 0.717582 0.670526 0.742827 0.729575 2.230436 1.922961 2.811874 2.811874 0.729575 1.475747 2.758154 5.275848 4.901866 3.143575 2.419796 1.302328 0.575700 0.425804 3.526481 3.520622 1.659119 0.984865 1.231959 2.781203 2.778342 2.732168 2.730385 2.768549 0.605406 0.605406 0.399699 0.814722 0.816314 0.506415 0.861899 0.926244 1.530175 1.640749 5.058421 5.049022 2.400709 0.854382 0.757692 0.698277 1.054075 1.054075 2.350776 0.480392 0.589619 0.642285 1.068031 1.319448 1.319448 4.760385 0.575483 0.638171 0.823087 0.823087 0.580163 1.247755 1.388353 1.777989 1.955996 1.968473 2.141739 0.985162 2.469355 3.417994 3.421518 5.925126 2.194723 3.419391 7.958885 0.742678 0.723512 0.696650 0.723646 0.703161 1.076621 1.129613 1.275446 2.697187 2.697187 2.589473 4.501468 4.019626 0.609457 0.442225 1.438819 0.440956 0.623764 0.741935 0.419454 0.628656 0.458338 0.363482 0.747933 0.647261 0.547876 0.696545 0.992853 0.754238 1.474510 1.311804 1.462689 3.068185 2.751368 3.608839 5.428184 1.242529 2.422538 4.696740 9.012590 9.049390 8.739566 8.968369 0.450717 0.446063 0.450717 0.446063 0.374893 0.736537 0.587730 1.276865 1.204798
51 8.583293 4.227700 4.227700 4.227700 3.610821 4.450088 6.006889 6.006889 7.401941 11.538227 1.242806 1.237348 2.982467 3.202029 1.515778 2.408446 2.236858 2.622285 2.360332 5.087949 2.545837 2.449758 3.363407 3.481591 1.534773 1.556234 1.486445 1.530192 1.497469 1.501930 4.569138 4.569138 3.255360 3.255360 3.592694 3.571491 2.565864 2.544085 2.550397 2.561030 2.538102 2.656818 2.659335 2.659335 2.286248 2.260535 0.793253 0.520190 1.475348 1.954841 0.000000 0.513953 2.303631 1.932700 2.337368 2.337368 1.897476 0.403503 0.403503 0.403503 0.403503 0.403503 2.619167 3.239994 3.311376 4.294782 2.466942 2.392213 2.503366 2.479938 2.623143 3.108247 2.285989 1.973094 1.978639 1.961951 1.805344 1.816242 2.026604 2.344744 1.507913 2.922654 4.609203 1.523371 1.515488 2.250988 2.282709 2.349240 3.192999 3.102555 3.719503 3.719503 2.349240 2.862728 3.784394 5.948137 5.619079 4.082611 3.531933 1.064524 1.994070 2.302149 1.638065 1.626758 0.649031 1.275299 1.486051 0.989058 0.976722 0.864200 0.880943 1.004172 1.949585 1.949585 2.064378 2.183899 2.201404 1.901391 2.665034 2.704847 3.003390 3.099149 3.144005 3.128862 0.666600 2.585028 2.569905 2.553019 2.701337 2.701337 3.483086 2.329029 2.403123 2.416584 2.723619 2.852232 2.852232 5.444641 2.326534 2.322524 2.513664 2.513664 2.388497 2.707115 2.842084 3.103266 3.213897 3.250856 3.328477 2.606541 3.580620 4.345571 4.356864 6.577592 3.394022 4.350082 8.526445 2.350646 2.440167 2.516271 2.535485 2.529715 2.664270 2.686121 2.750633 3.780509 3.780509 3.688268 5.300581 4.910175 1.999596 1.965741 2.529825 1.781969 1.835771 1.889533 2.114196 2.179801 2.181298 2.181290 2.310287 1.882264 1.861657 2.396090 2.546813 2.455147 2.927056 2.744137 2.903291 4.041438 3.807996 4.501798 6.137101 2.699408 3.531447 5.425560 9.503145 9.539845 9.338364 9.569134 2.033462 2.033487 2.033462 2.033487 2.240482 2.473671 2.313393 1.168547 0.939859
52 8.588336 4.513562 4.513562 4.513562 3.759504 4.722508 6.222403 6.222403 7.760813 11.783282 1.175085 1.184392 3.030987 3.358637 1.363963 2.601619 2.178065 2.622911 2.306456 5.095806 2.572052 2.480739 3.384018 3.503460 1.562027 1.470406 1.515292 1.471402 1.498565 1.501566 4.548105 4.548105 3.334247 3.334247 3.793665 3.773591 2.514693 2.529093 2.606972 2.546137 2.591648 2.837593 2.839950 2.839950 2.419162 2.320495 0.488882 0.531248 1.563006 2.021815 0.513953 0.000000 2.506566 2.002501 2.321041 2.467531 1.968526 0.651747 0.651747 0.651747 0.651747 0.651747 2.551976 3.284713 3.458102 4.408900 2.394571 2.336351 2.488128 2.468022 2.678182 3.157543 2.227464 1.930127 1.935795 2.114403 1.795296 1.978287 1.932318 2.473717 1.452604 2.909613 4.713906 1.438482 1.490184 2.237853 2.269757 2.336658 3.548443 3.149227 4.028760 4.028760 2.336658 3.036883 4.006315 6.165705 5.848900 4.377957 3.683802 0.857820 1.929997 2.321822 1.542610 1.546269 0.407245 1.251970 1.591955 0.799452 0.778801 0.819014 0.836662 0.974373 1.934405 1.934405 2.133877 2.400555 2.416492 1.881284 2.782970 2.821119 3.169827 3.260701 3.088963 3.087780 0.434697 2.573598 2.626060 2.609537 2.879318 2.879318 3.636994 2.387270 2.459610 2.472764 2.900234 3.021338 3.021338 5.436885 2.388417 2.309796 2.571047 2.571047 2.448815 2.890661 3.017431 3.259373 3.369953 3.405219 3.479398 2.661923 3.730507 4.624152 4.634766 6.774975 3.639823 4.628391 8.679622 2.277372 2.388093 2.501112 2.558338 2.586742 2.724758 2.809263 2.931456 3.823378 3.823378 3.833948 5.467493 5.013708 1.935706 1.946299 2.586850 1.758127 1.812637 2.132250 2.094140 2.119378 2.163794 2.243369 2.372594 1.787586 1.790530 2.383755 2.569565 2.513867 3.097597 2.864786 3.017583 4.174813 4.037097 4.771266 6.337413 2.752923 3.855816 5.642065 9.628394 9.666387 9.618198 9.842410 2.011540 2.012627 2.011540 2.012627 2.300965 2.528582 2.375619 1.277434 0.898486
53 7.995563 2.791391 2.791391 2.791391 2.218601 3.008078 4.961840 4.961840 6.291635 10.731874 1.547574 1.503810 1.458793 1.489950 1.650963 1.292324 1.380511 1.756389 1.478318 4.268710 1.567332 1.388508 2.653924 2.690390 1.240309 1.419987 1.190591 1.356516 1.214200 1.225879 3.582388 3.582388 1.977335 1.977335 2.208534 2.204232 1.268652 1.103301 0.836361 1.141832 0.848067 0.564230 0.570779 0.570779 0.595312 0.839723 2.910772 2.775773 1.028484 0.782997 2.303631 2.506566 0.000000 0.823633 1.032982 0.362974 0.751049 2.669013 2.669013 2.669013 2.669013 2.669013 1.818934 1.954691 1.831166 3.096199 1.425947 1.342575 1.402983 1.281887 1.173974 1.983312 1.544441 1.723476 1.695704 1.325683 1.470092 1.112887 1.837353 1.170766 1.396188 2.662606 4.254870 1.457740 1.357733 1.172485 1.227453 1.260007 1.588358 2.134760 2.441342 2.441342 1.260007 1.225291 2.332703 4.900499 4.495398 2.684621 2.220857 1.919367 1.285626 0.877075 3.922372 3.907502 2.176334 1.511145 1.494424 3.220174 3.222643 3.116003 3.108179 3.153227 1.168342 1.168342 0.781352 0.331975 0.322340 1.174132 0.648325 0.687266 1.235138 1.281577 5.410683 5.391065 2.843994 1.222651 0.890752 0.840793 0.489165 0.489165 2.022119 0.825968 0.751897 0.793870 0.731056 1.008871 1.008871 5.051234 0.737367 1.119611 0.858970 0.858970 0.818323 0.822891 0.930186 1.395496 1.575346 1.594558 1.839330 1.086676 2.210828 2.899897 2.902518 5.550172 1.750850 2.900930 7.593504 1.346489 1.283710 1.151562 1.046499 0.912199 1.168937 1.007808 0.948032 2.737741 2.737741 2.249724 4.092531 3.808873 1.281757 1.123804 1.412896 1.194667 1.273526 0.594660 1.095129 1.302690 1.130043 0.808378 0.919171 1.359149 1.281144 1.140090 1.267905 0.962882 1.089433 1.186375 1.277597 2.836354 2.323759 3.099448 5.065826 1.405003 1.850308 4.446022 8.892935 8.922925 8.443688 8.662322 1.126124 1.116998 1.126124 1.116998 0.815137 0.841691 0.946111 1.545705 1.719844
54 8.277174 3.307010 3.307010 3.307010 2.479611 3.580734 5.329007 5.329007 6.863260 11.137082 0.880929 0.889247 1.727105 2.006955 0.926511 1.419941 0.882718 1.498820 0.973997 4.505924 1.330441 1.092761 2.537778 2.587265 0.665051 0.709785 0.550994 0.666695 0.564268 0.591498 3.801949 3.801949 2.106709 2.106709 2.573271 2.566807 0.811431 0.709236 0.672972 0.767804 0.687466 1.003518 1.008690 1.008690 0.684095 0.592515 2.446587 2.363680 0.502628 0.329218 1.932700 2.002501 0.823633 0.000000 0.626817 0.626817 0.402201 2.320163 2.320163 2.320163 2.320163 2.320163 1.413786 2.172247 2.277346 3.558966 0.869576 0.784574 1.028038 0.934185 1.069393 1.941720 1.056110 1.262871 1.271518 1.245389 0.980313 1.015912 1.362447 1.182657 0.678929 2.470956 4.320388 0.716762 0.691304 0.589404 0.696609 0.870491 2.331108 2.182562 2.995402 2.995402 0.870491 1.435978 2.859470 5.269177 4.894685 3.116067 2.353826 1.276229 0.525897 0.576132 3.513069 3.504808 1.625292 0.882354 1.093591 2.761649 2.764527 2.719432 2.724799 2.750028 0.584999 0.584999 0.368059 0.846992 0.848523 0.488787 0.826376 0.945363 1.514535 1.696522 5.045659 5.036237 2.373702 0.792313 0.741489 0.680661 1.114726 1.114726 2.360441 0.440175 0.737818 0.780548 1.154886 1.432092 1.432092 4.983231 0.575572 0.553798 0.941768 0.941768 0.522818 1.216613 1.416548 1.928223 2.062123 2.082546 2.270726 1.029489 2.468696 3.483363 3.486822 5.983546 2.284080 3.484734 8.071152 0.692002 0.697458 0.669550 0.676118 0.654147 0.980926 1.038811 1.195770 2.796025 2.796025 2.621270 4.622109 4.199444 0.512887 0.350513 1.604207 0.455050 0.633806 0.747573 0.415172 0.667200 0.627448 0.627417 0.945380 0.661913 0.595845 0.704673 1.103533 0.874770 1.536330 1.265641 1.524988 3.140844 2.750777 3.651319 5.539167 1.464864 2.521317 4.821339 9.163174 9.192283 8.936138 9.177029 0.400885 0.374484 0.400885 0.374484 0.373099 0.923477 0.621243 1.352698 1.143447
55 7.975005 3.413539 3.413539 3.413539 2.434975 3.592527 5.336188 5.336188 7.003679 11.168488 1.187720 1.173335 1.317513 1.794928 1.089923 1.696108 0.759874 1.520459 0.915770 4.185039 1.382534 1.153087 2.564332 2.596403 1.019164 0.887950 0.948682 0.887467 0.882285 0.899944 3.393259 3.393259 1.997800 1.997800 2.608436 2.606160 0.379780 0.325178 0.537998 0.438460 0.556022 1.145098 1.149633 1.149633 0.860524 0.624311 2.722850 2.726405 0.942355 0.587752 2.337368 2.321041 1.032982 0.626817 0.000000 0.683850 0.544430 2.716271 2.716271 2.716271 2.716271 2.716271 1.335004 1.879131 2.113394 3.271042 0.667948 0.635655 0.980957 0.788849 1.023183 1.916658 1.044403 1.400883 1.366570 1.525732 1.190096 1.344968 1.405896 1.362030 0.953246 2.525050 4.431420 0.950277 0.992014 0.588443 0.695796 0.775107 2.538973 2.091158 3.159865 3.159865 0.775107 1.587853 2.806472 5.277198 4.903319 3.322818 2.436482 1.526949 0.571612 0.263233 3.841575 3.837831 1.936953 1.213114 1.457006 3.078879 3.081461 3.057050 3.049075 3.096904 0.642044 0.642044 0.564919 1.107353 1.102486 0.652520 0.828565 0.861105 1.584267 1.620733 5.377131 5.373733 2.697906 0.621544 0.621575 0.547584 1.111373 1.111373 2.257593 0.565369 0.450298 0.517347 1.249018 1.429483 1.429483 4.985796 0.430765 0.447044 0.606734 0.606734 0.547677 1.302025 1.367484 1.719919 1.868804 1.884244 2.104357 0.894041 2.429910 3.500828 3.502364 5.888362 2.348624 3.501429 7.842117 0.477076 0.467841 0.472097 0.590446 0.660538 0.985199 1.149502 1.380550 2.674840 2.674840 2.460161 4.375260 3.945885 0.552463 0.530975 1.311383 0.706860 0.833241 1.238323 0.430905 0.584427 0.538636 0.606699 0.745996 0.610580 0.590056 0.496130 0.963560 0.769934 1.484033 1.313631 1.397318 3.017003 2.794109 3.662885 5.433260 1.300426 2.699051 4.868845 9.120167 9.149413 9.010944 9.216132 0.516121 0.495894 0.516121 0.495894 0.573736 0.591632 0.760647 1.531992 1.488012
56 7.989652 2.974281 2.974281 2.974281 2.234682 3.178104 5.066458 5.066458 6.519541 10.871432 1.412530 1.379428 1.317513 1.512106 1.454562 1.393371 1.130877 1.631727 1.241012 4.226735 1.452637 1.240988 2.605041 2.636617 1.128061 1.220627 1.064811 1.171393 1.062622 1.077329 3.484709 3.484709 1.923867 1.923867 2.299474 2.296892 0.919624 0.757226 0.537998 0.812341 0.556022 0.613146 0.621575 0.621575 0.522352 0.624311 2.879123 2.789986 0.942355 0.587752 2.337368 2.467531 0.362974 0.626817 0.683850 0.000000 0.544430 2.716271 2.716271 2.716271 2.716271 2.716271 1.612645 1.879131 1.879131 3.124806 1.124519 1.051443 1.195795 1.043999 1.023183 1.916658 1.338750 1.595944 1.565911 1.363894 1.351119 1.158141 1.679898 1.177911 1.221983 2.616014 4.324602 1.266689 1.204883 0.902173 0.975593 1.033654 1.908004 2.091158 2.679337 2.679337 1.033654 1.259355 2.450650 5.004290 4.608322 2.869707 2.236324 1.790814 1.014010 0.550560 3.939242 3.928158 2.110275 1.392586 1.457006 3.209032 3.211509 3.132604 3.124821 3.171508 0.938014 0.938014 0.564919 0.539379 0.529316 0.945216 0.467834 0.523308 1.254832 1.300568 5.452699 5.438610 2.824920 0.924103 0.621575 0.547584 0.547584 0.547584 2.039957 0.565369 0.450298 0.517347 0.790408 1.052674 1.052674 5.032476 0.430765 0.817006 0.606734 0.606734 0.547677 0.871761 0.966805 1.422259 1.599102 1.617119 1.868961 0.894041 2.229162 3.074068 3.075817 5.645078 1.909302 3.074753 7.661129 1.022736 0.959349 0.830979 0.763185 0.660538 0.985199 0.923962 0.985199 2.674840 2.674840 2.262099 4.155995 3.825533 1.003340 0.865786 1.311383 0.983515 1.077934 0.773397 0.808288 1.021289 0.870505 0.606699 0.745996 1.091419 1.024520 0.844864 1.078088 0.769934 1.125634 1.121595 1.218543 2.857797 2.436482 3.257425 5.168598 1.300426 2.116359 4.571625 8.965018 8.994768 8.640024 8.853812 0.856756 0.844725 0.856756 0.844725 0.573736 0.591632 0.760647 1.531992 1.637630
57 7.983185 3.252110 3.252110 3.252110 2.405904 3.440931 5.236263 5.236263 6.791500 11.036670 0.905058 0.869447 1.400569 1.735657 0.964979 1.475804 0.897054 1.562705 1.069700 4.213372 1.402020 1.178861 2.576025 2.628518 0.729970 0.718638 0.627819 0.676112 0.575365 0.602093 3.488363 3.488363 2.025987 2.025987 2.506904 2.499318 0.867962 0.773275 0.740155 0.827321 0.753358 1.049755 1.054701 1.054701 0.702991 0.614234 2.372714 2.320948 0.515055 0.338110 1.897476 1.968526 0.751049 0.402201 0.544430 0.544430 0.000000 2.277917 2.277917 2.277917 2.277917 2.277917 1.484944 1.925600 2.043425 3.226277 0.991563 0.913067 1.129158 0.966956 1.106212 1.962238 1.136647 1.302794 1.265825 1.239576 1.031234 1.008778 1.357136 1.206414 0.738629 2.460127 4.314203 0.773548 0.750020 0.738082 0.826215 0.894030 2.237880 2.082695 2.923435 2.923435 0.894030 1.513000 2.678904 5.175189 4.793359 3.158304 2.409462 1.274513 0.660721 0.482147 3.459682 3.451292 1.601873 0.906444 1.113120 2.715349 2.718276 2.657783 2.648606 2.703529 0.577342 0.577342 0.391495 0.759209 0.762863 0.588970 0.890319 0.920680 1.551881 1.589091 4.984885 4.975347 2.332426 0.937299 0.802959 0.747152 1.012861 1.012861 2.210760 0.644093 0.545877 0.602380 1.162232 1.354312 1.354312 5.002402 0.481477 0.692773 0.699606 0.699606 0.649054 1.185082 1.275976 1.648097 1.802923 1.827871 2.036482 0.992925 2.393290 3.338243 3.342295 5.793738 2.201284 3.339851 7.772998 0.832375 0.846784 0.833971 0.839253 0.821655 1.099738 1.151667 1.295019 2.729894 2.729894 2.425344 4.301761 3.924271 0.651781 0.533503 1.220078 0.582381 0.730622 0.819441 0.564721 0.769219 0.650660 0.517193 0.675214 0.648327 0.580716 0.747574 1.060310 0.819569 1.409455 1.298044 1.395596 2.977192 2.684857 3.514325 5.334236 1.316855 2.477965 4.749852 9.057201 9.086649 8.845746 9.054678 0.578223 0.560242 0.578223 0.560242 0.588272 0.672138 0.769552 1.096398 1.141533
58 8.625925 4.458775 4.458775 4.458775 3.897176 4.671126 6.184216 6.184216 7.546559 11.631019 1.612152 1.594199 3.304824 3.513347 1.861866 2.678150 2.573939 2.901269 2.695036 5.226605 2.835342 2.773732 3.549452 3.676842 1.882346 1.922605 1.858206 1.900436 1.870594 1.870616 4.780491 4.780491 3.538597 3.538597 3.854704 3.831855 2.941108 2.922063 2.930480 2.936828 2.916856 3.023552 3.024290 3.024290 2.642788 2.620576 0.684036 0.342924 1.852932 2.325374 0.403503 0.651747 2.669013 2.320163 2.716271 2.716271 2.277917 0.000000 0.000000 0.000000 0.000000 0.000000 2.925998 3.494597 3.560879 4.489966 2.824162 2.751050 2.828474 2.818727 2.953034 3.362104 2.595915 2.245893 2.250766 2.236109 2.100048 2.107867 2.290897 2.634831 1.875661 3.056141 4.649158 1.892829 1.877010 2.621869 2.645783 2.683524 3.446391 3.317368 3.900485 3.900485 2.683524 3.198340 4.039818 6.132260 5.813633 4.330728 3.825363 1.394202 2.363997 2.675046 1.289007 1.276324 0.941967 1.645258 1.822918 0.741149 0.718825 0.563834 0.589175 0.748896 2.314294 2.314294 2.439310 2.538338 2.556317 2.270080 3.044451 3.077913 3.342633 3.428931 2.773018 2.755837 0.570943 2.959161 2.945959 2.931240 3.061288 3.061288 3.777970 2.707989 2.771972 2.783650 3.066458 3.181240 3.181240 5.505269 2.705724 2.698974 2.875442 2.875442 2.766691 3.059863 3.186885 3.414237 3.519955 3.555397 3.610089 2.963985 3.864991 4.574925 4.587271 6.736618 3.670588 4.579858 8.655211 2.723344 2.812598 2.893265 2.909864 2.904837 3.028391 3.047632 3.104642 4.025467 4.025467 3.974661 5.503705 5.101172 2.376176 2.343955 2.835168 2.149873 2.194674 2.239710 2.490225 2.540899 2.533282 2.533275 2.650075 2.248290 2.227065 2.763059 2.882385 2.804902 3.258322 3.092179 3.233780 4.280515 4.081628 4.735508 6.299217 2.994831 3.790379 5.576794 9.566078 9.604318 9.376821 9.606668 2.412590 2.413497 2.412590 2.413497 2.615251 2.831248 2.670614 1.480581 1.310839
59 8.625925 4.458775 4.458775 4.458775 3.897176 4.671126 6.184216 6.184216 7.546559 11.631019 1.612152 1.594199 3.304824 3.513347 1.861866 2.678150 2.573939 2.901269 2.695036 5.226605 2.835342 2.773732 3.549452 3.676842 1.882346 1.922605 1.858206 1.900436 1.870594 1.870616 4.780491 4.780491 3.538597 3.538597 3.854704 3.831855 2.941108 2.922063 2.930480 2.936828 2.916856 3.023552 3.024290 3.024290 2.642788 2.620576 0.684036 0.342924 1.852932 2.325374 0.403503 0.651747 2.669013 2.320163 2.716271 2.716271 2.277917 0.000000 0.000000 0.000000 0.000000 0.000000 2.925998 3.494597 3.560879 4.489966 2.824162 2.751050 2.828474 2.818727 2.953034 3.362104 2.595915 2.245893 2.250766 2.236109 2.100048 2.107867 2.290897 2.634831 1.875661 3.056141 4.649158 1.892829 1.877010 2.621869 2.645783 2.683524 3.446391 3.317368 3.900485 3.900485 2.683524 3.198340 4.039818 6.132260 5.813633 4.330728 3.825363 1.394202 2.363997 2.675046 1.289007 1.276324 0.941967 1.645258 1.822918 0.741149 0.718825 0.563834 0.589175 0.748896 2.314294 2.314294 2.439310 2.538338 2.556317 2.270080 3.044451 3.077913 3.342633 3.428931 2.773018 2.755837 0.570943 2.959161 2.945959 2.931240 3.061288 3.061288 3.777970 2.707989 2.771972 2.783650 3.066458 3.181240 3.181240 5.505269 2.705724 2.698974 2.875442 2.875442 2.766691 3.059863 3.186885 3.414237 3.519955 3.555397 3.610089 2.963985 3.864991 4.574925 4.587271 6.736618 3.670588 4.579858 8.655211 2.723344 2.812598 2.893265 2.909864 2.904837 3.028391 3.047632 3.104642 4.025467 4.025467 3.974661 5.503705 5.101172 2.376176 2.343955 2.835168 2.149873 2.194674 2.239710 2.490225 2.540899 2.533282 2.533275 2.650075 2.248290 2.227065 2.763059 2.882385 2.804902 3.258322 3.092179 3.233780 4.280515 4.081628 4.735508 6.299217 2.994831 3.790379 5.576794 9.566078 9.604318 9.376821 9.606668 2.412590 2.413497 2.412590 2.413497 2.615251 2.831248 2.670614 1.480581 1.310839
60 8.625925 4.458775 4.458775 4.458775 3.897176 4.671126 6.184216 6.184216 7.546559 11.631019 1.612152 1.594199 3.304824 3.513347 1.861866 2.678150 2.573939 2.901269 2.695036 5.226605 2.835342 2.773732 3.549452 3.676842 1.882346 1.922605 1.858206 1.900436 1.870594 1.870616 4.780491 4.780491 3.538597 3.538597 3.854704 3.831855 2.941108 2.922063 2.930480 2.936828 2.916856 3.023552 3.024290 3.024290 2.642788 2.620576 0.684036 0.342924 1.852932 2.325374 0.403503 0.651747 2.669013 2.320163 2.716271 2.716271 2.277917 0.000000 0.000000 0.000000 0.000000 0.000000 2.925998 3.494597 3.560879 4.489966 2.824162 2.751050 2.828474 2.818727 2.953034 3.362104 2.595915 2.245893 2.250766 2.236109 2.100048 2.107867 2.290897 2.634831 1.875661 3.056141 4.649158 1.892829 1.877010 2.621869 2.645783 2.683524 3.446391 3.317368 3.900485 3.900485 2.683524 3.198340 4.039818 6.132260 5.813633 4.330728 3.825363 1.394202 2.363997 2.675046 1.289007 1.276324 0.941967 1.645258 1.822918 0.741149 0.718825 0.563834 0.589175 0.748896 2.314294 2.314294 2.439310 2.538338 2.556317 2.270080 3.044451 3.077913 3.342633 3.428931 2.773018 2.755837 0.570943 2.959161 2.945959 2.931240 3.061288 3.061288 3.777970 2.707989 2.771972 2.783650 3.066458 3.181240 3.181240 5.505269 2.705724 2.698974 2.875442 2.875442 2.766691 3.059863 3.186885 3.414237 3.519955 3.555397 3.610089 2.963985 3.864991 4.574925 4.587271 6.736618 3.670588 4.579858 8.655211 2.723344 2.812598 2.893265 2.909864 2.904837 3.028391 3.047632 3.104642 4.025467 4.025467 3.974661 5.503705 5.101172 2.376176 2.343955 2.835168 2.149873 2.194674 2.239710 2.490225 2.540899 2.533282 2.533275 2.650075 2.248290 2.227065 2.763059 2.882385 2.804902 3.258322 3.092179 3.233780 4.280515 4.081628 4.735508 6.299217 2.994831 3.790379 5.576794 9.566078 9.604318 9.376821 9.606668 2.412590 2.413497 2.412590 2.413497 2.615251 2.831248 2.670614 1.480581 1.310839
61 8.625925 4.458775 4.458775 4.458775 3.897176 4.671126 6.184216 6.184216 7.546559 11.631019 1.612152 1.594199 3.304824 3.513347 1.861866 2.678150 2.573939 2.901269 2.695036 5.226605 2.835342 2.773732 3.549452 3.676842 1.882346 1.922605 1.858206 1.900436 1.870594 1.870616 4.780491 4.780491 3.538597 3.538597 3.854704 3.831855 2.941108 2.922063 2.930480 2.936828 2.916856 3.023552 3.024290 3.024290 2.642788 2.620576 0.684036 0.342924 1.852932 2.325374 0.403503 0.651747 2.669013 2.320163 2.716271 2.716271 2.277917 0.000000 0.000000 0.000000 0.000000 0.000000 2.925998 3.494597 3.560879 4.489966 2.824162 2.751050 2.828474 2.818727 2.953034 3.362104 2.595915 2.245893 2.250766 2.236109 2.100048 2.107867 2.290897 2.634831 1.875661 3.056141 4.649158 1.892829 1.877010 2.621869 2.645783 2.683524 3.446391 3.317368 3.900485 3.900485 2.683524 3.198340 4.039818 6.132260 5.813633 4.330728 3.825363 1.394202 2.363997 2.675046 1.289007 1.276324 0.941967 1.645258 1.822918 0.741149 0.718825 0.563834 0.589175 0.748896 2.314294 2.314294 2.439310 2.538338 2.556317 2.270080 3.044451 3.077913 3.342633 3.428931 2.773018 2.755837 0.570943 2.959161 2.945959 2.931240 3.061288 3.061288 3.777970 2.707989 2.771972 2.783650 3.066458 3.181240 3.181240 5.505269 2.705724 2.698974 2.875442 2.875442 2.766691 3.059863 3.186885 3.414237 3.519955 3.555397 3.610089 2.963985 3.864991 4.574925 4.587271 6.736618 3.670588 4.579858 8.655211 2.723344 2.812598 2.893265 2.909864 2.904837 3.028391 3.047632 3.104642 4.025467 4.025467 3.974661 5.503705 5.101172 2.376176 2.343955 2.835168 2.149873 2.194674 2.239710 2.490225 2.540899 2.533282 2.533275 2.650075 2.248290 2.227065 2.763059 2.882385 2.804902 3.258322 3.092179 3.233780 4.280515 4.081628 4.735508 6.299217 2.994831 3.790379 5.576794 9.566078 9.604318 9.376821 9.606668 2.412590 2.413497 2.412590 2.413497 2.615251 2.831248 2.670614 1.480581 1.310839
62 8.625925 4.458775 4.458775 4.458775 3.897176 4.671126 6.184216 6.184216 7.546559 11.631019 1.612152 1.594199 3.304824 3.513347 1.861866 2.678150 2.573939 2.901269 2.695036 5.226605 2.835342 2.773732 3.549452 3.676842 1.882346 1.922605 1.858206 1.900436 1.870594 1.870616 4.780491 4.780491 3.538597 3.538597 3.854704 3.831855 2.941108 2.922063 2.930480 2.936828 2.916856 3.023552 3.024290 3.024290 2.642788 2.620576 0.684036 0.342924 1.852932 2.325374 0.403503 0.651747 2.669013 2.320163 2.716271 2.716271 2.277917 0.000000 0.000000 0.000000 0.000000 0.000000 2.925998 3.494597 3.560879 4.489966 2.824162 2.751050 2.828474 2.818727 2.953034 3.362104 2.595915 2.245893 2.250766 2.236109 2.100048 2.107867 2.290897 2.634831 1.875661 3.056141 4.649158 1.892829 1.877010 2.621869 2.645783 2.683524 3.446391 3.317368 3.900485 3.900485 2.683524 3.198340 4.039818 6.132260 5.813633 4.330728 3.825363 1.394202 2.363997 2.675046 1.289007 1.276324 0.941967 1.645258 1.822918 0.741149 0.718825 0.563834 0.589175 0.748896 2.314294 2.314294 2.439310 2.538338 2.556317 2.270080 3.044451 3.077913 3.342633 3.428931 2.773018 2.755837 0.570943 2.959161 2.945959 2.931240 3.061288 3.061288 3.777970 2.707989 2.771972 2.783650 3.066458 3.181240 3.181240 5.505269 2.705724 2.698974 2.875442 2.875442 2.766691 3.059863 3.186885 3.414237 3.519955 3.555397 3.610089 2.963985 3.864991 4.574925 4.587271 6.736618 3.670588 4.579858 8.655211 2.723344 2.812598 2.893265 2.909864 2.904837 3.028391 3.047632 3.104642 4.025467 4.025467 3.974661 5.503705 5.101172 2.376176 2.343955 2.835168 2.149873 2.194674 2.239710 2.490225 2.540899 2.533282 2.533275 2.650075 2.248290 2.227065 2.763059 2.882385 2.804902 3.258322 3.092179 3.233780 4.280515 4.081628 4.735508 6.299217 2.994831 3.790379 5.576794 9.566078 9.604318 9.376821 9.606668 2.412590 2.413497 2.412590 2.413497 2.615251 2.831248 2.670614 1.480581 1.310839
63 7.668449 3.426518 3.426518 3.426518 2.484501 3.690486 5.223885 5.223885 7.019156 10.985660 1.645708 1.590072 2.101006 2.526996 1.486970 1.512494 0.675008 0.597856 0.496433 4.076516 0.827032 0.918891 1.838663 1.900796 1.382549 1.438914 1.449902 1.448023 1.443929 1.430452 3.320555 3.320555 1.398061 1.398061 2.322784 2.319461 1.253004 1.264232 1.422160 1.038866 1.171121 1.670191 1.657233 1.657233 1.259416 1.029573 2.932165 2.947831 1.525143 1.324475 2.619167 2.551976 1.818934 1.413786 1.335004 1.612645 1.484944 2.925998 2.925998 2.925998 2.925998 2.925998 0.000000 2.139561 2.421520 3.652902 0.843733 0.840806 0.807499 0.894811 1.070710 1.598050 0.783085 0.773428 0.787467 1.214507 1.277369 1.563631 0.770540 1.481524 1.351920 1.998462 3.938946 1.479192 1.239810 1.024227 0.881528 1.147015 2.975956 1.977607 3.251915 3.251915 1.147015 1.645448 2.758568 5.204780 5.070072 3.306974 2.357561 1.865251 1.227875 1.300420 3.962298 3.963542 2.225986 1.712271 1.972012 3.235271 3.232812 3.246918 3.251415 3.155214 1.110406 1.110406 1.393146 1.830928 1.828597 1.031748 1.630838 1.487070 1.688277 1.853280 5.479845 5.480512 2.957907 1.062612 1.208463 1.406920 1.891329 1.891329 2.843101 1.205477 1.343055 1.251361 1.589815 1.528502 1.528502 4.173249 1.467175 1.269557 1.580034 1.580034 1.372194 2.000164 2.119845 2.180980 2.328380 2.318772 2.239511 1.002007 2.478550 3.659395 3.661168 5.892950 2.326595 3.660092 8.029813 1.207773 1.182898 1.226129 1.294207 1.360272 1.585881 1.743882 1.949630 1.872004 1.872004 2.924828 4.885268 3.760367 1.283765 1.267049 2.115867 1.268268 0.945952 1.779373 1.216793 0.884684 1.118939 1.288868 1.509959 1.313203 1.279320 1.006621 0.776283 1.033072 1.897418 1.442613 1.601971 2.883862 2.898752 3.711524 5.161011 1.191739 2.782810 4.145515 8.200520 8.240947 8.661228 8.909554 1.266560 1.264911 1.266560 1.264911 1.283650 1.414474 1.156721 2.197639 1.982400
64 6.294251 2.895027 2.895027 2.895027 2.303480 2.786051 4.717945 4.717945 6.400392 10.360794 2.497277 2.361454 1.158440 1.443164 2.458515 1.894409 1.850449 1.899375 1.989306 2.540314 1.731839 1.869255 2.034028 2.040013 2.156854 2.305200 2.266822 2.299746 2.216860 2.207508 2.433339 2.433339 1.921401 1.921401 2.355327 2.354571 2.012505 1.928974 1.880755 1.951268 1.921076 2.022720 1.998689 1.998689 1.779466 1.746306 3.537730 3.560178 2.201977 1.904374 3.239994 3.284713 1.954691 2.172247 1.879131 1.879131 1.925600 3.494597 3.494597 3.494597 3.494597 3.494597 2.139561 0.000000 0.683850 1.720745 2.076035 2.055466 1.751646 1.631690 1.512231 1.486912 1.867015 2.088155 1.978588 1.961899 1.930431 1.838865 2.057002 1.581900 2.334013 1.983718 3.370044 2.390504 2.291395 2.069250 2.050750 1.603191 2.318739 1.032763 2.296835 2.296835 1.603191 2.168247 2.340716 4.742614 4.322742 3.239331 2.679596 2.759274 2.164537 1.767970 4.535437 4.525264 2.996942 2.492463 2.522422 3.865399 3.875874 3.794503 3.757101 3.783585 1.992113 1.992113 1.896016 1.889979 1.885755 2.113357 1.944627 1.806106 2.058963 1.718637 5.936620 5.928614 3.580963 2.056305 1.878060 1.854886 1.724315 1.724315 2.050053 2.028149 1.610598 1.630615 1.711424 1.646543 1.646543 3.992942 1.802066 2.024744 1.466289 1.466289 1.928228 1.913029 1.698193 1.468010 1.556344 1.501892 1.585626 1.811443 2.300610 2.825333 2.826317 4.973179 2.030516 2.825711 6.702732 2.158029 2.084885 2.050551 1.966198 1.958751 2.025798 2.054451 2.138109 2.414602 2.414602 2.103573 3.381999 2.857960 2.231974 2.151146 1.360444 2.154326 2.199036 2.177791 2.081083 2.069436 1.748188 1.559742 1.288292 2.154052 2.083928 1.861115 1.644779 1.570612 1.601760 2.042568 1.599022 2.405005 2.590984 3.159943 4.542706 1.069093 2.438612 4.264035 8.267260 8.283402 7.543363 7.666310 2.190144 2.177812 2.190144 2.177812 1.983369 1.434443 1.846176 2.317928 2.697887
65 6.349730 2.458237 2.458237 2.458237 2.199630 2.328911 4.463267 4.463267 5.906400 10.063131 2.699742 2.563244 1.345227 1.270855 2.727593 1.766673 2.143196 2.103810 2.264170 2.696587 1.914593 2.042598 2.194394 2.199942 2.313762 2.546188 2.416600 2.518143 2.394338 2.385682 2.649109 2.649109 1.967102 1.967102 2.121052 2.120212 2.284579 2.157832 2.001222 2.177785 2.039163 1.903614 1.878060 1.878060 1.779466 1.875430 3.722717 3.673317 2.305722 2.023435 3.311376 3.458102 1.831166 2.277346 2.113394 1.879131 2.043425 3.560879 3.560879 3.560879 3.560879 3.560879 2.421520 0.683850 0.000000 1.579022 2.365578 2.322513 2.000891 1.896764 1.659667 1.636630 2.157515 2.326501 2.228682 1.961899 2.145555 1.838865 2.354659 1.581900 2.549477 2.206907 3.299931 2.623668 2.487125 2.284096 2.267350 1.872304 1.743071 1.238648 1.713826 1.713826 1.872304 2.057582 2.018911 4.489335 4.043247 2.855698 2.590865 2.992772 2.419575 1.956322 4.668809 4.652649 3.186030 2.673513 2.613477 4.028319 4.038371 3.915808 3.879576 3.905229 2.214456 2.214456 2.015571 1.761922 1.757391 2.324129 1.944627 1.806106 1.942081 1.576726 6.043964 6.026408 3.740644 2.272376 1.998689 1.976930 1.582912 1.582912 1.932632 2.140336 1.749765 1.768207 1.568859 1.497816 1.497816 4.108393 1.927457 2.243856 1.617917 1.617917 2.045902 1.786626 1.554416 1.299000 1.398054 1.337173 1.430580 1.936227 2.196623 2.375764 2.376935 4.732257 1.649256 2.376214 6.525976 2.437853 2.348589 2.267170 2.137150 2.074694 2.138109 2.054451 2.025798 2.509572 2.509572 1.989313 3.167802 2.774939 2.480088 2.358544 1.522648 2.361445 2.402304 2.067637 2.294822 2.334886 1.997865 1.703070 1.458543 2.434333 2.347740 2.097391 1.845745 1.713030 1.448442 2.042568 1.599022 2.305731 2.304398 2.765319 4.277607 1.269099 1.899625 3.980420 8.124613 8.141038 7.129016 7.258984 2.394166 2.382891 2.394166 2.382891 2.097953 1.589112 1.968761 2.416700 2.865989
66 5.277547 3.321077 3.321077 3.321077 3.134485 2.813741 4.734349 4.734349 6.113827 9.938475 3.842986 3.706547 2.055488 2.007602 3.862603 3.255928 3.383769 3.450500 3.550549 1.920273 3.338503 3.413523 3.506465 3.509940 3.582378 3.694773 3.649643 3.675502 3.591814 3.586049 2.071405 2.071405 3.001990 3.001990 3.105047 3.104473 3.475041 3.393059 3.295678 3.405782 3.318854 3.237337 3.222377 3.222377 3.153599 3.208727 4.551399 4.579650 3.533359 3.309214 4.294782 4.408900 3.096199 3.558966 3.271042 3.124806 3.226277 4.489966 4.489966 4.489966 4.489966 4.489966 3.652902 1.720745 1.579022 0.000000 3.616060 3.588036 3.388731 3.233314 3.100178 3.087906 3.483505 3.590619 3.461136 3.295677 3.476110 3.223951 3.543566 3.084615 3.738953 3.424477 4.212618 3.789930 3.696718 3.563289 3.552578 3.219026 2.832829 2.553600 2.814929 2.814929 3.219026 3.411109 2.563067 4.758933 4.340640 3.954105 3.767296 4.054210 3.651613 3.171825 5.410888 5.396951 4.198896 3.824605 3.782882 4.869013 4.877333 4.743609 4.680568 4.767678 3.429347 3.429347 3.304411 3.055757 3.053146 3.567307 3.261623 3.081444 3.260105 2.733622 6.633961 6.617970 4.633827 3.555788 3.294141 3.280985 2.848783 2.848783 2.734051 3.472891 2.944763 2.955758 3.001044 2.802393 2.802393 4.935466 3.154104 3.515536 2.757586 2.757586 3.369568 3.070067 2.720815 2.044679 2.108997 2.069140 2.130697 3.159471 3.132376 2.852642 2.853617 4.461048 2.776089 2.853017 5.488333 3.663750 3.604970 3.552463 3.470928 3.432825 3.471519 3.420629 3.403497 3.359252 3.359252 2.539819 2.246852 2.281880 3.691987 3.611463 2.193575 3.613358 3.640192 3.417183 3.548283 3.574325 3.293641 3.022205 2.667203 3.575274 3.516886 3.354945 3.104844 3.027830 2.661692 3.320947 2.746543 2.794586 3.208874 3.184384 3.975501 2.568508 3.036203 4.425349 8.047527 8.064108 7.129016 7.085163 3.634827 3.627410 3.634827 3.627410 3.446932 2.740785 3.369860 3.290450 3.961544
67 8.028055 3.600846 3.600846 3.600846 2.630982 3.852485 5.523722 5.523722 7.245073 11.351922 1.293600 1.263181 1.799673 2.295281 1.073159 1.602855 0.444755 1.108400 0.475367 4.333136 1.075339 1.007291 2.246813 2.296433 1.030021 0.982597 1.038118 0.991485 1.019521 1.010774 3.556040 3.556040 1.909101 1.909101 2.679784 2.678455 0.462605 0.537680 0.864610 0.450104 0.703473 1.395379 1.390576 1.390576 1.001899 0.691155 2.818147 2.837386 1.131616 0.820564 2.466942 2.394571 1.425947 0.869576 0.667948 1.124519 0.991563 2.824162 2.824162 2.824162 2.824162 2.824162 0.843733 2.076035 2.365578 3.616060 0.000000 0.103173 0.630449 0.656979 0.945978 1.746434 0.637085 1.089473 1.099484 1.436589 1.067286 1.392566 1.078330 1.336366 0.997890 2.265196 4.226527 1.039409 0.990434 0.574260 0.577548 0.761658 2.849701 2.046062 3.293993 3.293993 0.761658 1.672615 3.019334 5.484296 5.192617 3.452558 2.510837 1.570551 0.597801 0.680037 3.917308 3.919682 2.022392 1.378905 1.710769 3.154555 3.149384 3.166499 3.171110 3.166272 0.775885 0.775885 0.911368 1.499075 1.494491 0.631906 1.152801 1.158863 1.702612 1.866349 5.463726 5.464394 2.801062 0.562516 0.804776 0.856837 1.527047 1.527047 2.676207 0.664765 0.890244 0.878013 1.418497 1.571541 1.571541 4.622244 0.941086 0.635833 1.137921 1.137921 0.825395 1.688122 1.824079 2.108634 2.275831 2.276806 2.381722 0.960421 2.627537 3.793388 3.794414 6.161572 2.506629 3.793787 8.214002 0.429159 0.393833 0.479766 0.703858 0.819015 1.184844 1.389231 1.640090 2.516379 2.516379 2.865371 4.849905 4.119238 0.636729 0.649810 1.832392 0.741470 0.696346 1.467605 0.518591 0.304553 0.569800 0.856637 1.164940 0.732431 0.712798 0.563156 0.890588 0.875082 1.803500 1.437302 1.630500 3.193755 3.024726 3.922586 5.596271 1.327682 2.859160 4.765970 8.941298 8.982198 9.021627 9.260294 0.587602 0.591313 0.587602 0.591313 0.710363 1.023164 0.790424 1.893492 1.643866
68 8.023195 3.542717 3.542717 3.542717 2.596275 3.798385 5.486249 5.486249 7.184069 11.313086 1.231609 1.196570 1.777786 2.253342 1.029703 1.520404 0.399464 1.075711 0.445441 4.326587 1.032453 0.962133 2.226934 2.280210 0.946658 0.926916 0.955462 0.928495 0.943004 0.933541 3.558274 3.558274 1.880045 1.880045 2.629672 2.627640 0.477321 0.523166 0.820791 0.432662 0.648862 1.325261 1.320203 1.320203 0.913541 0.605728 2.763931 2.771738 1.042375 0.729876 2.392213 2.336351 1.342575 0.784574 0.635655 1.051443 0.913067 2.751050 2.751050 2.751050 2.751050 2.751050 0.840806 2.055466 2.322513 3.588036 0.103173 0.000000 0.597991 0.625898 0.899942 1.721933 0.603392 1.036780 1.047295 1.349157 1.002567 1.302181 1.040853 1.263215 0.932950 2.237065 4.190646 0.984681 0.917037 0.523762 0.527364 0.724344 2.766975 2.018035 3.222693 3.222693 0.724344 1.613617 2.967420 5.446430 5.152607 3.392085 2.474715 1.520148 0.550554 0.623618 3.859944 3.861408 1.964469 1.315381 1.642291 3.098611 3.093348 3.103716 3.108420 3.103484 0.713248 0.713248 0.835994 1.412934 1.408860 0.553200 1.098984 1.105342 1.650093 1.818565 5.406983 5.406307 2.743358 0.548660 0.757503 0.812599 1.463252 1.463252 2.640325 0.588054 0.834524 0.821464 1.349581 1.509627 1.509627 4.615760 0.884796 0.599967 1.096504 1.096504 0.767289 1.627226 1.769760 2.061825 2.232530 2.234520 2.339240 0.915841 2.591841 3.737599 3.738939 6.127456 2.444668 3.738123 8.188659 0.430153 0.392180 0.460552 0.669419 0.770884 1.152099 1.339770 1.580018 2.502728 2.502728 2.832830 4.818634 4.096669 0.593719 0.583183 1.793615 0.667366 0.616844 1.368976 0.452313 0.240066 0.510218 0.781679 1.110982 0.693071 0.661331 0.526567 0.850908 0.816969 1.749559 1.387310 1.588149 3.163116 2.975226 3.869467 5.559167 1.288222 2.783919 4.721216 8.917523 8.958532 8.972537 9.212476 0.521562 0.525739 0.521562 0.525739 0.630739 0.975526 0.719403 1.822114 1.579728
69 7.726594 3.216547 3.216547 3.216547 2.381107 3.496149 5.205690 5.205690 6.904769 11.005849 1.450624 1.373536 1.803519 2.176493 1.320347 1.148378 0.531404 0.696999 0.481980 4.033596 0.508358 0.679424 1.656210 1.704009 1.032622 1.217670 1.148956 1.217318 1.158388 1.143643 3.509024 3.509024 1.681244 1.681244 2.374911 2.372661 0.900525 0.840856 0.943790 0.787739 0.858746 1.318914 1.297893 1.297893 0.861785 0.626047 2.896482 2.872830 1.204769 0.879066 2.503366 2.488128 1.402983 1.028038 0.980957 1.195795 1.129158 2.828474 2.828474 2.828474 2.828474 2.828474 0.807499 1.751646 2.000891 3.388731 0.630449 0.597991 0.000000 0.378040 0.485808 1.136978 0.372672 0.877271 0.889673 1.118866 0.809933 1.079573 0.948972 0.857879 1.172428 1.726776 3.631795 1.259473 1.110254 0.752764 0.697986 0.483954 2.558769 1.499915 2.803846 2.803846 0.483954 1.448040 2.810393 5.195854 4.886989 3.103964 2.247941 1.761388 0.891573 0.877866 3.952288 3.948649 2.130845 1.493550 1.697620 3.201140 3.203623 3.192377 3.196950 3.150229 0.895014 0.895014 0.935040 1.392110 1.387975 0.835307 1.161690 1.149744 1.488579 1.673391 5.476101 5.472764 2.872107 0.770295 0.865578 0.914184 1.443155 1.443155 2.479941 0.787784 0.985508 0.974474 1.160465 1.343237 1.343237 4.082505 1.040750 0.833016 1.173770 1.173770 0.874155 1.546186 1.695546 2.027179 2.154939 2.137614 2.190568 0.964844 2.376271 3.478218 3.479657 5.877584 2.176258 3.478781 8.024178 0.864685 0.777155 0.777056 0.773781 0.828506 1.104866 1.253581 1.468342 2.271118 2.271118 2.699439 4.716721 3.929783 0.984469 0.902811 1.853132 0.918670 0.882653 1.353444 0.828505 0.687778 0.564808 0.743502 1.057497 1.064482 0.988762 0.697384 0.735960 0.714024 1.598130 1.304267 1.460201 2.932798 2.747211 3.665262 5.357207 0.958706 2.528159 4.455214 8.655439 8.686250 8.448197 8.702605 0.928419 0.917328 0.928419 0.917328 0.767705 1.069201 0.599943 1.973110 1.771162
70 7.680848 3.059628 3.059628 3.059628 2.108778 3.305532 4.973337 4.973337 6.731322 10.792533 1.385694 1.337212 1.546311 1.899570 1.309166 1.282890 0.526467 0.901579 0.506243 3.884608 0.673417 0.514346 1.818510 1.833230 1.071119 1.157434 1.137887 1.171747 1.108390 1.115190 3.337496 3.337496 1.568731 1.568731 2.219136 2.216729 0.803362 0.699688 0.734634 0.634867 0.721089 1.178338 1.161180 1.161180 0.787100 0.518448 2.859694 2.837979 1.156778 0.815516 2.479938 2.468022 1.281887 0.934185 0.788849 1.043999 0.966956 2.818727 2.818727 2.818727 2.818727 2.818727 0.894811 1.631690 1.896764 3.233314 0.656979 0.625898 0.378040 0.000000 0.409183 1.203068 0.617398 0.971344 0.952358 1.169328 0.910986 1.154226 1.045445 0.977493 1.104609 1.908255 3.816181 1.184108 1.052602 0.555323 0.508574 0.325830 2.487067 1.547072 2.829353 2.829353 0.325830 1.284858 2.626447 4.951044 4.625862 2.973629 2.035234 1.739026 0.809532 0.745191 3.935319 3.927314 2.091043 1.377711 1.510680 3.172245 3.185000 3.157238 3.155695 3.108966 0.681809 0.681809 0.733563 1.234451 1.229786 0.744020 0.991768 0.944956 1.304504 1.432603 5.459375 5.456028 2.840087 0.578865 0.642681 0.706786 1.261221 1.261221 2.163873 0.704209 0.782805 0.768868 1.058398 1.208693 1.208693 4.291984 0.790227 0.633481 0.898778 0.898778 0.683315 1.307454 1.427511 1.804880 1.877431 1.865506 1.948976 0.739294 2.103316 3.268417 3.269948 5.617610 2.041230 3.269016 7.748122 0.770229 0.692298 0.692187 0.608441 0.676672 0.851492 1.037197 1.288542 2.169662 2.169662 2.373530 4.433863 3.749355 0.886012 0.812797 1.592995 0.894044 0.856992 1.314196 0.769784 0.650988 0.485114 0.625465 0.807735 0.975242 0.908492 0.424136 0.525553 0.463319 1.343925 1.061841 1.176564 2.680644 2.514845 3.449603 5.174923 0.822350 2.489360 4.450512 8.661669 8.677077 8.479665 8.715294 0.889521 0.858710 0.889521 0.858710 0.703145 0.858236 0.469679 1.852778 1.709713
71 7.579131 2.762438 2.762438 2.762438 1.972272 3.032097 4.795673 4.795673 6.457902 10.601737 1.631361 1.562251 1.564662 1.785751 1.597653 1.001521 0.822291 0.873137 0.786796 3.812425 0.571857 0.567744 1.646393 1.653781 1.221983 1.432909 1.315271 1.424118 1.317953 1.318049 3.352826 3.352826 1.458171 1.458171 1.995507 1.994614 1.050613 0.903427 0.795286 0.854210 0.782791 1.006789 0.979089 0.979089 0.669550 0.575660 3.073151 3.009682 1.292764 0.920198 2.623143 2.678182 1.173974 1.069393 1.023183 1.023183 1.106212 2.953034 2.953034 2.953034 2.953034 2.953034 1.070710 1.512231 1.659667 3.100178 0.945978 0.899942 0.485808 0.409183 0.000000 0.960798 0.808388 1.126329 1.109998 1.079968 1.033112 1.063598 1.244403 0.737306 1.367228 1.820276 3.580518 1.462687 1.291872 0.836802 0.787889 0.538405 2.175418 1.355670 2.459003 2.459003 0.538405 1.085432 2.428664 4.785273 4.447989 2.688583 1.892729 1.999227 1.111327 0.898888 4.117464 4.106255 2.316243 1.611114 1.657084 3.371388 3.383393 3.331052 3.329590 3.276272 0.965594 0.965594 0.855421 1.119955 1.112813 1.010482 0.913886 0.854200 1.092443 1.242599 5.627758 5.619312 3.041626 0.804261 0.700689 0.759915 1.095880 1.095880 2.057463 0.786345 0.857445 0.844740 0.762765 0.960491 0.960491 4.124087 0.897127 0.886436 0.960786 0.960786 0.763038 1.158431 1.287231 1.687316 1.764706 1.740953 1.810993 0.783791 1.968919 3.013472 3.014395 5.462169 1.743519 3.013827 7.643491 1.079486 0.968608 0.892308 0.735286 0.715134 0.882366 0.946300 1.116343 2.094787 2.094787 2.281119 4.331438 3.642899 1.186025 1.065660 1.662508 1.128807 1.099694 1.218877 1.008509 0.959489 0.725296 0.669402 0.850997 1.285272 1.199165 0.714745 0.609365 0.471811 1.152816 0.979630 1.071080 2.556664 2.301529 3.225632 5.004687 0.697031 2.138818 4.218785 8.499559 8.515261 8.134118 8.379470 1.123968 1.099745 1.123968 1.099745 0.780043 0.909660 0.496327 1.995653 1.925303
72 7.153857 2.679895 2.679895 2.679895 2.140660 2.957091 4.634722 4.634722 6.339295 10.317857 2.299568 2.201599 2.124404 2.233087 2.271888 1.246613 1.561638 1.146022 1.498884 3.493208 0.863739 1.176426 0.859761 0.810376 1.876906 2.161880 2.042191 2.163979 2.052992 2.043981 3.500963 3.500963 1.722376 1.722376 2.114803 2.113961 1.911682 1.796877 1.706309 1.772643 1.739353 1.814562 1.779400 1.779400 1.536669 1.498145 3.493921 3.428734 2.036912 1.763647 3.108247 3.157543 1.983312 1.941720 1.916658 1.916658 1.962238 3.362104 3.362104 3.362104 3.362104 3.362104 1.598050 1.486912 1.636630 3.087906 1.746434 1.721933 1.136978 1.203068 0.960798 0.000000 1.345207 1.535030 1.523087 1.501343 1.467998 1.506729 1.647173 1.063854 2.086447 1.231111 2.756258 2.183146 2.002538 1.705253 1.638808 1.224116 2.437422 0.787472 2.197491 2.197491 1.224116 1.640270 2.669323 4.685285 4.340237 2.711116 2.067605 2.610689 1.909879 1.792878 4.440352 4.426100 2.844997 2.271596 2.245715 3.740713 3.760214 3.704400 3.703085 3.597444 1.772010 1.772010 1.714466 1.860631 1.856341 1.833657 1.784814 1.734551 1.644918 1.748250 5.871290 5.863195 3.471581 1.689522 1.642746 1.668868 1.846240 1.846240 2.313849 1.720338 1.753978 1.747802 1.440777 1.554533 1.554533 3.272360 1.796266 1.750651 1.769395 1.769395 1.670292 1.811755 1.896697 2.216294 2.216294 2.164709 2.122868 1.636842 2.137571 3.033593 3.034510 5.321414 1.922456 3.033945 7.581293 1.910298 1.810919 1.771282 1.614178 1.605099 1.605099 1.641114 1.744704 2.114998 2.114998 2.543024 4.474910 3.654558 2.008315 1.902519 2.245650 1.899804 1.882651 1.919417 1.869455 1.784463 1.515382 1.489439 1.559587 2.066984 1.978830 1.604925 1.365780 1.363583 1.685618 1.660556 1.630808 2.580349 2.447367 3.331256 4.959604 1.059970 2.314077 4.089394 8.213202 8.213202 7.445705 7.712986 1.979191 1.957022 1.979191 1.957022 1.675401 1.739535 1.372258 2.610980 2.544835
73 7.731890 3.486682 3.486682 3.486682 2.648168 3.747007 5.451376 5.451376 7.157473 11.237099 1.265433 1.161778 1.923880 2.374681 1.079505 1.250041 0.432151 0.725607 0.483545 4.101847 0.659781 0.891396 1.731039 1.818007 0.854684 1.033512 0.998498 1.034928 1.007459 0.977542 3.550880 3.550880 1.852049 1.852049 2.607341 2.602101 0.977704 0.979870 1.166251 0.934687 1.052361 1.562933 1.545235 1.545235 1.028218 0.767843 2.629435 2.637641 1.101028 0.884739 2.285989 2.227464 1.544441 1.056110 1.044403 1.338750 1.136647 2.595915 2.595915 2.595915 2.595915 2.595915 0.783085 1.867015 2.157515 3.483505 0.637085 0.603392 0.372672 0.617398 0.808388 1.345207 0.000000 0.671741 0.687859 1.093868 0.617629 1.035374 0.678011 0.964288 1.008451 1.647929 3.643431 1.095185 0.950936 0.855706 0.807938 0.632290 2.744315 1.591300 2.974141 2.974141 0.632290 1.727504 3.003262 5.441411 5.147302 3.384021 2.530335 1.506916 0.819639 0.948011 3.683955 3.685489 1.889411 1.362466 1.680241 2.940659 2.935112 2.946037 2.950992 2.917393 0.888878 0.888878 1.036205 1.536501 1.536139 0.766428 1.409878 1.400051 1.785046 1.941844 5.207566 5.206864 2.619737 0.972544 1.103914 1.142424 1.669108 1.669108 2.729399 0.941692 1.112388 1.102624 1.431749 1.583512 1.583512 4.082130 1.190618 0.954680 1.326617 1.326617 1.070665 1.800211 1.938065 2.189044 2.350528 2.339099 2.378001 1.163888 2.639496 3.726383 3.729119 6.093696 2.424060 3.727466 8.184814 0.885631 0.853235 0.918946 0.998609 1.069281 1.369829 1.531039 1.745152 2.418896 2.418896 2.934519 4.879110 4.045999 0.923209 0.869862 1.895253 0.795746 0.753878 1.421374 0.813994 0.625098 0.586235 0.833289 1.165872 0.924911 0.853942 0.851240 0.915620 0.930058 1.857916 1.563538 1.702519 3.143585 3.021647 3.905272 5.524190 1.118683 2.749993 4.584737 8.722815 8.764735 8.609067 8.858856 0.878491 0.880977 0.878491 0.880977 0.897614 1.188918 0.820716 1.822546 1.580226
74 7.659860 3.395995 3.395995 3.395995 2.573413 3.664290 5.246939 5.246939 6.969551 10.974844 1.188347 1.089331 2.152112 2.520471 1.126287 1.252702 0.720812 0.718348 0.702368 4.062062 0.773162 0.921462 1.725096 1.830922 0.924016 1.106192 1.054308 1.108822 1.061436 1.041522 3.516714 3.516714 1.700424 1.700424 2.429989 2.418239 1.453801 1.433301 1.525615 1.307030 1.372478 1.741748 1.725885 1.725885 1.211281 1.028595 2.296525 2.284356 1.131412 1.138251 1.973094 1.930127 1.723476 1.262871 1.400883 1.595944 1.302794 2.245893 2.245893 2.245893 2.245893 2.245893 0.773428 2.088155 2.326501 3.590619 1.089473 1.036780 0.877271 0.971344 1.126329 1.535030 0.671741 0.000000 0.148033 0.783444 0.746396 1.079026 0.283681 1.200378 0.978598 1.619640 3.624436 1.133351 0.837010 1.079242 0.977514 1.044912 2.795375 1.779278 3.021320 3.021320 1.044912 1.738729 2.857099 5.235523 5.033343 3.292197 2.454257 1.372279 1.108081 1.325151 3.292676 3.290624 1.633861 1.258632 1.534865 2.575519 2.575671 2.573153 2.578824 2.474925 0.952582 0.952582 1.248590 1.646400 1.651685 0.879267 1.728980 1.643849 1.836745 1.989473 4.798447 4.796162 2.313160 1.308487 1.387972 1.507479 1.906927 1.906927 2.808864 1.267813 1.399276 1.344093 1.625064 1.645952 1.645952 4.063520 1.464199 1.302373 1.603594 1.603594 1.399259 1.965124 2.105392 2.255269 2.383804 2.380338 2.319191 1.261590 2.556522 3.636065 3.641416 5.906807 2.360491 3.638194 8.048484 1.300948 1.313528 1.384348 1.404121 1.445154 1.638523 1.758963 1.933124 2.186262 2.186262 2.950716 4.876897 3.896392 1.191417 1.137801 2.000767 1.009502 0.751621 1.482377 1.175684 0.938138 1.014861 1.149863 1.385165 1.149900 1.086928 1.134433 0.991050 1.113158 1.941345 1.579178 1.728733 2.976825 2.938404 3.757535 5.275176 1.206238 2.744137 4.288641 8.371761 8.407298 8.514779 8.767255 1.197632 1.192308 1.197632 1.192308 1.251812 1.463390 1.110422 1.710528 1.458227
75 7.538261 3.364662 3.364662 3.364662 2.531920 3.602976 5.204305 5.204305 6.937511 10.933166 1.197531 1.085973 2.044187 2.428968 1.135974 1.261418 0.695016 0.733443 0.717799 3.935099 0.787206 0.933277 1.731436 1.836897 0.935799 1.102886 1.064649 1.105523 1.057989 1.038010 3.381166 3.381166 1.641407 1.641407 2.389063 2.377111 1.441185 1.420503 1.513597 1.292982 1.359107 1.731232 1.715271 1.715271 1.193053 1.007065 2.288559 2.289147 1.128180 1.122092 1.978639 1.935795 1.695704 1.271518 1.366570 1.565911 1.265825 2.250766 2.250766 2.250766 2.250766 2.250766 0.787467 1.978588 2.228682 3.461136 1.099484 1.047295 0.889673 0.952358 1.109998 1.523087 0.687859 0.148033 0.000000 0.769331 0.760934 1.068824 0.241994 1.191215 0.989732 1.608325 3.619395 1.142978 0.850000 1.089347 0.988660 1.027287 2.757225 1.718720 2.986058 2.986058 1.027287 1.742925 2.778027 5.192795 4.988884 3.295523 2.458717 1.380240 1.117925 1.288823 3.296002 3.293952 1.640554 1.267308 1.541987 2.579769 2.579921 2.571733 2.571733 2.479348 0.933215 0.933215 1.233877 1.617304 1.622684 0.883412 1.718385 1.614707 1.826776 1.935502 4.800730 4.798446 2.317892 1.316834 1.374752 1.495315 1.866272 1.866272 2.749729 1.276426 1.343345 1.285764 1.604709 1.598675 1.598675 4.066216 1.431405 1.305175 1.536125 1.536125 1.396647 1.940812 2.054469 2.154218 2.288436 2.284825 2.221051 1.223376 2.514751 3.574268 3.579711 5.829005 2.315185 3.576433 7.932845 1.309343 1.321844 1.392240 1.411903 1.452716 1.645196 1.765181 1.938784 2.137266 2.137266 2.874220 4.757867 3.777406 1.200578 1.147391 1.886130 1.020298 0.766060 1.487296 1.178787 0.942023 0.996705 1.107802 1.306463 1.133908 1.069995 1.118220 0.941924 1.069655 1.885997 1.567572 1.666338 2.901018 2.902135 3.697768 5.187909 1.114978 2.716043 4.250145 8.324072 8.359812 8.474794 8.715026 1.206746 1.201462 1.206746 1.201462 1.260534 1.389127 1.120246 1.647444 1.465722
76 7.551336 2.845794 2.845794 2.845794 2.300574 3.123945 4.884914 4.884914 6.379483 10.587864 1.423359 1.305927 2.028038 2.186758 1.506144 0.687895 1.098382 0.930997 1.112938 3.976660 0.881774 1.020779 1.780127 1.882863 1.035862 1.392750 1.153589 1.346867 1.203394 1.185867 3.474786 3.474786 1.517322 1.517322 1.983924 1.969516 1.673443 1.574221 1.491715 1.460187 1.334694 1.370834 1.350622 1.350622 0.911869 0.973867 2.481252 2.359875 1.098647 1.092395 1.961951 2.114403 1.325683 1.245389 1.525732 1.363894 1.239576 2.236109 2.236109 2.236109 2.236109 2.236109 1.214507 1.961899 1.961899 3.295677 1.436589 1.349157 1.118866 1.169328 1.079968 1.501343 1.093868 0.783444 0.769331 0.000000 0.986712 0.741966 0.971596 0.909464 1.253570 1.745581 3.461508 1.424709 1.087586 1.283363 1.199080 1.231122 2.092818 1.699480 2.386239 2.386239 1.231122 1.385572 2.355259 4.872650 4.654735 2.763705 2.219756 1.680527 1.404690 1.363215 3.413618 3.401987 1.847921 1.437502 1.520513 2.740462 2.740605 2.659728 2.659728 2.570508 1.153791 1.153791 1.206934 1.223804 1.230905 1.113894 1.536548 1.419651 1.489676 1.621170 4.888960 4.873242 2.469012 1.481349 1.350622 1.473162 1.537854 1.537854 2.538313 1.250400 1.318640 1.259931 1.207110 1.199077 1.199077 4.122433 1.408246 1.470994 1.514568 1.514568 1.372901 1.627506 1.761495 1.876880 2.029523 2.025450 1.953225 1.196196 2.281665 3.090790 3.097083 5.545709 1.786027 3.093295 7.727071 1.602904 1.571836 1.548766 1.480122 1.429902 1.625087 1.588708 1.625087 2.121826 2.121826 2.672670 4.524059 3.626406 1.471321 1.332985 1.868615 1.225296 1.023324 1.045980 1.360103 1.269174 1.205721 1.077712 1.281048 1.463103 1.366853 1.307960 1.041398 1.038459 1.561733 1.365800 1.478111 2.701468 2.500439 3.232814 4.867442 1.085087 2.038255 3.852444 8.128208 8.164806 8.024393 8.277707 1.384405 1.379803 1.384405 1.379803 1.234173 1.365251 1.090499 1.627362 1.615142
77 7.831185 3.447711 3.447711 3.447711 2.706865 3.712270 5.441914 5.441914 7.068042 11.193303 0.942307 0.807129 1.999439 2.354480 0.899254 1.186955 0.816128 1.116044 0.925247 4.176858 0.930742 1.058199 1.860891 1.959397 0.513631 0.849328 0.722202 0.839798 0.747381 0.718820 3.772309 3.772309 2.140602 2.140602 2.713969 2.703454 1.269343 1.228091 1.301410 1.262819 1.297073 1.630037 1.613075 1.613075 1.085458 0.925586 2.191880 2.156436 0.803905 0.813501 1.805344 1.795296 1.470092 0.980313 1.190096 1.351119 1.031234 2.100048 2.100048 2.100048 2.100048 2.100048 1.277369 1.930431 2.145555 3.476110 1.067286 1.002567 0.809933 0.910986 1.033112 1.467998 0.617629 0.746396 0.760934 0.986712 0.000000 0.665419 0.828559 0.848170 0.806037 1.584178 3.541695 0.884410 0.766141 1.025256 1.028682 0.738712 2.579571 1.591226 2.822842 2.822842 0.738712 1.815299 3.091501 5.430908 5.068380 3.345517 2.593847 1.188892 0.851786 1.079832 3.217199 3.213394 1.472141 1.018827 1.312242 2.480507 2.480664 2.464745 2.470665 2.451865 0.890954 0.890954 0.961845 1.378925 1.385231 0.812095 1.505940 1.553466 1.909389 2.056729 4.725298 4.720657 2.152241 1.264328 1.313456 1.280102 1.681419 1.681419 2.660924 1.090773 1.241132 1.267000 1.504714 1.726642 1.726642 4.180899 1.228840 1.072395 1.392007 1.392007 1.150694 1.747144 1.903543 2.267620 2.395494 2.392044 2.466437 1.427974 2.690812 3.684413 3.689693 6.080661 2.470063 3.686514 8.176928 1.100946 1.105917 1.170586 1.175401 1.206084 1.432105 1.540271 1.711073 2.718438 2.718438 2.923410 4.842350 4.197222 0.957690 0.865127 1.835548 0.687712 0.817060 1.178237 0.914378 0.900184 0.695555 0.829672 1.133512 0.917544 0.824080 1.083201 1.213888 1.119861 1.899584 1.689266 1.829845 3.229740 3.027130 3.916384 5.625092 1.298555 2.729777 4.758063 8.941813 8.975094 8.545115 8.796720 0.942430 0.935656 0.942430 0.935656 0.966024 1.312991 0.903035 1.440767 1.167910
78 7.727198 3.074499 3.074499 3.074499 2.578108 3.333622 5.230379 5.230379 6.647728 10.948895 1.227613 1.077727 1.909270 2.101636 1.304431 0.760296 1.145386 1.272951 1.258880 4.124796 1.072064 1.223051 1.948833 2.053121 0.713697 1.181442 0.879596 1.121147 0.950899 0.921521 3.734976 3.734976 2.060430 2.060430 2.452234 2.440592 1.501947 1.399734 1.325741 1.430301 1.301931 1.357975 1.337568 1.337568 0.863203 0.928457 2.369106 2.247242 0.814295 0.805841 1.816242 1.978287 1.112887 1.015912 1.344968 1.158141 1.008778 2.107867 2.107867 2.107867 2.107867 2.107867 1.563631 1.838865 1.838865 3.223951 1.392566 1.302181 1.079573 1.154226 1.063598 1.506729 1.035374 1.079026 1.068824 0.741966 0.665419 0.000000 1.210359 0.544341 1.126405 1.720659 3.417512 1.229178 1.047119 1.269618 1.272386 1.023737 1.977944 1.555831 2.286157 2.286157 1.023737 1.623608 2.749752 5.218927 4.840548 2.998678 2.506255 1.502958 1.205917 1.146476 3.332993 3.323055 1.698233 1.264432 1.395322 2.644091 2.639501 2.560320 2.560320 2.563673 1.138482 1.138482 0.994518 1.014925 1.023476 1.074418 1.375992 1.407237 1.713309 1.828794 4.811948 4.795977 2.312777 1.469457 1.337568 1.304830 1.377451 1.377451 2.506625 1.122876 1.198399 1.225170 1.192486 1.432303 1.432303 4.238439 1.231069 1.302383 1.351404 1.351404 1.190476 1.511204 1.654638 1.979929 2.149184 2.145338 2.227985 1.429893 2.561249 3.302573 3.308463 5.852296 2.082959 3.304916 7.949975 1.431917 1.397050 1.371043 1.312683 1.255785 1.508599 1.469339 1.508599 2.716818 2.716818 2.762626 4.577777 4.003720 1.282914 1.121575 1.738994 0.978469 1.073332 0.758391 1.142774 1.224495 0.966874 0.801589 1.083263 1.263615 1.150798 1.294476 1.303157 1.122307 1.650082 1.606769 1.703264 3.084963 2.757933 3.559516 5.339125 1.254932 2.183619 4.447512 8.753841 8.793668 8.161492 8.410677 1.166107 1.166150 1.166107 1.166150 1.002130 1.249504 0.968416 1.374079 1.368759
79 7.546019 3.589134 3.589134 3.589134 2.729405 3.813446 5.409366 5.409366 7.165843 11.134874 1.229021 1.111086 2.120176 2.575104 1.095018 1.433207 0.700154 0.801274 0.747682 3.991793 0.917724 1.101531 1.810713 1.927837 0.991410 1.105714 1.118258 1.114158 1.106094 1.077900 3.394135 3.394135 1.771795 1.771795 2.587743 2.576713 1.443030 1.458376 1.614751 1.334479 1.444533 1.890650 1.876046 1.876046 1.339161 1.119681 2.279301 2.319880 1.214391 1.208738 2.026604 1.932318 1.837353 1.362447 1.405896 1.679898 1.357136 2.290897 2.290897 2.290897 2.290897 2.290897 0.770540 2.057002 2.354659 3.543566 1.078330 1.040853 0.948972 1.045445 1.244403 1.647173 0.678011 0.283681 0.241994 0.971596 0.828559 1.210359 0.000000 1.330835 1.027609 1.641871 3.687881 1.161978 0.911882 1.171601 1.078619 1.114131 2.949844 1.808436 3.164780 3.164780 1.114131 1.941407 2.951213 5.398294 5.202443 3.524401 2.661640 1.353058 1.137343 1.340815 3.294475 3.297887 1.648441 1.338671 1.687616 2.581934 2.574805 2.592844 2.592844 2.516573 1.028037 1.028037 1.356060 1.786915 1.791786 0.943104 1.843846 1.747626 2.017024 2.115997 4.800035 4.801149 2.323482 1.385649 1.485391 1.597627 2.015035 2.015035 2.932583 1.367029 1.429713 1.375752 1.775524 1.770072 1.770072 4.074996 1.537974 1.374573 1.635887 1.635887 1.505678 2.120855 2.225335 2.284305 2.442993 2.439611 2.379987 1.346512 2.713486 3.786333 3.791472 6.012799 2.520378 3.788378 8.068859 1.313603 1.338306 1.430861 1.498225 1.557828 1.782413 1.927865 2.118999 2.244601 2.244601 3.049619 4.892574 3.872992 1.218680 1.193958 1.968230 1.054747 0.811376 1.646968 1.208727 0.945332 1.049976 1.211086 1.422424 1.122218 1.072910 1.198493 1.066971 1.208555 2.070811 1.748737 1.837793 3.074889 3.118071 3.903130 5.336228 1.248848 2.911388 4.377559 8.389843 8.434431 8.627101 8.863206 1.228203 1.230851 1.228203 1.230851 1.352202 1.472813 1.253553 1.707638 1.502455
80 7.564707 2.868255 2.868255 2.868255 2.398751 3.142721 5.069467 5.069467 6.521880 10.804360 1.608001 1.477127 1.826832 1.992658 1.615100 0.587591 1.146673 1.088434 1.207086 3.945186 0.814203 1.084969 1.613839 1.692132 1.067601 1.481162 1.233862 1.438103 1.288650 1.264091 3.635906 3.635906 1.880678 1.880678 2.278596 2.272337 1.439597 1.315063 1.215084 1.347552 1.210437 1.250175 1.219473 1.219473 0.815506 0.884286 2.863006 2.758479 1.191422 0.957145 2.344744 2.473717 1.170766 1.182657 1.362030 1.177911 1.206414 2.634831 2.634831 2.634831 2.634831 2.634831 1.481524 1.581900 1.581900 3.084615 1.336366 1.263215 0.857879 0.977493 0.737306 1.063854 0.964288 1.200378 1.191215 0.909464 0.848170 0.544341 1.330835 0.000000 1.434078 1.546875 3.180012 1.529804 1.357433 1.276860 1.263242 0.880389 1.907697 1.199993 2.060555 2.060555 0.880389 1.459994 2.640712 5.075137 4.685161 2.814648 2.319051 1.920810 1.330066 1.148986 3.837373 3.827029 2.169648 1.626942 1.700732 3.138460 3.138584 3.068216 3.068216 3.049030 1.271690 1.271690 1.072340 1.099419 1.099250 1.235606 1.242580 1.268918 1.512779 1.642425 5.310667 5.296200 2.811612 1.362839 1.219473 1.183473 1.263091 1.263091 2.364356 1.090036 1.167685 1.195144 0.954940 1.241523 1.241523 3.944038 1.227767 1.283141 1.293772 1.293772 1.124628 1.402919 1.539113 1.900558 2.051440 2.028463 2.104647 1.333910 2.388833 3.144360 3.147720 5.713616 1.884778 3.145690 7.857237 1.435989 1.349858 1.284694 1.183595 1.120159 1.360530 1.316864 1.360530 2.528371 2.528371 2.634012 4.501329 3.878316 1.418615 1.258135 1.810239 1.192884 1.271854 0.997437 1.221767 1.274256 0.953558 0.785475 1.057075 1.452565 1.340124 1.236072 1.176399 0.993427 1.483391 1.485504 1.550389 2.926543 2.588992 3.430282 5.222061 1.024669 2.012447 4.303597 8.619048 8.653570 7.898775 8.155991 1.293153 1.288224 1.293153 1.288224 0.987628 1.199934 0.858113 1.821592 1.810683
81 8.229069 3.650930 3.650930 3.650930 2.732667 3.902076 5.519820 5.519820 7.177233 11.294273 0.316639 0.357396 1.986986 2.369857 0.386084 1.659390 0.849659 1.506688 0.966831 4.496746 1.405425 1.209681 2.530732 2.604900 0.484569 0.239893 0.363029 0.267032 0.281904 0.324028 3.819813 3.819813 2.247730 2.247730 2.824741 2.813375 1.116949 1.110119 1.214299 1.110119 1.186479 1.589571 1.590973 1.590973 1.154836 0.961484 1.884902 1.866009 0.482615 0.730512 1.507913 1.452604 1.396188 0.678929 0.953246 1.221983 0.738629 1.875661 1.875661 1.875661 1.875661 1.875661 1.351920 2.334013 2.549477 3.738953 0.997890 0.932950 1.172428 1.104609 1.367228 2.086447 1.008451 0.978598 0.989732 1.253570 0.806037 1.126405 1.027609 1.434078 0.000000 2.330964 4.316036 0.186763 0.186763 0.798233 0.848467 1.025078 2.788022 2.268633 3.333053 3.333053 1.025078 1.839384 3.130355 5.465375 5.139072 3.487405 2.621272 0.684532 0.519305 0.975077 2.976984 2.973380 1.061747 0.426367 0.944174 2.208250 2.211849 2.205490 2.212104 2.218386 0.551518 0.551518 0.806077 1.340510 1.348647 0.448174 1.448853 1.489140 1.941492 2.086567 4.522099 4.519675 1.843374 1.124569 1.216134 1.216134 1.686078 1.686078 2.673601 0.986581 1.150636 1.159996 1.669740 1.837226 1.837226 4.913453 1.055515 0.886197 1.319327 1.319327 1.061619 1.727418 1.888991 2.257170 2.372577 2.395922 2.511842 1.327599 2.714965 3.812079 3.817765 6.149395 2.645700 3.814343 8.199644 0.869382 0.965699 1.071708 1.136505 1.186826 1.393866 1.533642 1.730629 2.841884 2.841884 2.894120 4.842864 4.298655 0.534392 0.528799 1.736832 0.391353 0.466944 1.172966 0.690987 0.706940 0.803284 0.968250 1.201476 0.476823 0.453254 0.953645 1.264700 1.179595 1.946124 1.613851 1.829452 3.293570 3.079271 3.957121 5.691649 1.613417 2.964997 4.965863 9.162119 9.191232 9.140710 9.376347 0.632899 0.616515 0.632899 0.616515 0.926059 1.276016 1.010710 1.125152 0.671838
82 6.906778 3.536163 3.536163 3.536163 3.119444 3.753268 5.383357 5.383357 7.039684 10.889478 2.448677 2.294255 2.786520 3.050735 2.384620 1.673151 1.974329 1.515331 1.986382 3.616939 1.438349 1.923351 0.864569 1.048336 2.057054 2.383140 2.280106 2.382960 2.302309 2.268864 3.805516 3.805516 2.415438 2.415438 2.934834 2.925113 2.532135 2.487743 2.524394 2.470295 2.493846 2.687259 2.654697 2.654697 2.214052 2.133375 3.154422 3.145130 2.325990 2.242762 2.922654 2.909613 2.662606 2.470956 2.525050 2.616014 2.460127 3.056141 3.056141 3.056141 3.056141 3.056141 1.998462 1.983718 2.206907 3.424477 2.265196 2.237065 1.726776 1.908255 1.820276 1.231111 1.647929 1.619640 1.608325 1.745581 1.584178 1.720659 1.641871 1.546875 2.330964 0.000000 2.121136 2.425480 2.248021 2.342389 2.273641 1.846974 3.080690 1.072031 2.600203 2.600203 1.846974 2.602647 3.389088 5.460070 5.167023 3.615714 3.073032 2.578820 2.338696 2.383187 3.947347 3.943703 2.719208 2.498267 2.625368 3.353562 3.355932 3.339370 3.337912 3.232224 2.269695 2.269695 2.342030 2.538096 2.541528 2.259788 2.663629 2.621154 2.656322 2.721520 5.268157 5.264688 3.172456 2.456453 2.472269 2.489703 2.699954 2.699954 3.263077 2.402529 2.426730 2.422270 2.341205 2.412877 2.412877 2.649312 2.519703 2.420358 2.502778 2.502778 2.433724 2.744273 2.818894 2.937892 3.027460 2.985151 2.880872 2.418832 3.105525 3.851294 3.856346 5.976388 2.781358 3.853305 8.081446 2.463264 2.418279 2.451512 2.401449 2.419637 2.527637 2.596090 2.706335 2.695215 2.695215 3.454851 5.095242 4.076078 2.453149 2.371910 2.739110 2.238028 2.223486 2.422385 2.364383 2.240561 2.023370 2.061527 2.185979 2.398671 2.315227 2.300689 2.078233 2.127233 2.637796 2.590448 2.548655 3.350500 3.409661 4.147421 5.471774 1.746374 3.036431 4.398995 8.222580 8.255006 7.468220 7.734723 2.430533 2.426319 2.430533 2.426319 2.316073 2.399326 2.101273 2.692259 2.608405
83 6.578755 4.108135 4.108135 4.108135 4.380952 4.296434 5.805074 5.805074 6.975937 10.668278 4.408286 4.247587 4.412309 4.428071 4.399184 3.131237 3.972991 3.370498 3.966475 4.197900 3.289132 3.765508 2.233975 2.311314 3.964227 4.375954 4.187941 4.355771 4.237769 4.202747 5.032039 5.032039 3.910934 3.910934 4.029230 4.022155 4.442814 4.361455 4.301688 4.361455 4.293918 4.246983 4.209537 4.209537 3.926823 3.971231 4.895548 4.808409 4.188339 4.090692 4.609203 4.713906 4.254870 4.320388 4.431420 4.324602 4.314203 4.649158 4.649158 4.649158 4.649158 4.649158 3.938946 3.370044 3.299931 4.212618 4.226527 4.190646 3.631795 3.816181 3.580518 2.756258 3.643431 3.624436 3.619395 3.461508 3.541695 3.417512 3.687881 3.180012 4.316036 2.121136 0.000000 4.415347 4.222654 4.273640 4.207666 3.755513 3.908055 2.507534 2.773207 2.773207 3.755513 4.089006 4.440472 5.972646 5.675583 4.311322 4.348026 4.546023 4.318989 4.244943 5.424416 5.413673 4.598821 4.432343 4.426670 5.003407 5.004996 4.940951 4.939965 4.819179 4.234233 4.234233 4.180231 4.126525 4.128637 4.228930 4.320662 4.288057 4.123378 4.165678 6.464006 6.447594 4.890707 4.337208 4.264721 4.264721 4.228005 4.228005 4.545663 4.219553 4.233379 4.235933 3.837549 3.898369 3.898369 1.612451 4.332009 4.323374 4.272367 4.272367 4.232286 4.256443 4.304932 4.370932 4.431631 4.370300 4.214408 4.215542 4.371052 4.510719 4.515033 6.358896 3.827926 4.512435 8.436226 4.423791 4.346207 4.324421 4.221549 4.190277 4.253555 4.212124 4.198223 4.023852 4.023852 4.729332 5.915161 4.913112 4.430607 4.313016 4.431103 4.190078 4.197813 4.021042 4.292288 4.226418 3.955115 3.885528 3.970978 4.404384 4.306326 4.217218 3.930400 3.937298 4.100934 4.234264 4.140449 4.440595 4.436738 4.902043 5.916476 3.474498 3.789732 4.652694 7.975597 8.009024 5.844278 6.181199 4.361923 4.359575 4.361923 4.359575 4.131340 4.183754 3.912293 4.477787 4.506392
84 8.315001 3.770147 3.770147 3.770147 2.832528 4.013841 5.630200 5.630200 7.294592 11.407951 0.282831 0.372236 2.009129 2.412803 0.312699 1.797625 0.945573 1.648331 1.075245 4.571779 1.534470 1.330369 2.648787 2.719738 0.563783 0.169159 0.423265 0.238718 0.325994 0.371138 3.895096 3.895096 2.397489 2.397489 2.971216 2.960413 1.106611 1.115595 1.243047 1.153715 1.250953 1.673559 1.676665 1.676665 1.261301 1.059825 1.868230 1.866817 0.550965 0.788754 1.523371 1.438482 1.457740 0.716762 0.950277 1.266689 0.773548 1.892829 1.892829 1.892829 1.892829 1.892829 1.479192 2.390504 2.623668 3.789930 1.039409 0.984681 1.259473 1.184108 1.462687 2.183146 1.095185 1.133351 1.142978 1.424709 0.884410 1.229178 1.161978 1.529804 0.186763 2.425480 4.415347 0.000000 0.373526 0.861289 0.937915 1.073394 2.878133 2.347070 3.438316 3.438316 1.073394 1.956728 3.262636 5.572566 5.219886 3.605432 2.725217 0.637190 0.502631 0.999069 2.968888 2.966507 1.042344 0.412541 0.968670 2.197015 2.200632 2.204208 2.210826 2.241847 0.639385 0.639385 0.852263 1.410841 1.418574 0.552722 1.490748 1.559854 2.053008 2.190710 4.510514 4.509704 1.818791 1.170169 1.281436 1.247226 1.742516 1.742516 2.713933 1.045555 1.201586 1.228287 1.768477 1.960774 1.960774 5.018809 1.082988 0.893047 1.348041 1.348041 1.097099 1.782547 1.939533 2.339493 2.451027 2.476035 2.620133 1.437801 2.815453 3.920343 3.925873 6.248664 2.778482 3.922545 8.271477 0.847482 0.959938 1.080136 1.162282 1.223536 1.425254 1.580822 1.788987 2.992710 2.992710 2.951456 4.889315 4.413089 0.500694 0.534668 1.757051 0.420997 0.609818 1.257477 0.699751 0.766205 0.843193 1.030376 1.249706 0.428734 0.434050 1.012904 1.386566 1.282720 2.036257 1.722708 1.932327 3.409389 3.186623 4.076934 5.828519 1.727295 3.090913 5.142180 9.335977 9.364549 9.270076 9.502505 0.633132 0.616754 0.633132 0.616754 0.972662 1.326633 1.090391 1.124111 0.624953
85 8.146512 3.537560 3.537560 3.537560 2.642250 3.796214 5.413633 5.413633 7.062864 11.182558 0.436220 0.432047 1.982269 2.341065 0.519713 1.531488 0.787079 1.375857 0.884950 4.428323 1.290582 1.107490 2.421342 2.498759 0.470664 0.395276 0.392668 0.394191 0.349898 0.376837 3.752325 3.752325 2.103898 2.103898 2.683274 2.671306 1.157723 1.135754 1.213935 1.097010 1.149062 1.523953 1.523465 1.523465 1.070594 0.891871 1.919685 1.883809 0.481699 0.717582 1.515488 1.490184 1.357733 0.691304 0.992014 1.204883 0.750020 1.877010 1.877010 1.877010 1.877010 1.877010 1.239810 2.291395 2.487125 3.696718 0.990434 0.917037 1.110254 1.052602 1.291872 2.002538 0.950936 0.837010 0.850000 1.087586 0.766141 1.047119 0.911882 1.357433 0.186763 2.248021 4.222654 0.373526 0.000000 0.776077 0.793643 1.009532 2.707811 2.203275 3.235155 3.235155 1.009532 1.734256 3.003867 5.362547 5.063860 3.375590 2.526872 0.775189 0.597059 0.986496 2.996720 2.991919 1.112608 0.512981 0.956226 2.235089 2.238645 2.222521 2.229085 2.210510 0.518933 0.518933 0.801830 1.293532 1.301962 0.407406 1.430309 1.439337 1.842200 1.994510 4.541342 4.537317 1.886217 1.108952 1.177134 1.213322 1.648974 1.648974 2.645867 0.960863 1.128663 1.119041 1.586920 1.725086 1.725086 4.813041 1.060718 0.918106 1.316736 1.316736 1.058397 1.691221 1.855948 2.187731 2.306615 2.328068 2.413166 1.235933 2.623938 3.710062 3.715905 6.054261 2.519773 3.712388 8.131467 0.929079 1.006692 1.095529 1.141117 1.178911 1.387133 1.508269 1.690988 2.695563 2.695563 2.847900 4.803231 4.189425 0.624673 0.585788 1.736577 0.445910 0.366000 1.113649 0.731462 0.694419 0.805802 0.939736 1.181138 0.583669 0.540592 0.928797 1.160229 1.098763 1.870352 1.520220 1.740592 3.184499 2.979767 3.842654 5.557684 1.514081 2.845775 4.790339 8.988780 9.018451 9.013358 9.252238 0.685586 0.670490 0.685586 0.670490 0.915894 1.251495 0.961185 1.156751 0.762841
86 8.118606 3.238036 3.238036 3.238036 2.225316 3.516372 5.116203 5.116203 6.837555 10.944427 1.089572 1.117466 1.695919 2.025787 1.053643 1.510012 0.605437 1.227339 0.575610 4.293939 1.070984 0.703004 2.288545 2.307695 0.940176 0.875988 0.894145 0.894815 0.856470 0.887307 3.594658 3.594658 1.798319 1.798319 2.385660 2.381677 0.656558 0.560263 0.603340 0.476853 0.586772 1.101278 1.100603 1.100603 0.798745 0.535962 2.656764 2.618540 0.918230 0.670526 2.250988 2.237853 1.172485 0.589404 0.588443 0.902173 0.738082 2.621869 2.621869 2.621869 2.621869 2.621869 1.024227 2.069250 2.284096 3.563289 0.574260 0.523762 0.752764 0.555323 0.836802 1.705253 0.855706 1.079242 1.089347 1.283363 1.025256 1.269618 1.171601 1.276860 0.798233 2.342389 4.273640 0.861289 0.776077 0.000000 0.166053 0.645647 2.594214 2.062068 3.140689 3.140689 0.645647 1.292412 2.772346 5.063786 4.746335 3.057490 2.082958 1.472924 0.492835 0.654765 3.740085 3.731661 1.842051 1.061345 1.229032 2.968327 2.981955 2.958875 2.963808 2.927135 0.382274 0.382274 0.515860 1.150909 1.148167 0.419999 0.891763 0.906173 1.353111 1.554117 5.277525 5.274062 2.615426 0.346634 0.525382 0.602107 1.268660 1.268660 2.255999 0.478604 0.761370 0.747032 1.186885 1.366126 1.366126 4.776840 0.617983 0.315752 0.927860 0.927860 0.497329 1.274511 1.457443 1.932076 2.000017 2.010753 2.137898 0.736155 2.217566 3.434692 3.436905 5.797132 2.227378 3.435565 7.939038 0.486451 0.478584 0.507901 0.475763 0.560388 0.762357 0.965363 1.231458 2.412808 2.412808 2.476250 4.592636 4.013336 0.509620 0.461134 1.658801 0.644487 0.592017 1.179642 0.494207 0.437519 0.541605 0.726032 0.951593 0.707692 0.672606 0.251150 0.739285 0.638508 1.460383 1.023247 1.305228 2.877618 2.613933 3.566458 5.370427 1.246940 2.643637 4.673085 8.926844 8.941795 8.900382 9.142215 0.570408 0.521057 0.570408 0.521057 0.529105 0.927777 0.486853 1.688518 1.424697
87 8.040618 3.184583 3.184583 3.184583 2.168840 3.467213 5.048386 5.048386 6.786959 10.872387 1.151102 1.167395 1.725783 2.050853 1.111817 1.452529 0.545300 1.098318 0.461439 4.231347 0.966155 0.593318 2.188683 2.208700 0.980984 0.948302 0.955812 0.965720 0.923887 0.949418 3.528855 3.528855 1.662890 1.662890 2.285306 2.281148 0.746353 0.658727 0.695734 0.510792 0.614672 1.116393 1.113059 1.113059 0.793653 0.528345 2.683693 2.645859 0.981414 0.742827 2.282709 2.269757 1.227453 0.696609 0.695796 0.975593 0.826215 2.645783 2.645783 2.645783 2.645783 2.645783 0.881528 2.050750 2.267350 3.552578 0.577548 0.527364 0.697986 0.508574 0.787889 1.638808 0.807938 0.977514 0.988660 1.199080 1.028682 1.272386 1.078619 1.263242 0.848467 2.273641 4.207666 0.937915 0.793643 0.166053 0.000000 0.669092 2.600148 2.020088 3.113288 3.113288 0.669092 1.237926 2.695316 5.000017 4.715078 3.008738 2.022512 1.520960 0.602422 0.736748 3.759262 3.750881 1.880682 1.127061 1.286209 2.991460 3.004983 2.982081 2.986976 2.931841 0.416782 0.416782 0.616597 1.199446 1.196815 0.451633 0.959800 0.924483 1.301170 1.509110 5.295780 5.292329 2.652069 0.384355 0.550999 0.690371 1.312851 1.312851 2.275923 0.547621 0.806542 0.765265 1.173371 1.305621 1.305621 4.680170 0.716815 0.468750 0.987423 0.987423 0.601179 1.318506 1.496068 1.913659 1.982232 1.990077 2.079049 0.654098 2.160888 3.391368 3.393609 5.737369 2.159971 3.392251 7.898516 0.602170 0.585767 0.609954 0.573181 0.645152 0.826665 1.016913 1.272272 2.265459 2.265459 2.470676 4.589633 3.926516 0.630540 0.581909 1.694593 0.723531 0.573461 1.222187 0.603546 0.455085 0.599868 0.770472 0.988930 0.795455 0.756588 0.280635 0.620393 0.586888 1.442691 0.965896 1.251300 2.794984 2.566025 3.506914 5.273152 1.168373 2.601479 4.538383 8.775757 8.790965 8.822932 9.066831 0.676229 0.635154 0.676229 0.635154 0.618173 0.959011 0.510175 1.744737 1.490897
88 7.738301 3.152821 3.152821 3.152821 2.252439 3.392435 5.100130 5.100130 6.825536 10.910773 1.263933 1.205661 1.550375 1.905606 1.198860 1.304292 0.646029 1.089460 0.710578 3.935718 0.809046 0.708024 1.870669 1.894049 0.937022 1.047438 1.021441 1.063234 0.989978 0.996094 3.477328 3.477328 1.840621 1.840621 2.417706 2.413776 0.824776 0.722117 0.756027 0.779718 0.851394 1.262293 1.245099 1.245099 0.847013 0.605551 2.726254 2.703468 1.043869 0.729575 2.349240 2.336658 1.260007 0.870491 0.775107 1.033654 0.894030 2.683524 2.683524 2.683524 2.683524 2.683524 1.147015 1.603191 1.872304 3.219026 0.761658 0.724344 0.483954 0.325830 0.538405 1.224116 0.632290 1.044912 1.027287 1.231122 0.738712 1.023737 1.114131 0.880389 1.025078 1.846974 3.755513 1.073394 1.009532 0.645647 0.669092 0.000000 2.465632 1.478570 2.792485 2.792485 0.000000 1.444715 2.800306 5.080428 4.690891 3.073814 2.184452 1.619102 0.726884 0.718840 3.800030 3.791738 1.960902 1.256359 1.400894 3.036663 3.049986 3.020983 3.019371 2.997495 0.696475 0.696475 0.657299 1.188531 1.185876 0.757482 1.021972 1.060096 1.476349 1.590669 5.315955 5.312517 2.692129 0.732813 0.784200 0.726955 1.272633 1.272633 2.167803 0.747940 0.822368 0.860912 1.136839 1.375738 1.375738 4.311496 0.771233 0.604727 0.890566 0.890566 0.672476 1.308585 1.433988 1.901632 1.970624 1.960398 2.092939 0.989553 2.244783 3.357659 3.359922 5.728805 2.179366 3.358551 7.831165 0.750824 0.687669 0.708385 0.622046 0.688931 0.861266 1.045235 1.295021 2.443174 2.443174 2.434871 4.467000 3.913991 0.818578 0.734674 1.553630 0.785864 0.901234 1.241937 0.714308 0.711019 0.355308 0.531144 0.739133 0.889742 0.812377 0.564592 0.806729 0.649772 1.440365 1.249897 1.348543 2.846660 2.637062 3.588236 5.361530 0.957734 2.568831 4.675667 8.897970 8.912969 8.508848 8.743690 0.833124 0.800144 0.833124 0.800144 0.663734 0.892302 0.484104 1.716547 1.561047
89 7.608946 1.964928 1.964928 1.964928 2.353985 2.119973 4.358554 4.358554 5.145814 9.852230 2.884408 2.802576 2.276131 1.770562 3.059566 1.761799 2.704641 2.662859 2.763403 4.152679 2.454892 2.431904 2.985341 3.000047 2.524422 2.848110 2.556959 2.781344 2.601360 2.603694 3.891267 3.891267 2.484520 2.484520 2.082742 2.078178 2.752814 2.569201 2.239228 2.585981 2.273199 1.662045 1.649024 1.649024 1.869224 2.186330 3.865110 3.634918 2.376783 2.230436 3.192999 3.548443 1.588358 2.331108 2.538973 1.908004 2.237880 3.446391 3.446391 3.446391 3.446391 3.446391 2.975956 2.318739 1.743071 2.832829 2.849701 2.766975 2.558769 2.487067 2.175418 2.437422 2.744315 2.795375 2.757225 2.092818 2.579571 1.977944 2.949844 1.907697 2.788022 3.080690 3.908055 2.878133 2.707811 2.594214 2.600148 2.465632 0.000000 2.434644 1.310967 1.310967 2.465632 1.860307 2.025076 4.335483 3.871709 2.074605 2.484872 3.218982 2.767641 2.354556 4.666508 4.637753 3.313097 2.809186 2.576590 4.094141 4.104033 3.914404 3.898197 3.911274 2.562112 2.562112 2.207851 1.532275 1.530217 2.613126 1.962196 1.922457 1.829922 1.731472 5.983314 5.945950 3.791970 2.617270 2.248896 2.229580 1.523519 1.523519 2.167866 2.288171 2.156700 2.171690 1.531189 1.610642 1.610642 4.990199 2.191715 2.573003 2.129419 2.129419 2.238674 1.627162 1.588738 1.774536 1.848278 1.837372 1.978173 2.277725 2.346661 2.063866 2.067546 4.892330 1.394221 2.065317 6.978744 2.846824 2.757601 2.610536 2.425209 2.269567 2.327679 2.032745 1.754947 3.116155 3.116155 2.336958 3.661740 3.603071 2.793125 2.617792 2.284752 2.632617 2.669328 1.707614 2.600940 2.752923 2.491101 2.119181 2.070661 2.845798 2.749124 2.529447 2.382858 2.151980 1.594496 2.089983 1.980684 2.763376 2.036739 2.420971 4.456646 2.158373 0.867929 3.913441 8.411721 8.427586 7.166377 7.380623 2.647108 2.636914 2.647108 2.636914 2.262046 2.130146 2.216003 2.586088 2.958032
90 6.617098 2.928358 2.928358 2.928358 2.502262 3.034571 4.869428 4.869428 6.512860 10.477085 2.428092 2.280622 1.975780 2.159567 2.388474 1.485418 1.796084 1.528146 1.856377 3.042052 1.314104 1.671111 1.158656 1.196037 1.997444 2.288169 2.182131 2.282674 2.177404 2.156881 3.218756 3.218756 2.036680 2.036680 2.447913 2.444032 2.144965 2.055253 2.010066 2.076192 2.047843 2.143484 2.109576 2.109576 1.793182 1.760281 3.426858 3.404560 2.162250 1.922961 3.102555 3.149227 2.134760 2.182562 2.091158 2.091158 2.082695 3.317368 3.317368 3.317368 3.317368 3.317368 1.977607 1.032763 1.238648 2.553600 2.046062 2.018035 1.499915 1.547072 1.355670 0.787472 1.591300 1.779278 1.718720 1.699480 1.591226 1.555831 1.808436 1.199993 2.268633 1.072031 2.507534 2.347070 2.203275 2.062068 2.020088 1.478570 2.434644 0.000000 2.051549 2.051549 1.478570 2.141307 2.761685 4.931483 4.529154 3.134819 2.625768 2.676963 2.140475 1.941027 4.350530 4.339923 2.881457 2.432937 2.463620 3.692742 3.703705 3.639934 3.622499 3.580537 2.021532 2.021532 1.949290 2.019628 2.018067 2.085811 2.092961 2.031014 2.114963 2.030381 5.733811 5.725521 3.436032 2.091000 1.995660 1.973868 2.012993 2.012993 2.454850 2.039817 1.891159 1.908236 1.750602 1.820505 1.820505 3.176559 2.007992 2.060004 1.859988 1.859988 1.984134 2.092531 2.062794 2.162826 2.223729 2.168544 2.152495 1.977616 2.495373 3.127722 3.130152 5.352497 2.158947 3.128680 7.363828 2.185535 2.103584 2.082564 1.975627 1.968215 2.034951 2.063477 2.146783 2.450928 2.450928 2.643900 4.212253 3.476298 2.242015 2.139440 2.060660 2.086085 2.132227 2.108266 2.094793 2.048681 1.708505 1.614710 1.582748 2.207219 2.116479 1.928234 1.700207 1.657521 1.914908 2.119886 1.909087 2.747280 2.770249 3.491844 4.957421 1.166013 2.464592 4.243517 8.257872 8.274032 7.262028 7.473533 2.198328 2.186043 2.198328 2.186043 1.959538 1.805674 1.739835 2.493904 2.622729
91 6.978274 2.089599 2.089599 2.089599 2.768441 2.236015 4.416161 4.416161 5.194698 9.712715 3.443570 3.314877 2.848256 2.463063 3.563301 1.899847 3.088559 2.756138 3.124007 3.809875 2.555773 2.762751 2.486497 2.504134 2.983306 3.398382 3.109988 3.342625 3.162618 3.148524 4.056626 4.056626 2.736255 2.736255 2.377407 2.373410 3.303658 3.136219 2.872145 3.149981 2.898709 2.448974 2.419352 2.419352 2.453855 2.703228 4.310282 4.105130 2.980634 2.811874 3.719503 4.028760 2.441342 2.995402 3.159865 2.679337 2.923435 3.900485 3.900485 3.900485 3.900485 3.900485 3.251915 2.296835 1.713826 2.814929 3.293993 3.222693 2.803846 2.829353 2.459003 2.197491 2.974141 3.021320 2.986058 2.386239 2.822842 2.286157 3.164780 2.060555 3.333053 2.600203 2.773207 3.438316 3.235155 3.140689 3.113288 2.792485 1.310967 2.051549 0.000000 0.000000 2.792485 2.447069 2.494785 4.484492 4.037868 2.370282 2.880557 3.741833 3.300744 2.945830 5.041405 5.014800 3.823097 3.395731 3.205975 4.505592 4.514582 4.342916 4.328315 4.293256 3.114225 3.114225 2.829945 2.341335 2.339988 3.156329 2.680744 2.632664 2.424050 2.350617 6.288132 6.252589 4.256712 3.159760 2.862082 2.846930 2.335614 2.335614 2.725663 2.893045 2.790222 2.801824 2.113660 2.171909 2.171909 3.962617 2.870694 3.139335 2.769189 2.769189 2.854057 2.404504 2.378670 2.465921 2.519508 2.470938 2.456865 2.849530 2.762216 2.360888 2.364106 4.943720 1.805021 2.362157 7.072278 3.382393 3.276942 3.154184 2.968742 2.843014 2.889616 2.657789 2.451862 3.196232 3.196232 2.897095 4.042292 3.672547 3.367479 3.192023 2.907778 3.156510 3.187192 2.418209 3.162272 3.241971 2.920753 2.610774 2.591128 3.396444 3.285234 3.054487 2.793033 2.637467 2.251627 2.701818 2.539786 2.991738 2.504262 2.825619 4.513000 2.359754 1.365781 3.714644 7.998975 8.015657 6.107748 6.357769 3.231788 3.223444 3.231788 3.223444 2.837013 2.733004 2.689959 3.229305 3.534192
92 6.978274 2.089599 2.089599 2.089599 2.768441 2.236015 4.416161 4.416161 5.194698 9.712715 3.443570 3.314877 2.848256 2.463063 3.563301 1.899847 3.088559 2.756138 3.124007 3.809875 2.555773 2.762751 2.486497 2.504134 2.983306 3.398382 3.109988 3.342625 3.162618 3.148524 4.056626 4.056626 2.736255 2.736255 2.377407 2.373410 3.303658 3.136219 2.872145 3.149981 2.898709 2.448974 2.419352 2.419352 2.453855 2.703228 4.310282 4.105130 2.980634 2.811874 3.719503 4.028760 2.441342 2.995402 3.159865 2.679337 2.923435 3.900485 3.900485 3.900485 3.900485 3.900485 3.251915 2.296835 1.713826 2.814929 3.293993 3.222693 2.803846 2.829353 2.459003 2.197491 2.974141 3.021320 2.986058 2.386239 2.822842 2.286157 3.164780 2.060555 3.333053 2.600203 2.773207 3.438316 3.235155 3.140689 3.113288 2.792485 1.310967 2.051549 0.000000 0.000000 2.792485 2.447069 2.494785 4.484492 4.037868 2.370282 2.880557 3.741833 3.300744 2.945830 5.041405 5.014800 3.823097 3.395731 3.205975 4.505592 4.514582 4.342916 4.328315 4.293256 3.114225 3.114225 2.829945 2.341335 2.339988 3.156329 2.680744 2.632664 2.424050 2.350617 6.288132 6.252589 4.256712 3.159760 2.862082 2.846930 2.335614 2.335614 2.725663 2.893045 2.790222 2.801824 2.113660 2.171909 2.171909 3.962617 2.870694 3.139335 2.769189 2.769189 2.854057 2.404504 2.378670 2.465921 2.519508 2.470938 2.456865 2.849530 2.762216 2.360888 2.364106 4.943720 1.805021 2.362157 7.072278 3.382393 3.276942 3.154184 2.968742 2.843014 2.889616 2.657789 2.451862 3.196232 3.196232 2.897095 4.042292 3.672547 3.367479 3.192023 2.907778 3.156510 3.187192 2.418209 3.162272 3.241971 2.920753 2.610774 2.591128 3.396444 3.285234 3.054487 2.793033 2.637467 2.251627 2.701818 2.539786 2.991738 2.504262 2.825619 4.513000 2.359754 1.365781 3.714644 7.998975 8.015657 6.107748 6.357769 3.231788 3.223444 3.231788 3.223444 2.837013 2.733004 2.689959 3.229305 3.534192
93 7.738301 3.152821 3.152821 3.152821 2.252439 3.392435 5.100130 5.100130 6.825536 10.910773 1.263933 1.205661 1.550375 1.905606 1.198860 1.304292 0.646029 1.089460 0.710578 3.935718 0.809046 0.708024 1.870669 1.894049 0.937022 1.047438 1.021441 1.063234 0.989978 0.996094 3.477328 3.477328 1.840621 1.840621 2.417706 2.413776 0.824776 0.722117 0.756027 0.779718 0.851394 1.262293 1.245099 1.245099 0.847013 0.605551 2.726254 2.703468 1.043869 0.729575 2.349240 2.336658 1.260007 0.870491 0.775107 1.033654 0.894030 2.683524 2.683524 2.683524 2.683524 2.683524 1.147015 1.603191 1.872304 3.219026 0.761658 0.724344 0.483954 0.325830 0.538405 1.224116 0.632290 1.044912 1.027287 1.231122 0.738712 1.023737 1.114131 0.880389 1.025078 1.846974 3.755513 1.073394 1.009532 0.645647 0.669092 0.000000 2.465632 1.478570 2.792485 2.792485 0.000000 1.444715 2.800306 5.080428 4.690891 3.073814 2.184452 1.619102 0.726884 0.718840 3.800030 3.791738 1.960902 1.256359 1.400894 3.036663 3.049986 3.020983 3.019371 2.997495 0.696475 0.696475 0.657299 1.188531 1.185876 0.757482 1.021972 1.060096 1.476349 1.590669 5.315955 5.312517 2.692129 0.732813 0.784200 0.726955 1.272633 1.272633 2.167803 0.747940 0.822368 0.860912 1.136839 1.375738 1.375738 4.311496 0.771233 0.604727 0.890566 0.890566 0.672476 1.308585 1.433988 1.901632 1.970624 1.960398 2.092939 0.989553 2.244783 3.357659 3.359922 5.728805 2.179366 3.358551 7.831165 0.750824 0.687669 0.708385 0.622046 0.688931 0.861266 1.045235 1.295021 2.443174 2.443174 2.434871 4.467000 3.913991 0.818578 0.734674 1.553630 0.785864 0.901234 1.241937 0.714308 0.711019 0.355308 0.531144 0.739133 0.889742 0.812377 0.564592 0.806729 0.649772 1.440365 1.249897 1.348543 2.846660 2.637062 3.588236 5.361530 0.957734 2.568831 4.675667 8.897970 8.912969 8.508848 8.743690 0.833124 0.800144 0.833124 0.800144 0.663734 0.892302 0.484104 1.716547 1.561047
94 7.967763 2.053537 2.053537 2.053537 1.332485 2.459810 4.083948 4.083948 5.625251 9.882932 2.066673 2.073440 1.947486 1.748854 2.190951 1.340782 1.596359 1.556708 1.479530 4.147422 1.353358 0.991445 2.241689 2.195041 1.816411 1.984278 1.813219 1.965634 1.828047 1.856362 3.617541 3.617541 1.362037 1.362037 1.337078 1.337344 1.707837 1.515710 1.174254 1.396908 1.169097 0.751795 0.738829 0.738829 1.018473 1.178145 3.424435 3.258439 1.710337 1.475747 2.862728 3.036883 1.225291 1.435978 1.587853 1.259355 1.513000 3.198340 3.198340 3.198340 3.198340 3.198340 1.645448 2.168247 2.057582 3.411109 1.672615 1.613617 1.448040 1.284858 1.085432 1.640270 1.727504 1.738729 1.742925 1.385572 1.815299 1.623608 1.941407 1.459994 1.839384 2.602647 4.089006 1.956728 1.734256 1.292412 1.237926 1.444715 1.860307 2.141307 2.447069 2.447069 1.444715 0.000000 1.919896 4.036724 3.770807 1.804071 1.092599 2.479140 1.721511 1.524569 4.382600 4.357541 2.687898 1.945698 1.712899 3.671089 3.699778 3.590250 3.593639 3.479929 1.419870 1.419870 1.258270 1.114156 1.105770 1.523402 1.031939 0.896497 0.231434 0.780201 5.850050 5.831910 3.363360 1.252543 1.006737 1.165995 1.088154 1.088154 1.720643 1.223246 1.348234 1.290871 0.748306 0.783377 0.783377 4.699504 1.258077 1.408329 1.390015 1.390015 1.163031 0.857878 1.085956 1.651879 1.568933 1.563427 1.590483 0.948098 1.329727 2.379096 2.379704 4.906002 1.163797 2.379321 7.311472 1.710695 1.624465 1.499373 1.250174 1.140123 1.016232 0.825826 0.751716 1.953287 1.953287 1.897437 4.128066 3.546932 1.739701 1.610302 2.016845 1.730828 1.594241 1.310763 1.623659 1.618995 1.545032 1.381917 1.421024 1.909014 1.839797 1.265622 1.092146 0.999198 0.819668 0.415974 0.837825 2.115969 1.498597 2.484315 4.513669 1.331782 1.658882 3.809531 8.245239 8.229022 8.010843 8.276348 1.694564 1.658581 1.694564 1.658581 1.303993 1.431249 1.075164 2.347779 2.302346
95 6.693832 1.702306 1.702306 1.702306 1.586584 1.509021 3.290737 3.290737 4.696015 8.867911 3.312134 3.253525 2.202378 1.783524 3.437853 2.416932 2.795998 2.640963 2.792925 3.197053 2.598072 2.460849 3.052071 3.017976 3.086871 3.230276 3.096538 3.200645 3.076451 3.091437 2.581907 2.581907 1.504129 1.504129 0.984186 0.984548 3.015848 2.868849 2.616130 2.713895 2.512571 2.139187 2.131877 2.131877 2.314284 2.484813 4.256176 4.134561 2.949121 2.758154 3.784394 4.006315 2.332703 2.859470 2.806472 2.450650 2.678904 4.039818 4.039818 4.039818 4.039818 4.039818 2.758568 2.340716 2.018911 2.563067 3.019334 2.967420 2.810393 2.626447 2.428664 2.669323 3.003262 2.857099 2.778027 2.355259 3.091501 2.749752 2.951213 2.640712 3.130355 3.389088 4.440472 3.262636 3.003867 2.772346 2.695316 2.800306 2.025076 2.761685 2.494785 2.494785 2.800306 1.919896 0.000000 3.246631 3.246631 2.117784 2.095199 3.626018 3.121527 2.719912 5.108184 5.080951 3.748693 3.221773 3.010058 4.517723 4.541066 4.377817 4.345439 4.257403 2.723603 2.723603 2.652662 2.268441 2.264334 2.860582 2.464631 2.160716 1.789601 1.384579 6.437337 6.411747 4.290863 2.753985 2.438822 2.610157 2.115414 2.115414 2.088820 2.702549 2.405080 2.318082 2.033043 1.577352 1.577352 5.035105 2.541303 2.894218 2.354729 2.354729 2.666985 2.154168 1.963824 1.374697 1.273828 1.257618 0.903888 2.101735 1.584268 1.407738 1.408765 3.648352 1.032330 1.408118 5.742558 3.136178 3.067136 2.963567 2.799988 2.709807 2.660056 2.501502 2.381795 1.796081 1.796081 1.738066 2.857127 1.921703 3.137287 3.025140 2.288626 3.085204 2.878500 2.597937 3.004892 2.948450 2.865833 2.579599 2.355559 3.154643 3.090566 2.641968 2.202239 2.228110 1.580899 1.958921 1.574150 1.277291 1.432558 1.245199 2.745663 2.021512 1.623795 2.656493 6.946489 6.927233 7.173127 7.302311 3.072757 3.053061 3.072757 3.053061 2.782727 2.319003 2.620738 3.074988 3.488021
96 7.756292 2.525306 2.525306 2.525306 2.871894 2.398689 0.308679 0.308679 2.752760 5.915136 5.596999 5.618738 4.750129 4.091928 5.824520 4.903416 5.292552 5.088338 5.197314 4.580303 4.927152 4.616828 4.963582 4.808065 5.533579 5.620731 5.533337 5.629876 5.497652 5.541044 4.878378 4.878378 4.049564 4.049564 3.112015 3.113311 5.477263 5.298706 4.961810 5.183165 5.034415 4.590230 4.584235 4.584235 4.881639 5.011630 6.320219 6.133335 5.395017 5.275848 5.948137 6.165705 4.900499 5.269177 5.277198 5.004290 5.175189 6.132260 6.132260 6.132260 6.132260 6.132260 5.204780 4.742614 4.489335 4.758933 5.484296 5.446430 5.195854 4.951044 4.785273 4.685285 5.441411 5.235523 5.192795 4.872650 5.430908 5.218927 5.398294 5.075137 5.465375 5.460070 5.972646 5.572566 5.362547 5.063786 5.000017 5.080428 4.335483 4.931483 4.484492 4.484492 5.080428 4.036724 3.246631 0.000000 1.176480 2.855149 3.180821 5.944868 5.473981 5.275254 6.933606 6.879579 5.924980 5.388872 4.903782 6.438918 6.515623 6.313825 6.291418 6.064692 5.045019 5.045019 4.990773 4.699608 4.697138 5.274472 4.835594 4.648381 3.971778 3.806496 7.977058 7.949070 6.312284 5.045562 4.832542 4.956264 4.614250 4.614250 3.386270 5.150854 5.001194 4.942471 4.512837 4.266314 4.266314 6.475765 4.933660 5.165206 4.830632 4.830632 4.990298 4.274801 4.180466 4.239775 3.808241 3.795378 3.605381 4.612647 2.872377 2.379384 2.379026 1.609533 3.478475 2.379222 4.737092 5.487545 5.430895 5.348874 5.077729 5.005260 4.645389 4.504841 4.386500 3.814052 3.814052 3.105161 3.721428 3.752163 5.489236 5.399927 4.811568 5.503005 5.341471 5.030397 5.455159 5.407327 5.286404 5.091145 4.820265 5.581492 5.530677 4.985606 4.667222 4.696526 3.930624 4.125684 3.944182 2.550929 2.616236 2.171551 2.871763 4.547909 4.030091 4.072241 7.214195 6.969334 6.861149 6.996096 5.535153 5.487854 5.535153 5.487854 5.207553 4.955390 4.932096 5.504866 5.718366
97 7.845009 2.234517 2.234517 2.234517 2.619861 2.090360 1.216301 1.216301 2.993626 6.473744 5.245962 5.269148 4.330986 3.596886 5.488054 4.612513 5.024231 4.915390 4.958819 4.426632 4.674896 4.346598 4.749841 4.587083 5.178244 5.271274 5.177986 5.281024 5.139834 5.186221 4.878378 4.878378 4.049564 4.049564 3.112015 3.113311 5.118019 4.926459 4.562157 4.873496 4.714986 4.237450 4.230954 4.230954 4.551501 4.690651 6.011563 5.814767 5.029902 4.901866 5.619079 5.848900 4.495398 4.894685 4.903319 4.608322 4.793359 5.813633 5.813633 5.813633 5.813633 5.813633 5.070072 4.322742 4.043247 4.340640 5.192617 5.152607 4.886989 4.625862 4.447989 4.340237 5.147302 5.033343 4.988884 4.654735 5.068380 4.840548 5.202443 4.685161 5.139072 5.167023 5.675583 5.219886 5.063860 4.746335 4.715078 4.690891 3.871709 4.529154 4.037868 4.037868 4.690891 3.770807 3.246631 1.176480 0.000000 2.601494 2.955253 5.615618 5.114506 4.901226 6.653465 6.597145 5.594560 5.023311 4.498976 6.136235 6.216676 6.004840 5.981276 5.802263 4.726308 4.726308 4.593639 4.275515 4.272800 4.970495 4.424555 4.300373 3.701198 3.523245 7.712401 7.683450 5.974330 4.726887 4.498803 4.556124 4.181509 4.181509 2.767767 4.803232 4.642378 4.616685 4.153488 4.015629 4.015629 6.368001 4.531524 4.782579 4.419131 4.419131 4.593123 3.803634 3.697297 3.943794 3.475704 3.461605 3.408030 4.381821 2.620390 2.068179 2.067767 1.993665 3.273482 2.067993 4.880999 5.129022 5.068366 4.980378 4.687968 4.609376 4.215845 4.060457 3.928752 3.991378 3.991378 2.621797 3.328786 3.932281 5.130830 5.035168 4.398284 5.145559 5.075737 4.636659 5.094357 5.111257 4.913225 4.702496 4.407796 5.229413 5.175142 4.662835 4.439235 4.391941 3.561123 3.865890 3.671569 2.550929 2.336789 2.171551 3.521269 4.273323 3.763705 4.628986 8.116998 7.900168 6.861149 6.996096 5.179926 5.129352 5.179926 5.129352 4.828284 4.592997 4.567856 5.113827 5.342976
98 8.151536 0.847709 0.847709 0.847709 1.609103 1.608869 2.871786 2.871786 3.966051 8.411990 3.643082 3.647744 3.262288 2.638162 3.856222 2.550633 3.333091 3.064556 3.215870 4.548135 2.853224 2.624678 3.114822 3.006219 3.410910 3.650814 3.430513 3.627363 3.458324 3.487898 4.482050 4.482050 2.493899 2.493899 1.518213 1.520869 3.469160 3.262707 2.873525 3.182172 2.933659 2.323759 2.311892 2.311892 2.677562 2.907813 4.689633 4.423058 3.292723 3.143575 4.082611 4.377957 2.684621 3.116067 3.322818 2.869707 3.158304 4.330728 4.330728 4.330728 4.330728 4.330728 3.306974 3.239331 2.855698 3.954105 3.452558 3.392085 3.103964 2.973629 2.688583 2.711116 3.384021 3.292197 3.295523 2.763705 3.345517 2.998678 3.524401 2.814648 3.487405 3.615714 4.311322 3.605432 3.375590 3.057490 3.008738 3.073814 2.074605 3.134819 2.370282 2.370282 3.073814 1.804071 2.117784 2.855149 2.601494 0.000000 1.402052 4.039934 3.451102 3.240235 5.431302 5.387609 4.099160 3.471915 3.032913 4.837903 4.886462 4.703371 4.706476 4.526234 3.127596 3.127596 2.923251 2.519372 2.514760 3.257850 2.649634 2.561330 1.811068 1.965792 6.707097 6.673786 4.603980 3.027211 2.771840 2.863937 2.485065 2.485065 2.152379 2.970348 3.028794 2.989264 2.237632 2.194495 2.194495 5.077586 2.932902 3.138382 2.973648 2.973648 2.868622 2.161496 2.262983 2.713057 2.454570 2.434565 2.357767 2.695841 1.609965 1.579943 1.579403 3.965992 1.471996 1.579699 6.749206 3.472578 3.382346 3.249015 2.966074 2.840227 2.594440 2.333470 2.095917 2.717018 2.717018 2.256695 4.096292 3.793923 3.475248 3.332394 3.339471 3.421583 3.315652 2.707112 3.367307 3.392820 3.242691 3.018618 2.956775 3.633254 3.554697 3.030825 2.788191 2.712258 2.032900 2.127489 2.220699 2.173958 1.089095 1.713035 3.950293 2.752298 1.689971 3.462373 7.837907 7.752227 6.912853 7.221553 3.434375 3.397160 3.434375 3.397160 3.010690 3.056283 2.772337 3.724915 3.781445
99 8.050325 1.695482 1.695482 1.695482 0.789596 2.178190 3.225400 3.225400 5.036668 9.008953 2.816654 2.859999 2.572134 2.191769 2.982115 2.218236 2.417934 2.287853 2.258874 4.158064 2.070659 1.651317 2.566451 2.433497 2.689825 2.789248 2.688223 2.800544 2.675914 2.718405 3.896760 3.896760 1.775772 1.775772 1.300627 1.303726 2.551533 2.368954 2.039395 2.256746 2.123286 1.781135 1.772349 1.772349 2.042826 2.126940 4.006072 3.829988 2.596924 2.419796 3.531933 3.683802 2.220857 2.353826 2.436482 2.236324 2.409462 3.825363 3.825363 3.825363 3.825363 3.825363 2.357561 2.679596 2.590865 3.767296 2.510837 2.474715 2.247941 2.035234 1.892729 2.067605 2.530335 2.454257 2.458717 2.219756 2.593847 2.506255 2.661640 2.319051 2.621272 3.073032 4.348026 2.725217 2.526872 2.082958 2.022512 2.184452 2.484872 2.625768 2.880557 2.880557 2.184452 1.092599 2.095199 3.180821 2.955253 1.402052 0.000000 3.221339 2.531628 2.440747 4.877091 4.840477 3.347685 2.631678 2.237275 4.195134 4.251042 4.125169 4.128709 3.934116 2.184567 2.184567 2.114514 2.035586 2.029875 2.367289 1.958075 1.843285 1.104114 1.342921 6.255511 6.238551 3.946737 2.038253 1.899703 2.031726 1.992969 1.992969 1.588792 2.179161 2.258177 2.204874 1.743917 1.688211 1.688211 4.865635 2.111001 2.194568 2.183656 2.183656 2.038324 1.571127 1.708059 2.281366 1.966943 1.954132 1.895604 1.800253 0.791350 2.112338 2.111934 4.229083 1.503969 2.112155 6.893297 2.510024 2.441944 2.355116 2.074438 2.010034 1.644527 1.534188 1.495600 1.981522 1.981522 1.713658 4.061300 3.578924 2.550495 2.459217 2.655947 2.592583 2.451083 2.274292 2.511063 2.466095 2.386590 2.286509 2.198819 2.723632 2.671125 2.055225 1.862795 1.863442 1.439369 1.197856 1.391152 1.717743 1.044499 2.170240 4.214364 2.006051 2.206655 3.823587 8.080936 7.997860 7.800729 8.075560 2.591147 2.541616 2.591147 2.541616 2.244460 2.305259 1.949853 3.107739 3.024413
100 8.416017 4.188840 4.188840 4.188840 3.310601 4.410968 6.002021 6.002021 7.630992 11.712792 0.442986 0.467591 2.431714 2.856261 0.515374 2.133239 1.416573 2.012637 1.560762 4.797793 1.958541 1.845675 2.947361 3.051441 0.883054 0.650518 0.799189 0.665115 0.756317 0.758648 4.129337 4.129337 2.800975 2.800975 3.382812 3.368046 1.679948 1.717274 1.859403 1.742280 1.832033 2.210651 2.213676 2.213676 1.766571 1.601917 1.290713 1.348029 0.913533 1.302328 1.064524 0.857820 1.919367 1.276229 1.526949 1.790814 1.274513 1.394202 1.394202 1.394202 1.394202 1.394202 1.865251 2.759274 2.992772 4.054210 1.570551 1.520148 1.761388 1.739026 1.999227 2.610689 1.506916 1.372279 1.380240 1.680527 1.188892 1.502958 1.353058 1.920810 0.684532 2.578820 4.546023 0.637190 0.775189 1.472924 1.520960 1.619102 3.218982 2.676963 3.741833 3.741833 1.619102 2.479140 3.626018 5.944868 5.615618 4.039934 3.221339 0.000000 1.110290 1.549481 2.391836 2.397609 0.509852 0.652655 1.233929 1.635398 1.622191 1.664759 1.673512 1.752545 1.207574 1.207574 1.436320 1.865167 1.876961 1.110932 2.080820 2.131572 2.590406 2.700846 3.935519 3.937353 1.260339 1.788156 1.886072 1.862998 2.263961 2.263961 3.192335 1.632517 1.736587 1.755168 2.290502 2.442033 2.442033 5.172495 1.670290 1.527581 1.882948 1.882948 1.712281 2.323119 2.459258 2.742959 2.880910 2.910894 3.021190 1.972436 3.288570 4.316100 4.323697 6.580589 3.207337 4.319130 8.525696 1.441728 1.560172 1.687437 1.789369 1.841596 2.041394 2.172999 2.347420 3.353166 3.353166 3.403544 5.191570 4.683666 1.111410 1.148845 2.081325 0.968864 1.064583 1.632653 1.282841 1.307107 1.397388 1.546084 1.734429 0.955323 0.972070 1.617209 1.891887 1.827453 2.546752 2.264585 2.440360 3.801458 3.644001 4.463131 6.108794 2.161120 3.471354 5.386639 9.480978 9.521805 9.507169 9.733939 1.196556 1.200610 1.196556 1.200610 1.554715 1.829406 1.671575 1.033299 0.408157
101 8.215566 3.614543 3.614543 3.614543 2.648934 3.866591 5.525166 5.525166 7.213832 11.343906 0.772257 0.786934 1.793990 2.228394 0.638698 1.651263 0.645466 1.413308 0.761131 4.446551 1.278688 1.075812 2.451748 2.503524 0.666040 0.484411 0.598692 0.512860 0.542652 0.563047 3.752196 3.752196 2.179301 2.179301 2.802166 2.796103 0.635917 0.644543 0.846197 0.708479 0.857769 1.404166 1.404695 1.404695 1.006008 0.737836 2.358051 2.356931 0.701257 0.575700 1.994070 1.929997 1.285626 0.525897 0.571612 1.014010 0.660721 2.363997 2.363997 2.363997 2.363997 2.363997 1.227875 2.164537 2.419575 3.651613 0.597801 0.550554 0.891573 0.809532 1.111327 1.909879 0.819639 1.108081 1.117925 1.404690 0.851786 1.205917 1.137343 1.330066 0.519305 2.338696 4.318989 0.502631 0.597059 0.492835 0.602422 0.726884 2.767641 2.140475 3.300744 3.300744 0.726884 1.721511 3.121527 5.473981 5.114506 3.451102 2.531628 1.110290 0.000000 0.636405 3.460793 3.458750 1.537971 0.833964 1.209805 2.688341 2.691298 2.694223 2.699640 2.718548 0.479737 0.479737 0.614926 1.288834 1.290013 0.356140 1.143651 1.228752 1.788559 1.945074 5.002358 5.001628 2.312869 0.728875 0.896684 0.847075 1.482675 1.482675 2.547885 0.665988 0.891158 0.926845 1.483331 1.708039 1.708039 4.861987 0.778778 0.461872 1.066502 1.066502 0.723766 1.560011 1.720881 2.157551 2.278011 2.292821 2.453722 1.137667 2.638534 3.785870 3.789111 6.158785 2.591105 3.787155 8.206301 0.362814 0.459947 0.592674 0.719465 0.814721 1.094567 1.290631 1.538572 2.800203 2.800203 2.794637 4.796281 4.284878 0.116249 0.175637 1.680264 0.289566 0.527720 1.216115 0.273855 0.381648 0.464798 0.752819 1.037182 0.297363 0.274173 0.614270 1.096611 0.971186 1.806190 1.478919 1.695948 3.264850 3.022730 3.950155 5.728110 1.482546 2.921866 5.019327 9.243822 9.272678 9.138078 9.373781 0.281777 0.242750 0.281777 0.242750 0.607464 1.041601 0.749761 1.448889 1.107348
102 7.877958 3.318834 3.318834 3.318834 2.439151 3.502728 5.325381 5.325381 6.928276 11.151098 1.210859 1.156813 1.299792 1.753116 1.118867 1.481002 0.714881 1.399408 0.891615 4.132548 1.258712 1.119154 2.433768 2.479068 0.917933 0.917250 0.885216 0.891389 0.848439 0.850140 3.375646 3.375646 1.929751 1.929751 2.529815 2.527233 0.473815 0.385035 0.529363 0.484519 0.484519 1.033541 1.032822 1.032822 0.673513 0.468823 2.731555 2.716874 0.861260 0.425804 2.302149 2.321822 0.877075 0.576132 0.263233 0.550560 0.482147 2.675046 2.675046 2.675046 2.675046 2.675046 1.300420 1.767970 1.956322 3.171825 0.680037 0.623618 0.877866 0.745191 0.898888 1.792878 0.948011 1.325151 1.288823 1.363215 1.079832 1.146476 1.340815 1.148986 0.975077 2.383187 4.244943 0.999069 0.986496 0.654765 0.736748 0.718840 2.354556 1.941027 2.945830 2.945830 0.718840 1.524569 2.719912 5.275254 4.901226 3.240235 2.440747 1.549481 0.636405 0.000000 3.838396 3.834920 1.950287 1.254990 1.496555 3.085334 3.082755 3.049206 3.041211 3.092010 0.694308 0.694308 0.527957 0.975330 0.970184 0.656079 0.758942 0.786817 1.522784 1.560688 5.373359 5.367236 2.704210 0.694348 0.604355 0.527957 0.990058 0.990058 2.277131 0.475321 0.330236 0.417056 1.089116 1.292111 1.292111 4.836435 0.436449 0.545805 0.583769 0.583769 0.522121 1.251797 1.320593 1.636434 1.828276 1.837998 2.044885 0.866688 2.433760 3.422239 3.423918 5.878381 2.223479 3.422898 7.840771 0.600411 0.550368 0.502596 0.601078 0.624919 1.027230 1.135353 1.325397 2.637532 2.637532 2.483257 4.361564 3.890757 0.647775 0.560435 1.299330 0.675941 0.807178 1.076971 0.424338 0.598927 0.457471 0.412700 0.660172 0.683224 0.623810 0.556778 0.915805 0.684383 1.416379 1.300469 1.368265 3.003841 2.755726 3.601371 5.374306 1.182602 2.514840 4.736661 9.016057 9.052843 8.826743 9.036114 0.515062 0.510993 0.515062 0.510993 0.456195 0.482520 0.671713 1.495483 1.500791
103 9.109996 5.537976 5.537976 5.537976 4.930912 5.712672 6.986621 6.986621 8.399917 12.191267 2.702313 2.710128 4.375585 4.620393 2.895855 3.895538 3.666015 3.985286 3.779414 5.933653 3.948925 3.882934 4.516863 4.646392 3.059855 3.007078 3.035543 3.010234 3.024574 3.027508 5.571692 5.571692 4.603439 4.603439 4.937833 4.912775 4.050761 4.059410 4.107777 4.070051 4.102239 4.264730 4.266299 4.266299 3.874058 3.809389 1.137379 1.163166 3.060597 3.526481 1.638065 1.542610 3.922372 3.513069 3.841575 3.939242 3.459682 1.289007 1.289007 1.289007 1.289007 1.289007 3.962298 4.535437 4.668809 5.410888 3.917308 3.859944 3.952288 3.935319 4.117464 4.440352 3.683955 3.292676 3.296002 3.413618 3.217199 3.332993 3.294475 3.837373 2.976984 3.947347 5.424416 2.968888 2.996720 3.740085 3.759262 3.800030 4.666508 4.350530 5.041405 5.041405 3.800030 4.382600 5.108184 6.933606 6.653465 5.431302 4.877091 2.391836 3.460793 3.838396 0.000000 0.078764 1.927357 2.731704 2.896539 0.782674 0.772446 0.816187 0.833894 0.954244 3.422494 3.422494 3.617765 3.781082 3.799037 3.397788 4.260089 4.285108 4.528467 4.592536 1.550083 1.550083 1.168066 4.083100 4.119918 4.109406 4.292605 4.292605 4.812332 3.900952 3.945636 3.953850 4.306663 4.389131 4.389131 6.202595 3.874364 3.822576 4.023604 4.023604 3.946619 4.257562 4.365067 4.543218 4.615789 4.654365 4.681103 4.111239 4.895525 5.616865 5.630878 7.471068 4.837158 5.622467 9.238363 3.809361 3.920126 4.033219 4.066547 4.086265 4.166802 4.226005 4.311592 4.976923 4.976923 4.977186 6.326543 5.945357 3.469115 3.477139 3.871594 3.288884 3.318342 3.513294 3.630319 3.642930 3.668666 3.720086 3.794910 3.319331 3.322017 3.883026 4.001611 3.967916 4.431587 4.243586 4.363183 5.220447 5.154826 5.753044 7.106007 4.107661 5.012008 6.487357 10.146865 10.179565 10.150302 10.363007 3.551238 3.550650 3.551238 3.550650 3.811560 3.991970 3.851111 2.580185 2.405593
104 9.109012 5.495130 5.495130 5.495130 4.894700 5.671146 6.933007 6.933007 8.341373 12.128469 2.698342 2.708576 4.365039 4.596630 2.901378 3.882714 3.666307 3.982855 3.777544 5.919070 3.940984 3.867886 4.506969 4.633824 3.057641 3.007502 3.032589 3.010898 3.021370 3.025754 5.569065 5.569065 4.589135 4.589135 4.907592 4.882378 4.051126 4.055867 4.096542 4.066517 4.095166 4.247033 4.248608 4.248608 3.862786 3.801771 1.143264 1.147562 3.053844 3.520622 1.626758 1.546269 3.907502 3.504808 3.837831 3.928158 3.451292 1.276324 1.276324 1.276324 1.276324 1.276324 3.963542 4.525264 4.652649 5.396951 3.919682 3.861408 3.948649 3.927314 4.106255 4.426100 3.685489 3.290624 3.293952 3.401987 3.213394 3.323055 3.297887 3.827029 2.973380 3.943703 5.413673 2.966507 2.991919 3.731661 3.750881 3.791738 4.637753 4.339923 5.014800 5.014800 3.791738 4.357541 5.080951 6.879579 6.597145 5.387609 4.840477 2.397609 3.458750 3.834920 0.078764 0.000000 1.925747 2.720158 2.868689 0.778299 0.778801 0.798379 0.816473 0.920671 3.413285 3.413285 3.605004 3.761110 3.779160 3.393555 4.245817 4.270919 4.504219 4.568628 1.550439 1.548081 1.165407 4.075385 4.108716 4.098175 4.275024 4.275024 4.775221 3.893513 3.938282 3.946511 4.289139 4.371937 4.371937 6.201622 3.862451 3.814334 4.012134 4.012134 3.934924 4.231762 4.339907 4.526610 4.592002 4.630776 4.657650 4.100013 4.859049 5.574626 5.588745 7.420955 4.808390 5.580270 9.197884 3.808465 3.918322 4.029653 4.057000 4.074971 4.147490 4.203490 4.286117 4.960766 4.960766 4.941313 6.293718 5.926909 3.467077 3.473002 3.859672 3.287049 3.316524 3.496684 3.628657 3.643280 3.664745 3.712285 3.782746 3.320816 3.322401 3.874913 3.991908 3.956284 4.406806 4.221164 4.341379 5.186257 5.114486 5.711812 7.072667 4.096426 4.985246 6.466704 10.133673 10.163051 10.115438 10.328861 3.550743 3.548951 3.550743 3.548951 3.803947 3.984702 3.839125 2.572171 2.399610
105 8.498202 4.244731 4.244731 4.244731 3.432109 4.465275 5.983215 5.983215 7.570389 11.611720 0.778299 0.813071 2.708266 3.043322 1.000497 2.330958 1.819390 2.318511 1.944787 4.904919 2.245821 2.114923 3.134506 3.239624 1.219486 1.087681 1.155238 1.097036 1.125457 1.137174 4.333178 4.333178 3.031988 3.031988 3.508028 3.489712 2.131765 2.140760 2.216858 2.160870 2.214314 2.483967 2.486658 2.486658 2.070057 1.953839 0.844804 0.850610 1.209935 1.659119 0.649031 0.407245 2.176334 1.625292 1.936953 2.110275 1.601873 0.941967 0.941967 0.941967 0.941967 0.941967 2.225986 2.996942 3.186030 4.198896 2.022392 1.964469 2.130845 2.091043 2.316243 2.844997 1.889411 1.633861 1.640554 1.847921 1.472141 1.698233 1.648441 2.169648 1.061747 2.719208 4.598821 1.042344 1.112608 1.842051 1.880682 1.960902 3.313097 2.881457 3.823097 3.823097 1.960902 2.687898 3.748693 5.924980 5.594560 4.099160 3.347685 0.509852 1.537971 1.950287 1.927357 1.925747 0.000000 0.850859 1.246625 1.160797 1.161133 1.174355 1.186730 1.260689 1.542487 1.542487 1.748505 2.069139 2.084051 1.498320 2.406015 2.450040 2.816251 2.918157 3.470729 3.469677 0.785158 2.177513 2.239273 2.219873 2.531527 2.531527 3.306891 2.008468 2.093935 2.109371 2.555291 2.691958 2.691958 5.298709 2.003880 1.909490 2.202963 2.202963 2.058994 2.532086 2.667570 2.961644 3.060657 3.094654 3.186353 2.295486 3.405117 4.365881 4.375427 6.559372 3.350186 4.369692 8.511004 1.885977 1.997600 2.111849 2.163573 2.197087 2.328836 2.427165 2.567607 3.544572 3.544572 3.517295 5.250303 4.804481 1.542246 1.555520 2.292371 1.379961 1.448769 1.823841 1.712218 1.742995 1.787428 1.882975 2.018342 1.406796 1.410535 1.990883 2.209976 2.144960 2.753617 2.499541 2.667186 3.894043 3.732928 4.516811 6.148122 2.427456 3.603536 5.472756 9.530169 9.561402 9.495167 9.722217 1.633705 1.629807 1.633705 1.629807 1.923675 2.173173 1.996053 1.061829 0.519178
106 8.372114 3.645083 3.645083 3.645083 2.741515 3.897405 5.451203 5.451203 7.091702 11.188406 0.274922 0.443411 2.115752 2.404416 0.643425 1.848464 1.226804 1.828180 1.325263 4.592450 1.676268 1.406655 2.731769 2.793767 0.733560 0.536406 0.603716 0.566631 0.532589 0.593541 3.997657 3.997657 2.469980 2.469980 2.917523 2.903660 1.431435 1.395242 1.413090 1.425905 1.466328 1.737421 1.741267 1.741267 1.381175 1.247761 1.664131 1.602402 0.627101 0.984865 1.275299 1.251970 1.511145 0.882354 1.213114 1.392586 0.906444 1.645258 1.645258 1.645258 1.645258 1.645258 1.712271 2.492463 2.673513 3.824605 1.378905 1.315381 1.493550 1.377711 1.611114 2.271596 1.362466 1.258632 1.267308 1.437502 1.018827 1.264432 1.338671 1.626942 0.426367 2.498267 4.432343 0.412541 0.512981 1.061345 1.127061 1.256359 2.809186 2.432937 3.395731 3.395731 1.256359 1.945698 3.221773 5.388872 5.023311 3.471915 2.631678 0.652655 0.833964 1.254990 2.731704 2.720158 0.850859 0.000000 0.619731 1.960240 1.980815 1.945897 1.953390 1.957594 0.785445 0.785445 0.954465 1.389574 1.401135 0.804480 1.614317 1.679228 2.062733 2.199827 4.259037 4.254745 1.589703 1.393140 1.448002 1.417816 1.804763 1.804763 2.607043 1.256008 1.388588 1.411757 1.837947 2.023654 2.023654 5.110169 1.218024 1.109556 1.478046 1.478046 1.253408 1.754767 1.922153 2.383109 2.438517 2.469067 2.608217 1.575487 2.719674 3.794084 3.801164 6.085320 2.738150 3.796906 8.148341 1.173168 1.270609 1.363581 1.362892 1.394689 1.487384 1.600953 1.774151 3.040727 3.040727 2.856799 4.808512 4.419416 0.831182 0.820688 1.796489 0.731550 0.854286 1.235405 1.014170 1.092399 1.100654 1.202175 1.344903 0.798935 0.787149 1.220345 1.533351 1.417592 2.028222 1.732830 1.950283 3.328380 3.069147 3.956345 5.748955 1.834810 3.060452 5.131466 9.338363 9.352656 9.192264 9.426612 0.962110 0.933698 0.962110 0.933698 1.177516 1.501474 1.229477 1.003081 0.429929
107 8.415780 3.229705 3.229705 3.229705 2.365497 3.511998 4.972198 4.972198 6.590051 10.679068 0.886148 1.003709 2.150965 2.220248 1.243123 1.870009 1.549305 2.016278 1.588854 4.540346 1.786916 1.392937 2.763671 2.786885 1.142530 1.089144 1.047636 1.108832 1.003387 1.069494 4.078030 4.078030 2.437301 2.437301 2.653003 2.637751 1.717764 1.611806 1.465286 1.638422 1.602346 1.643539 1.647605 1.647605 1.446103 1.405098 1.937735 1.777767 0.970063 1.231959 1.486051 1.591955 1.494424 1.093591 1.457006 1.457006 1.113120 1.822918 1.822918 1.822918 1.822918 1.822918 1.972012 2.522422 2.613477 3.782882 1.710769 1.642291 1.697620 1.510680 1.657084 2.245715 1.680241 1.534865 1.541987 1.520513 1.312242 1.395322 1.687616 1.700732 0.944174 2.625368 4.426670 0.968670 0.956226 1.229032 1.286209 1.400894 2.576590 2.463620 3.205975 3.205975 1.400894 1.712899 3.010058 4.903782 4.498976 3.032913 2.237275 1.233929 1.209805 1.496555 2.896539 2.868689 1.246625 0.619731 0.000000 2.160816 2.209206 2.106593 2.113517 2.053349 1.000495 1.000495 1.030167 1.270238 1.282875 1.139477 1.588218 1.654153 1.844763 1.996878 4.362105 4.351203 1.832285 1.524764 1.498983 1.469845 1.714573 1.714573 2.208244 1.412427 1.531526 1.552563 1.749469 1.943648 1.943648 5.186080 1.278211 1.270897 1.528026 1.528026 1.311973 1.492478 1.686107 2.315556 2.257133 2.290104 2.439483 1.622468 2.340148 3.396975 3.404881 5.660235 2.485578 3.400127 7.835982 1.484221 1.543561 1.584479 1.457610 1.447549 1.352126 1.394689 1.515221 2.976904 2.976904 2.498194 4.553439 4.321981 1.207889 1.150977 1.837828 1.147500 1.229388 1.214894 1.345411 1.446319 1.364792 1.364778 1.399645 1.263035 1.232115 1.368689 1.618122 1.469629 1.806092 1.544282 1.784856 3.026183 2.651731 3.577294 5.494984 1.875305 2.848448 5.007917 9.271047 9.256628 8.931488 9.172501 1.331929 1.285839 1.331929 1.285839 1.343108 1.634570 1.289130 1.246570 0.914363
108 8.802913 4.956758 4.956758 4.956758 4.259674 5.149474 6.492769 6.492769 8.008472 11.877116 1.933321 1.950282 3.676556 3.948177 2.134982 3.234398 2.911604 3.278723 3.024126 5.430676 3.225930 3.133760 3.881577 4.000699 2.317820 2.241561 2.287704 2.251129 2.268501 2.275427 5.016522 5.016522 3.928584 3.928584 4.308802 4.285605 3.284277 3.291758 3.345854 3.304871 3.348799 3.545036 3.546504 3.546504 3.145682 3.060916 0.422191 0.488421 2.321040 2.781203 0.989058 0.799452 3.220174 2.761649 3.078879 3.209032 2.715349 0.741149 0.741149 0.741149 0.741149 0.741149 3.235271 3.865399 4.028319 4.869013 3.154555 3.098611 3.201140 3.172245 3.371388 3.740713 2.940659 2.575519 2.579769 2.740462 2.480507 2.644091 2.581934 3.138460 2.208250 3.353562 5.003407 2.197015 2.235089 2.968327 2.991460 3.036663 4.094141 3.692742 4.505592 4.505592 3.036663 3.671089 4.517723 6.438918 6.136235 4.837903 4.195134 1.635398 2.688341 3.085334 0.782674 0.778299 1.160797 1.960240 2.160816 0.000000 0.126116 0.274778 0.323607 0.492794 2.653403 2.653403 2.859637 3.077987 3.095228 2.633863 3.514702 3.544565 3.813054 3.888927 2.317630 2.319206 0.432221 3.310651 3.360305 3.347409 3.578107 3.578107 4.139072 3.145985 3.201225 3.211343 3.590821 3.689325 3.689325 5.752259 3.118210 3.047860 3.279716 3.279716 3.184799 3.538530 3.655019 3.882087 3.950305 3.987133 4.032313 3.368205 4.226390 5.053564 5.066207 7.017766 4.199664 5.058616 8.874450 3.035956 3.147762 3.264406 3.296935 3.323424 3.402860 3.479305 3.586850 4.336913 4.336913 4.322095 5.830243 5.426304 2.697400 2.709312 3.193773 2.527094 2.565315 2.822336 2.867156 2.879023 2.905496 2.975074 3.057965 2.553045 2.556803 3.112394 3.257732 3.219449 3.725454 3.512483 3.645507 4.608495 4.521484 5.198804 6.661667 3.393672 4.421996 6.036748 9.857017 9.884082 9.835674 10.055038 2.791697 2.788028 2.791697 2.788028 3.056836 3.255428 3.093577 1.908290 1.646224
109 8.801062 5.004163 5.004163 5.004163 4.314745 5.195122 6.568846 6.568846 8.070273 11.962548 1.937430 1.946200 3.687567 3.974867 2.124391 3.231938 2.909006 3.276297 3.026755 5.456088 3.233438 3.158044 3.894520 4.019750 2.308972 2.238011 2.280570 2.243878 2.264992 2.268254 5.020120 5.020120 3.944018 3.944018 4.342588 4.319572 3.281736 3.294173 3.357950 3.307277 3.351173 3.556455 3.557918 3.557918 3.148209 3.063513 0.402915 0.504440 2.317611 2.778342 0.976722 0.778801 3.222643 2.764527 3.081461 3.211509 2.718276 0.718825 0.718825 0.718825 0.718825 0.718825 3.232812 3.875874 4.038371 4.877333 3.149384 3.093348 3.203623 3.185000 3.383393 3.760214 2.935112 2.575671 2.579921 2.740605 2.480664 2.639501 2.574805 3.138584 2.211849 3.355932 5.004996 2.200632 2.238645 2.981955 3.004983 3.049986 4.104033 3.703705 4.514582 4.514582 3.049986 3.699778 4.541066 6.515623 6.216676 4.886462 4.251042 1.622191 2.691298 3.082755 0.772446 0.778801 1.161133 1.980815 2.209206 0.126116 0.000000 0.302338 0.347313 0.569154 2.668639 2.668639 2.873781 3.091132 3.108300 2.636881 3.526219 3.555985 3.840683 3.916020 2.317799 2.319375 0.433125 3.322876 3.372350 3.359499 3.589420 3.589420 4.195727 3.148512 3.203708 3.213818 3.602095 3.700299 3.700299 5.750876 3.131186 3.061134 3.292055 3.292055 3.197505 3.568284 3.683833 3.892518 3.976980 4.013564 4.058449 3.380222 4.281889 5.100070 5.112598 7.088211 4.224765 5.105076 8.930260 3.038575 3.150287 3.266841 3.309210 3.335602 3.433791 3.509562 3.616207 4.361224 4.361224 4.376381 5.870599 5.445754 2.700347 2.712246 3.206443 2.523945 2.562213 2.825152 2.864381 2.876260 2.908232 2.977745 3.071196 2.549929 2.553691 3.125394 3.270154 3.232018 3.753727 3.542457 3.674395 4.659445 4.573404 5.244022 6.697015 3.405599 4.431156 6.043461 9.861129 9.894774 9.859650 10.078491 2.785924 2.785174 2.785924 2.785174 3.059436 3.257870 3.106656 1.904118 1.651048
110 8.723584 4.809367 4.809367 4.809367 4.172153 4.992176 6.368735 6.368735 7.819041 11.736950 1.930168 1.936497 3.601269 3.832680 2.162102 3.143119 2.910350 3.263458 3.029356 5.357320 3.201525 3.109336 3.861886 3.981597 2.286609 2.244277 2.256077 2.244086 2.242042 2.249049 4.952982 4.952982 3.866207 3.866207 4.197578 4.173762 3.283166 3.277299 3.305206 3.290470 3.308188 3.456327 3.457832 3.457832 3.073227 3.015624 0.485989 0.372409 2.266353 2.732168 0.864200 0.819014 3.116003 2.719432 3.057050 3.132604 2.657783 0.563834 0.563834 0.563834 0.563834 0.563834 3.246918 3.794503 3.915808 4.743609 3.166499 3.103716 3.192377 3.157238 3.331052 3.704400 2.946037 2.573153 2.571733 2.659728 2.464745 2.560320 2.592844 3.068216 2.205490 3.339370 4.940951 2.204208 2.222521 2.958875 2.982081 3.020983 3.914404 3.639934 4.342916 4.342916 3.020983 3.590250 4.377817 6.313825 6.004840 4.703371 4.125169 1.664759 2.694223 3.049206 0.816187 0.798379 1.174355 1.945897 2.106593 0.274778 0.302338 0.000000 0.098689 0.432229 2.635444 2.635444 2.811970 2.968831 2.986702 2.621349 3.450711 3.475524 3.730723 3.792860 2.333862 2.326022 0.467414 3.302179 3.319834 3.306780 3.479058 3.479058 4.039312 3.108991 3.146359 3.156653 3.500490 3.593343 3.593343 5.747387 3.068212 3.037052 3.220141 3.220141 3.145167 3.444001 3.552633 3.765210 3.835507 3.873427 3.919917 3.321972 4.138165 4.893183 4.906239 6.880560 4.067982 4.898400 8.730727 3.048366 3.152787 3.255813 3.275068 3.288428 3.368689 3.420351 3.504763 4.292038 4.292038 4.217429 5.681523 5.314068 2.703263 2.698953 3.107592 2.515985 2.554372 2.716354 2.855665 2.882828 2.889105 2.922628 2.993982 2.560193 2.555376 3.097098 3.223537 3.171048 3.625058 3.448451 3.567510 4.510480 4.399445 5.043044 6.516968 3.336133 4.260701 5.909735 9.763798 9.791122 9.674008 9.889080 2.781645 2.777963 2.781645 2.777963 3.018750 3.195401 3.055949 1.803980 1.629120
111 8.653524 4.796186 4.796186 4.796186 4.156952 4.963806 6.346522 6.346522 7.800959 11.711614 1.937722 1.939010 3.561154 3.795013 2.168849 3.147764 2.908677 3.267932 3.034175 5.295148 3.206085 3.114031 3.865667 3.985265 2.292989 2.246446 2.262543 2.246255 2.244213 2.251213 4.891146 4.891146 3.851062 3.851062 4.183633 4.159738 3.281682 3.275812 3.303732 3.288990 3.306715 3.454918 3.456423 3.456423 3.070850 3.013201 0.475863 0.409765 2.268501 2.730385 0.880943 0.836662 3.108179 2.724799 3.049075 3.124821 2.648606 0.589175 0.589175 0.589175 0.589175 0.589175 3.251415 3.757101 3.879576 4.680568 3.171110 3.108420 3.196950 3.155695 3.329590 3.703085 2.950992 2.578824 2.571733 2.659728 2.470665 2.560320 2.592844 3.068216 2.212104 3.337912 4.939965 2.210826 2.229085 2.963808 2.986976 3.019371 3.898197 3.622499 4.328315 4.328315 3.019371 3.593639 4.345439 6.291418 5.981276 4.706476 4.128709 1.673512 2.699640 3.041211 0.833894 0.816473 1.186730 1.953390 2.113517 0.323607 0.347313 0.098689 0.000000 0.464801 2.633595 2.633595 2.810238 2.960618 2.978539 2.625062 3.449300 3.468511 3.729417 3.776132 2.340113 2.332294 0.497689 3.306600 3.318367 3.305307 3.466437 3.466437 4.013915 3.113687 3.132398 3.142738 3.496314 3.581126 3.581126 5.749929 3.060266 3.040257 3.200421 3.200421 3.146715 3.436924 3.534769 3.727514 3.798509 3.836795 3.883723 3.314634 4.122838 4.864236 4.877370 6.837251 4.052390 4.869484 8.660725 3.053155 3.157417 3.260297 3.279526 3.292867 3.373023 3.424620 3.508929 4.277263 4.277263 4.183810 5.615137 5.257871 2.708662 2.704361 3.061811 2.521784 2.560085 2.720832 2.859073 2.886204 2.887418 2.914285 2.972762 2.558290 2.553469 3.095525 3.215975 3.163360 3.607552 3.447039 3.549720 4.479061 4.385032 5.014962 6.471226 3.317103 4.250402 5.892405 9.737328 9.764726 9.651329 9.858995 2.786892 2.783217 2.786892 2.783217 3.023586 3.175527 3.060726 1.768539 1.638063
112 8.649746 4.642821 4.642821 4.642821 4.002867 4.848034 6.114060 6.114060 7.613038 11.444941 1.973041 1.988581 3.639790 3.834217 2.223346 3.081460 2.885461 3.163359 2.971835 5.261412 3.106040 2.999115 3.706469 3.817068 2.322384 2.297149 2.304134 2.304394 2.289777 2.301489 4.907410 4.907410 3.719054 3.719054 4.019141 3.994262 3.320916 3.303227 3.310805 3.290106 3.307826 3.436601 3.436384 3.436384 3.060057 3.002201 0.720809 0.563848 2.313587 2.768549 1.004172 0.974373 3.153227 2.750028 3.096904 3.171508 2.703529 0.748896 0.748896 0.748896 0.748896 0.748896 3.155214 3.783585 3.905229 4.767678 3.166272 3.103484 3.150229 3.108966 3.276272 3.597444 2.917393 2.474925 2.479348 2.570508 2.451865 2.563673 2.516573 3.049030 2.218386 3.232224 4.819179 2.241847 2.210510 2.927135 2.931841 2.997495 3.911274 3.580537 4.293256 4.293256 2.997495 3.479929 4.257403 6.064692 5.802263 4.526234 3.934116 1.752545 2.718548 3.092010 0.954244 0.920671 1.260689 1.957594 2.053349 0.492794 0.569154 0.432229 0.464801 0.000000 2.607240 2.607240 2.816438 2.979608 2.997415 2.613038 3.457795 3.461539 3.629379 3.709011 2.399070 2.391444 0.726018 3.273769 3.297490 3.310581 3.493839 3.493839 3.960675 3.114336 3.170128 3.166715 3.464983 3.530398 3.530398 5.582190 3.084431 3.038340 3.242119 3.242119 3.146068 3.414396 3.534979 3.755642 3.791043 3.826296 3.830401 3.262405 3.967428 4.756049 4.769480 6.668937 3.950154 4.761417 8.606781 3.071822 3.171724 3.274155 3.269323 3.282706 3.323148 3.375508 3.461013 4.085294 4.085294 4.123081 5.653343 5.193731 2.734039 2.725418 3.157036 2.550145 2.537392 2.734855 2.891610 2.882462 2.900087 2.940117 3.003780 2.610398 2.601105 3.069261 3.147035 3.124897 3.561605 3.345668 3.478232 4.321477 4.239245 4.884483 6.322978 3.265597 4.193594 5.695185 9.501892 9.515939 9.500798 9.727716 2.826938 2.817395 2.826938 2.817395 3.034606 3.221163 3.023799 1.937266 1.712211
113 7.975112 3.255651 3.255651 3.255651 2.250870 3.489293 5.098371 5.098371 6.824222 10.907567 0.823188 0.836805 1.609642 1.960571 0.852481 1.508298 0.605544 1.282548 0.685489 4.156524 1.133832 0.795477 2.318622 2.355259 0.759041 0.648545 0.701220 0.673758 0.621929 0.663754 3.475893 3.475893 1.820676 1.820676 2.399406 2.391232 0.852201 0.780431 0.811910 0.722888 0.799674 1.228003 1.227398 1.227398 0.845059 0.602815 2.331741 2.305058 0.704558 0.605406 1.949585 1.934405 1.168342 0.584999 0.642044 0.938014 0.577342 2.314294 2.314294 2.314294 2.314294 2.314294 1.110406 1.992113 2.214456 3.429347 0.775885 0.713248 0.895014 0.681809 0.965594 1.772010 0.888878 0.952582 0.933215 1.153791 0.890954 1.138482 1.028037 1.271690 0.551518 2.269695 4.234233 0.639385 0.518933 0.382274 0.416782 0.696475 2.562112 2.021532 3.114225 3.114225 0.696475 1.419870 2.723603 5.045019 4.726308 3.127596 2.184567 1.207574 0.479737 0.694308 3.422494 3.413285 1.542487 0.785445 1.000495 2.653403 2.668639 2.635444 2.633595 2.607240 0.000000 0.000000 0.483175 1.096090 1.098962 0.297829 1.073994 1.049502 1.486374 1.599978 4.956690 4.953004 2.306992 0.702317 0.755780 0.810994 1.322438 1.322438 2.234979 0.689976 0.770027 0.755853 1.290316 1.416209 1.416209 4.789480 0.659734 0.537958 0.903571 0.903571 0.689607 1.333640 1.469813 1.859426 1.929927 1.947535 2.065162 0.838872 2.237018 3.401778 3.405864 5.723936 2.242250 3.403400 7.807595 0.673334 0.718607 0.784810 0.764404 0.819755 0.969098 1.135733 1.369106 2.431735 2.431735 2.431428 4.465125 3.906861 0.504519 0.455490 1.457093 0.533012 0.468211 1.118282 0.566092 0.517341 0.557779 0.683366 0.830400 0.562909 0.518110 0.468569 0.790637 0.697321 1.479562 1.136564 1.319982 2.829798 2.637157 3.539761 5.294190 1.204098 2.669862 4.662974 8.886552 8.901571 8.871603 9.097086 0.608792 0.562817 0.608792 0.562817 0.682960 0.895072 0.648835 1.352093 1.148255
114 7.975112 3.255651 3.255651 3.255651 2.250870 3.489293 5.098371 5.098371 6.824222 10.907567 0.823188 0.836805 1.609642 1.960571 0.852481 1.508298 0.605544 1.282548 0.685489 4.156524 1.133832 0.795477 2.318622 2.355259 0.759041 0.648545 0.701220 0.673758 0.621929 0.663754 3.475893 3.475893 1.820676 1.820676 2.399406 2.391232 0.852201 0.780431 0.811910 0.722888 0.799674 1.228003 1.227398 1.227398 0.845059 0.602815 2.331741 2.305058 0.704558 0.605406 1.949585 1.934405 1.168342 0.584999 0.642044 0.938014 0.577342 2.314294 2.314294 2.314294 2.314294 2.314294 1.110406 1.992113 2.214456 3.429347 0.775885 0.713248 0.895014 0.681809 0.965594 1.772010 0.888878 0.952582 0.933215 1.153791 0.890954 1.138482 1.028037 1.271690 0.551518 2.269695 4.234233 0.639385 0.518933 0.382274 0.416782 0.696475 2.562112 2.021532 3.114225 3.114225 0.696475 1.419870 2.723603 5.045019 4.726308 3.127596 2.184567 1.207574 0.479737 0.694308 3.422494 3.413285 1.542487 0.785445 1.000495 2.653403 2.668639 2.635444 2.633595 2.607240 0.000000 0.000000 0.483175 1.096090 1.098962 0.297829 1.073994 1.049502 1.486374 1.599978 4.956690 4.953004 2.306992 0.702317 0.755780 0.810994 1.322438 1.322438 2.234979 0.689976 0.770027 0.755853 1.290316 1.416209 1.416209 4.789480 0.659734 0.537958 0.903571 0.903571 0.689607 1.333640 1.469813 1.859426 1.929927 1.947535 2.065162 0.838872 2.237018 3.401778 3.405864 5.723936 2.242250 3.403400 7.807595 0.673334 0.718607 0.784810 0.764404 0.819755 0.969098 1.135733 1.369106 2.431735 2.431735 2.431428 4.465125 3.906861 0.504519 0.455490 1.457093 0.533012 0.468211 1.118282 0.566092 0.517341 0.557779 0.683366 0.830400 0.562909 0.518110 0.468569 0.790637 0.697321 1.479562 1.136564 1.319982 2.829798 2.637157 3.539761 5.294190 1.204098 2.669862 4.662974 8.886552 8.901571 8.871603 9.097086 0.608792 0.562817 0.608792 0.562817 0.682960 0.895072 0.648835 1.352093 1.148255
115 8.044255 3.060524 3.060524 3.060524 2.183864 3.307371 5.044301 5.044301 6.644621 10.860023 1.014976 1.011707 1.482324 1.723129 1.088180 1.363846 0.852131 1.434044 0.940109 4.210783 1.203379 0.895084 2.372953 2.399601 0.804056 0.851351 0.749715 0.836470 0.718063 0.754578 3.592701 3.592701 1.927290 1.927290 2.356170 2.350118 0.818516 0.660214 0.502177 0.722765 0.636770 0.897963 0.897135 0.897135 0.597584 0.490095 2.546050 2.469067 0.670710 0.399699 2.064378 2.133877 0.781352 0.368059 0.564919 0.564919 0.391495 2.439310 2.439310 2.439310 2.439310 2.439310 1.393146 1.896016 2.015571 3.304411 0.911368 0.835994 0.935040 0.733563 0.855421 1.714466 1.036205 1.248590 1.233877 1.206934 0.961845 0.994518 1.356060 1.072340 0.806077 2.342030 4.180231 0.852263 0.801830 0.515860 0.616597 0.657299 2.207851 1.949290 2.829945 2.829945 0.657299 1.258270 2.652662 4.990773 4.593639 2.923251 2.114514 1.436320 0.614926 0.527957 3.617765 3.605004 1.748505 0.954465 1.030167 2.859637 2.873781 2.811970 2.810238 2.816438 0.483175 0.483175 0.000000 0.712025 0.711764 0.567592 0.692276 0.774759 1.312675 1.440048 5.140067 5.130818 2.486106 0.702191 0.580690 0.500694 0.934974 0.934974 2.029893 0.471498 0.582396 0.635661 0.981459 1.250405 1.250405 4.848193 0.339134 0.450541 0.682273 0.682273 0.353007 0.968146 1.139752 1.715277 1.791460 1.806725 2.006277 0.870973 2.172965 3.217813 3.221096 5.677592 2.070807 3.219113 7.772996 0.733710 0.710992 0.671377 0.549746 0.522487 0.734946 0.810592 1.003891 2.605359 2.605359 2.297972 4.340336 3.958595 0.631285 0.484293 1.384327 0.614754 0.756679 0.801810 0.542334 0.728858 0.533652 0.454785 0.655289 0.756774 0.682511 0.541117 0.917041 0.642019 1.255638 1.053646 1.243407 2.845466 2.487124 3.411667 5.308116 1.215309 2.398068 4.700640 9.031759 9.046537 8.714909 8.944343 0.609094 0.563143 0.609094 0.563143 0.397760 0.738057 0.447892 1.381560 1.277837
116 7.940000 2.618499 2.618499 2.618499 2.032139 2.849072 4.756461 4.756461 6.130966 10.523998 1.472073 1.436301 1.472044 1.415974 1.634512 1.227479 1.391586 1.731359 1.475013 4.158569 1.495746 1.265702 2.536086 2.561993 1.201857 1.396941 1.166201 1.345145 1.179628 1.202205 3.587270 3.587270 1.933002 1.933002 2.084775 2.077647 1.377573 1.195741 0.882295 1.231382 0.965267 0.630318 0.629138 0.629138 0.627429 0.862789 2.787712 2.634098 0.987432 0.814722 2.183899 2.400555 0.331975 0.846992 1.107353 0.539379 0.759209 2.538338 2.538338 2.538338 2.538338 2.538338 1.830928 1.889979 1.761922 3.055757 1.499075 1.412934 1.392110 1.234451 1.119955 1.860631 1.536501 1.646400 1.617304 1.223804 1.378925 1.014925 1.786915 1.099419 1.340510 2.538096 4.126525 1.410841 1.293532 1.150909 1.199446 1.188531 1.532275 2.019628 2.341335 2.341335 1.188531 1.114156 2.268441 4.699608 4.275515 2.519372 2.035586 1.865167 1.288834 0.975330 3.781082 3.761110 2.069139 1.389574 1.270238 3.077987 3.091132 2.968831 2.960618 2.979608 1.096090 1.096090 0.712025 0.000000 0.019257 1.161272 0.735913 0.764628 1.148466 1.198269 5.256212 5.236016 2.715718 1.250960 0.929228 0.881452 0.556154 0.556154 1.822594 0.905027 0.837973 0.875830 0.717821 0.999322 0.999322 4.956004 0.744122 1.116107 0.867053 0.867053 0.826804 0.668315 0.809177 1.409341 1.501131 1.519804 1.751409 1.097123 2.020019 2.744222 2.748206 5.365487 1.646346 2.745800 7.465078 1.397033 1.343920 1.233567 1.067396 0.936099 1.069315 0.890336 0.822061 2.661239 2.661239 2.080386 4.001944 3.754261 1.296890 1.133189 1.369293 1.191673 1.270718 0.521891 1.153325 1.342048 1.123557 0.799287 0.840001 1.374472 1.290495 1.130735 1.230844 0.923243 0.966202 1.079730 1.170295 2.672245 2.147384 2.969509 4.973055 1.326537 1.820785 4.407584 8.847606 8.862690 8.311118 8.533150 1.193122 1.170331 1.193122 1.170331 0.866842 0.911111 0.890876 1.461998 1.625088
117 7.939463 2.614147 2.614147 2.614147 2.026529 2.844995 4.753974 4.753974 6.129036 10.522873 1.482991 1.447489 1.465858 1.409017 1.642096 1.228535 1.390759 1.729666 1.473026 4.157276 1.493786 1.263385 2.534930 2.559893 1.210312 1.404223 1.174913 1.352705 1.188242 1.210658 3.584012 3.584012 1.927911 1.927911 2.080269 2.073413 1.370421 1.187494 0.871085 1.223376 0.955031 0.614529 0.613318 0.613318 0.621550 0.858523 2.804357 2.651708 0.997706 0.816314 2.201404 2.416492 0.322340 0.848523 1.102486 0.529316 0.762863 2.556317 2.556317 2.556317 2.556317 2.556317 1.828597 1.885755 1.757391 3.053146 1.494491 1.408860 1.387975 1.229786 1.112813 1.856341 1.536139 1.651685 1.622684 1.230905 1.385231 1.023476 1.791786 1.099250 1.348647 2.541528 4.128637 1.418574 1.301962 1.148167 1.196815 1.185876 1.530217 2.018067 2.339988 2.339988 1.185876 1.105770 2.264334 4.697138 4.272800 2.514760 2.029875 1.876961 1.290013 0.970184 3.799037 3.779160 2.084051 1.401135 1.282875 3.095228 3.108300 2.986702 2.978539 2.997415 1.098962 1.098962 0.711764 0.019257 0.000000 1.163983 0.719864 0.749195 1.137727 1.187980 5.274770 5.254645 2.732531 1.243079 0.918591 0.870232 0.538194 0.538194 1.817193 0.898240 0.830639 0.868816 0.703997 0.989439 0.989439 4.955517 0.737363 1.111613 0.859277 0.859277 0.818645 0.656276 0.797869 1.402879 1.495067 1.513324 1.746723 1.089627 2.014780 2.740368 2.744222 5.363489 1.640275 2.741894 7.463563 1.393285 1.338473 1.225937 1.058570 0.926022 1.060505 0.879734 0.810568 2.657208 2.657208 2.075228 3.999265 3.751405 1.297891 1.134334 1.370240 1.195867 1.274652 0.531398 1.151877 1.340804 1.122071 0.797196 0.838012 1.377572 1.293795 1.125640 1.226165 0.916996 0.956131 1.071974 1.162441 2.668815 2.141972 2.965597 4.970720 1.322814 1.815380 4.405354 8.846495 8.861581 8.309757 8.531825 1.192967 1.170173 1.192967 1.170173 0.861822 0.904206 0.886076 1.477014 1.638610
118 8.078967 3.415368 3.415368 3.415368 2.476266 3.670747 5.325526 5.325526 6.995559 11.133174 0.757844 0.748976 1.759550 2.148501 0.705963 1.451367 0.508160 1.215085 0.605462 4.329543 1.117610 0.899991 2.333740 2.392581 0.596953 0.530407 0.537602 0.529599 0.497511 0.516812 3.602337 3.602337 1.909734 1.909734 2.537586 2.529858 0.783954 0.751131 0.864812 0.691153 0.771106 1.263603 1.263015 1.263015 0.822529 0.570803 2.308020 2.282539 0.597598 0.506415 1.901391 1.881284 1.174132 0.488787 0.652520 0.945216 0.588970 2.270080 2.270080 2.270080 2.270080 2.270080 1.031748 2.113357 2.324129 3.567307 0.631906 0.553200 0.835307 0.744020 1.010482 1.833657 0.766428 0.879267 0.883412 1.113894 0.812095 1.074418 0.943104 1.235606 0.448174 2.259788 4.228930 0.552722 0.407406 0.419999 0.451633 0.757482 2.613126 2.085811 3.156329 3.156329 0.757482 1.523402 2.860582 5.274472 4.970495 3.257850 2.367289 1.110932 0.356140 0.656079 3.397788 3.393555 1.498320 0.804480 1.139477 2.633863 2.636881 2.621349 2.625062 2.613038 0.297829 0.297829 0.567592 1.161272 1.163983 0.000000 1.114525 1.117405 1.601612 1.758151 4.943124 4.939427 2.277699 0.723543 0.812346 0.863952 1.398006 1.398006 2.485453 0.610537 0.815439 0.802068 1.335229 1.487018 1.487018 4.771857 0.763144 0.578164 1.039448 1.039448 0.731465 1.480841 1.640585 1.988775 2.118852 2.134903 2.242724 0.922413 2.463681 3.587662 3.591536 5.966471 2.357722 3.589200 8.045425 0.591665 0.642716 0.715972 0.783951 0.838011 1.112012 1.259884 1.473727 2.538602 2.538602 2.685342 4.683781 4.061524 0.388881 0.322738 1.618913 0.340007 0.225221 1.074498 0.408133 0.337274 0.515988 0.693218 0.976513 0.454760 0.397968 0.555211 0.878775 0.795861 1.649324 1.283602 1.507820 3.050734 2.831973 3.718754 5.458495 1.309146 2.708088 4.703638 8.934159 8.964011 8.957584 9.193676 0.410776 0.385053 0.410776 0.385053 0.602596 0.965189 0.671753 1.376011 1.102351
119 8.110412 2.811288 2.811288 2.811288 2.036159 3.075945 4.894274 4.894274 6.386652 10.713017 1.670208 1.666592 1.461711 1.547531 1.702101 1.455424 1.244930 1.641819 1.266140 4.290492 1.418173 1.139628 2.527873 2.523009 1.386413 1.476732 1.342396 1.448159 1.344648 1.366675 3.618773 3.618773 1.886254 1.886254 2.193041 2.194934 0.943530 0.738374 0.357310 0.794798 0.530062 0.462793 0.467587 0.467587 0.649674 0.734159 3.204166 3.101331 1.251778 0.861899 2.665034 2.782970 0.648325 0.826376 0.828565 0.467834 0.890319 3.044451 3.044451 3.044451 3.044451 3.044451 1.630838 1.944627 1.944627 3.261623 1.152801 1.098984 1.161690 0.991768 0.913886 1.784814 1.409878 1.728980 1.718385 1.536548 1.505940 1.375992 1.843846 1.242580 1.448853 2.663629 4.320662 1.490748 1.430309 0.891763 0.959800 1.021972 1.962196 2.092961 2.680744 2.680744 1.021972 1.031939 2.464631 4.835594 4.424555 2.649634 1.958075 2.080820 1.143651 0.758942 4.260089 4.245817 2.406015 1.614317 1.588218 3.514702 3.526219 3.450711 3.449300 3.457795 1.073994 1.073994 0.692276 0.735913 0.719864 1.114525 0.000000 0.356302 1.010362 1.171090 5.774350 5.761048 3.134664 0.779957 0.467587 0.363498 0.536622 0.536622 1.886276 0.577645 0.671229 0.717933 0.660694 1.018218 1.018218 4.980523 0.526795 0.781797 0.734895 0.734895 0.446306 0.682683 0.871095 1.553654 1.637374 1.643723 1.897253 0.867809 2.036921 2.982258 2.981948 5.550943 1.825438 2.982119 7.675482 1.049846 0.945534 0.770454 0.583142 0.440356 0.679019 0.586647 0.679019 2.601685 2.601685 2.156657 4.212050 3.896626 1.138722 1.013750 1.575320 1.191150 1.270228 0.994126 0.953562 1.131875 0.976452 0.801049 0.926449 1.311190 1.251308 0.820294 1.073173 0.770791 1.017493 0.928249 1.127271 2.767470 2.254113 3.172863 5.167091 1.338934 2.085222 4.565968 8.979641 8.994504 8.571844 8.805007 1.032582 1.006162 1.032582 1.006162 0.625967 0.811657 0.688845 1.931796 1.920890
120 7.862827 2.666035 2.666035 2.666035 1.843345 2.890359 4.706867 4.706867 6.244198 10.529333 1.732169 1.713912 1.302499 1.398127 1.761254 1.407250 1.176680 1.515962 1.194266 4.055395 1.336713 1.053575 2.446236 2.441209 1.450249 1.532847 1.414548 1.505340 1.403928 1.423995 3.318654 3.318654 1.568310 1.568310 1.926414 1.928569 1.008563 0.818031 0.501646 0.763327 0.481591 0.406376 0.408202 0.408202 0.585225 0.677791 3.225299 3.135609 1.315250 0.926244 2.704847 2.821119 0.687266 0.945363 0.861105 0.523308 0.920680 3.077913 3.077913 3.077913 3.077913 3.077913 1.487070 1.806106 1.806106 3.081444 1.158863 1.105342 1.149744 0.944956 0.854200 1.734551 1.400051 1.643849 1.614707 1.419651 1.553466 1.407237 1.747626 1.268918 1.489140 2.621154 4.288057 1.559854 1.439337 0.906173 0.924483 1.060096 1.922457 2.031014 2.632664 2.632664 1.060096 0.896497 2.160716 4.648381 4.300373 2.561330 1.843285 2.131572 1.228752 0.786817 4.285108 4.270919 2.450040 1.679228 1.654153 3.544565 3.555985 3.475524 3.468511 3.461539 1.049502 1.049502 0.774759 0.764628 0.749195 1.117405 0.356302 0.000000 0.831542 0.899075 5.800551 5.787309 3.182670 0.796392 0.408202 0.503125 0.503125 0.503125 1.810406 0.667898 0.573771 0.554605 0.561974 0.734625 0.734625 4.902675 0.574040 0.890854 0.653703 0.653703 0.599292 0.713544 0.803780 1.279632 1.380077 1.385460 1.593700 0.598081 1.844186 2.794708 2.794376 5.328257 1.600129 2.794559 7.434212 1.143260 1.045445 0.890236 0.730087 0.622002 0.808728 0.732890 0.808728 2.298068 2.298068 1.990301 4.014536 3.572261 1.227804 1.110205 1.435339 1.270742 1.244952 1.082368 1.044842 1.132087 1.025025 0.813007 0.851323 1.359832 1.299904 0.784172 0.855875 0.594895 0.803236 0.737679 0.841203 2.495875 2.081586 2.943017 4.856350 1.126304 1.954820 4.275517 8.662495 8.677901 8.442949 8.661602 1.128746 1.104627 1.128746 1.104627 0.764727 0.673491 0.750423 1.929622 1.998271
121 7.838774 1.993280 1.993280 1.993280 1.237605 2.351712 4.019322 4.019322 5.578509 9.828696 2.177215 2.175820 1.817804 1.599479 2.282556 1.424599 1.634872 1.608565 1.533999 4.014469 1.412699 1.071030 2.278005 2.223327 1.916648 2.068202 1.913623 2.050322 1.918817 1.945811 3.463282 3.463282 1.285791 1.285791 1.262146 1.266182 1.703616 1.510953 1.168107 1.391744 1.162922 0.742156 0.729019 0.729019 1.054923 1.209794 3.551656 3.401927 1.807030 1.530175 3.003390 3.169827 1.235138 1.514535 1.584267 1.254832 1.551881 3.342633 3.342633 3.342633 3.342633 3.342633 1.688277 2.058963 1.942081 3.260105 1.702612 1.650093 1.488579 1.304504 1.092443 1.644918 1.785046 1.836745 1.826776 1.489676 1.909389 1.713309 2.017024 1.512779 1.941492 2.656322 4.123378 2.053008 1.842200 1.353111 1.301170 1.476349 1.829922 2.114963 2.424050 2.424050 1.476349 0.231434 1.789601 3.971778 3.701198 1.811068 1.104114 2.590406 1.788559 1.522784 4.528467 4.504219 2.816251 2.062733 1.844763 3.813054 3.840683 3.730723 3.729417 3.629379 1.486374 1.486374 1.312675 1.148466 1.137727 1.601612 1.010362 0.831542 0.000000 0.592133 5.999800 5.982115 3.500858 1.273829 0.999560 1.159804 1.016527 1.016527 1.614104 1.268638 1.313894 1.254962 0.715174 0.680387 0.680387 4.717816 1.255913 1.448192 1.327801 1.327801 1.192549 0.826467 0.986021 1.499646 1.407758 1.397380 1.436701 0.917836 1.239910 2.270814 2.270145 4.797663 1.064481 2.270527 7.162822 1.747521 1.653182 1.519545 1.274296 1.166524 1.045765 0.861909 0.791185 1.892660 1.892660 1.759088 3.964459 3.395503 1.805089 1.680731 1.937534 1.812977 1.683070 1.414461 1.674377 1.669856 1.582170 1.399163 1.389575 1.963520 1.896294 1.285562 1.084194 0.990500 0.674759 0.427046 0.702639 1.999092 1.413641 2.377332 4.394050 1.277904 1.612804 3.762612 8.190438 8.174113 7.961503 8.212013 1.754878 1.720158 1.754878 1.720158 1.357200 1.373502 1.139631 2.409030 2.421748
122 7.385853 1.903298 1.903298 1.903298 1.086759 2.060324 3.856078 3.856078 5.462065 9.666833 2.307517 2.280721 1.410525 1.115124 2.407162 1.616741 1.738801 1.780969 1.713920 3.542782 1.606266 1.315855 2.402848 2.351075 2.063470 2.178292 2.060661 2.161323 2.036996 2.062445 2.958221 2.958221 1.166651 1.166651 1.140538 1.145003 1.803588 1.622837 1.309616 1.512473 1.304994 0.949430 0.939197 0.939197 1.197609 1.336040 3.600678 3.486758 1.932059 1.640749 3.099149 3.260701 1.281577 1.696522 1.620733 1.300568 1.589091 3.428931 3.428931 3.428931 3.428931 3.428931 1.853280 1.718637 1.576726 2.733622 1.866349 1.818565 1.673391 1.432603 1.242599 1.748250 1.941844 1.989473 1.935502 1.621170 2.056729 1.828794 2.115997 1.642425 2.086567 2.721520 4.165678 2.190710 1.994510 1.554117 1.509110 1.590669 1.731472 2.030381 2.350617 2.350617 1.590669 0.780201 1.384579 3.806496 3.523245 1.965792 1.342921 2.700846 1.945074 1.560688 4.592536 4.568628 2.918157 2.199827 1.996878 3.888927 3.916020 3.792860 3.776132 3.709011 1.599978 1.599978 1.440048 1.198269 1.187980 1.758151 1.171090 0.899075 0.592133 0.000000 6.048303 6.030760 3.583347 1.485601 1.161784 1.302216 0.957316 0.957316 1.336867 1.481153 1.268638 1.207500 0.863263 0.588263 0.588263 4.779347 1.301611 1.619628 1.188458 1.188458 1.374652 0.894383 0.788426 0.981490 0.834368 0.816735 0.882323 0.979437 1.089383 1.967482 1.966709 4.456677 0.884589 1.967150 6.664117 1.907406 1.821368 1.700996 1.486002 1.394686 1.295374 1.152066 1.100156 1.797648 1.797648 1.344908 3.409743 2.893759 1.960285 1.846410 1.571121 1.967551 1.848539 1.598703 1.824684 1.820536 1.689344 1.440323 1.257099 2.050861 1.986593 1.415376 1.136816 1.047838 0.323540 0.730062 0.378259 1.646437 1.283651 2.089519 4.018965 1.132438 1.576154 3.652277 8.024660 8.007997 7.820801 8.017578 1.914149 1.882369 1.914149 1.882369 1.557678 1.239308 1.372271 2.335124 2.539534
123 9.901180 6.792898 6.792898 6.792898 6.294735 6.938624 8.026881 8.026881 9.295719 12.834284 4.243765 4.252538 5.823042 6.018209 4.438793 5.346619 5.204724 5.479000 5.314906 7.051363 5.442440 5.386297 5.876947 6.007469 4.593540 4.550966 4.574953 4.554816 4.565598 4.568826 6.835848 6.835848 6.049188 6.049188 6.300720 6.273540 5.593296 5.599607 5.634329 5.615035 5.641001 5.762353 5.763772 5.763772 5.391281 5.342266 2.670329 2.684416 4.591930 5.058421 3.144005 3.088963 5.410683 5.045659 5.377131 5.452699 4.984885 2.773018 2.773018 2.773018 2.773018 2.773018 5.479845 5.936620 6.043964 6.633961 5.463726 5.406983 5.476101 5.459375 5.627758 5.871290 5.207566 4.798447 4.800730 4.888960 4.725298 4.811948 4.800035 5.310667 4.522099 5.268157 6.464006 4.510514 4.541342 5.277525 5.295780 5.315955 5.983314 5.733811 6.288132 6.288132 5.315955 5.850050 6.437337 7.977058 7.712401 6.707097 6.255511 3.935519 5.002358 5.373359 1.550083 1.550439 3.470729 4.259037 4.362105 2.317630 2.317799 2.333862 2.340113 2.399070 4.956690 4.956690 5.140067 5.256212 5.274770 4.943124 5.774350 5.800551 5.999800 6.048303 0.000000 0.085481 2.697400 5.621725 5.651108 5.635780 5.775787 5.775787 6.156177 5.438411 5.470552 5.480426 5.796278 5.868878 5.868878 7.269625 5.394925 5.355681 5.528632 5.528632 5.472859 5.717956 5.813777 5.969453 6.019191 6.059116 6.070339 5.633668 6.256631 6.846104 6.861930 8.441374 6.221049 6.852432 10.042830 5.350455 5.461598 5.574533 5.597476 5.613119 5.665986 5.712224 5.778359 6.359614 6.359614 6.307026 7.422250 7.147073 5.010782 5.018390 5.299150 4.831433 4.864889 4.994316 5.173713 5.190361 5.201660 5.240842 5.290705 4.860947 4.864144 5.418784 5.519636 5.488170 5.884530 5.729619 5.830978 6.511809 6.478896 6.980891 8.166840 5.585953 6.359727 7.638984 10.977539 11.004664 10.923647 11.121571 5.095551 5.094302 5.095551 5.094302 5.344601 5.506759 5.374277 4.052042 3.937341
124 9.897858 6.760010 6.760010 6.760010 6.277881 6.906430 7.999068 7.999068 9.246459 12.798651 4.241181 4.249100 5.814880 6.000578 4.441156 5.326766 5.204022 5.474330 5.314218 7.047735 5.435992 5.379918 5.871101 6.001750 4.586376 4.550164 4.567760 4.552409 4.559993 4.563225 6.834651 6.834651 6.038331 6.038331 6.278100 6.250821 5.592643 5.596344 5.625893 5.611780 5.632575 5.743937 5.745360 5.745360 5.377031 5.333368 2.673031 2.674872 4.581575 5.049022 3.128862 3.087780 5.391065 5.036237 5.373733 5.438610 4.975347 2.755837 2.755837 2.755837 2.755837 2.755837 5.480512 5.928614 6.026408 6.617970 5.464394 5.406307 5.472764 5.456028 5.619312 5.863195 5.206864 4.796162 4.798446 4.873242 4.720657 4.795977 4.801149 5.296200 4.519675 5.264688 6.447594 4.509704 4.537317 5.274062 5.292329 5.312517 5.945950 5.725521 6.252589 6.252589 5.312517 5.831910 6.411747 7.949070 7.683450 6.673786 6.238551 3.937353 5.001628 5.367236 1.550083 1.548081 3.469677 4.254745 4.351203 2.319206 2.319375 2.326022 2.332294 2.391444 4.953004 4.953004 5.130818 5.236016 5.254645 4.939427 5.761048 5.787309 5.982115 6.030760 0.085481 0.000000 2.696045 5.618474 5.642697 5.627346 5.757414 5.757414 6.138942 5.429670 5.461863 5.471752 5.777970 5.850797 5.850797 7.267112 5.386114 5.352269 5.520034 5.520034 5.464173 5.699396 5.795524 5.951678 6.001563 6.041604 6.052860 5.625231 6.239673 6.813473 6.829374 8.414931 6.194564 6.819831 10.020614 5.351138 5.460929 5.571255 5.591598 5.604651 5.657597 5.698776 5.759994 6.352141 6.352141 6.290204 7.400066 7.132233 5.010053 5.014748 5.290179 4.827650 4.861132 4.973056 5.170181 5.189657 5.198147 5.231772 5.281720 4.861698 4.863393 5.415412 5.513675 5.479509 5.866497 5.716212 5.817805 6.495518 6.453470 6.948893 8.139505 5.577444 6.324586 7.609754 10.957218 10.984394 10.881759 11.080432 5.091964 5.090715 5.091964 5.090715 5.335707 5.498127 5.365432 4.040304 3.932699
125 8.756758 4.734686 4.734686 4.734686 4.016379 4.935179 6.370243 6.370243 7.879843 11.849066 1.553034 1.574530 3.343073 3.628027 1.763459 2.940274 2.582110 3.009205 2.707017 5.298327 2.938883 2.833820 3.681963 3.797722 1.948778 1.861955 1.904553 1.867436 1.885849 1.893651 4.832070 4.832070 3.690133 3.690133 4.085925 4.064376 2.904014 2.911134 2.967542 2.940700 2.980191 3.185662 3.188228 3.188228 2.791382 2.706319 0.290018 0.306521 1.937452 2.400709 0.666600 0.434697 2.843994 2.373702 2.697906 2.824920 2.332426 0.570943 0.570943 0.570943 0.570943 0.570943 2.957907 3.580963 3.740644 4.633827 2.801062 2.743358 2.872107 2.840087 3.041626 3.471581 2.619737 2.313160 2.317892 2.469012 2.152241 2.312777 2.323482 2.811612 1.843374 3.172456 4.890707 1.818791 1.886217 2.615426 2.652069 2.692129 3.791970 3.436032 4.256712 4.256712 2.692129 3.363360 4.290863 6.312284 5.974330 4.603980 3.946737 1.260339 2.312869 2.704210 1.168066 1.165407 0.785158 1.589703 1.832285 0.432221 0.433125 0.467414 0.497689 0.726018 2.306992 2.306992 2.486106 2.715718 2.732531 2.277699 3.134664 3.182670 3.500858 3.583347 2.697400 2.696045 0.000000 2.953454 2.999279 2.970296 3.209899 3.209899 3.852564 2.770440 2.833012 2.852033 3.246625 3.374531 3.374531 5.660681 2.741487 2.674381 2.915245 2.915245 2.808036 3.187153 3.309292 3.575721 3.658151 3.695486 3.774869 3.042326 3.985158 4.834394 4.846079 6.907785 3.935318 4.839062 8.783678 2.660433 2.771910 2.884289 2.923391 2.948280 3.047728 3.123507 3.233847 4.154049 4.154049 4.058706 5.627380 5.270215 2.317630 2.327762 2.873460 2.148340 2.222558 2.457732 2.484118 2.524403 2.541812 2.609887 2.708624 2.176601 2.180384 2.761257 2.949316 2.884939 3.407780 3.200948 3.345057 4.419762 4.278374 4.994430 6.550478 3.103897 4.141984 5.921485 9.859831 9.890023 9.754638 9.975783 2.404896 2.402249 2.404896 2.402249 2.676230 2.895149 2.738808 1.552340 1.245723
126 8.123538 3.210709 3.210709 3.210709 2.185361 3.490077 5.097380 5.097380 6.823482 10.935641 1.414763 1.436356 1.668138 1.995910 1.338299 1.600156 0.747531 1.278486 0.677859 4.298600 1.129235 0.788911 2.316377 2.316357 1.218486 1.169672 1.183331 1.183838 1.155127 1.178173 3.568565 3.568565 1.764595 1.764595 2.363734 2.364236 0.557596 0.440159 0.493826 0.327465 0.473440 1.045303 1.044592 1.044592 0.859917 0.623474 2.994583 2.960724 1.201634 0.854382 2.585028 2.573598 1.222651 0.792313 0.621544 0.924103 0.937299 2.959161 2.959161 2.959161 2.959161 2.959161 1.062612 2.056305 2.272376 3.555788 0.562516 0.548660 0.770295 0.578865 0.804261 1.689522 0.972544 1.308487 1.316834 1.481349 1.264328 1.469457 1.385649 1.362839 1.124569 2.456453 4.337208 1.170169 1.108952 0.346634 0.384355 0.732813 2.617270 2.091000 3.159760 3.159760 0.732813 1.252543 2.753985 5.045562 4.726887 3.027211 2.038253 1.788156 0.728875 0.694348 4.083100 4.075385 2.177513 1.393140 1.524764 3.310651 3.322876 3.302179 3.306600 3.273769 0.702317 0.702317 0.702191 1.250960 1.243079 0.723543 0.779957 0.796392 1.273829 1.485601 5.621725 5.618474 2.953454 0.000000 0.394805 0.492318 1.220386 1.220386 2.229210 0.492354 0.770087 0.755915 1.135139 1.321418 1.321418 4.792187 0.659777 0.391282 0.923534 0.923534 0.489209 1.253386 1.425021 1.907737 1.976516 1.980650 2.123487 0.693189 2.184203 3.413247 3.413519 5.783990 2.199026 3.413343 7.928099 0.531062 0.446846 0.392210 0.349593 0.458148 0.690691 0.909830 1.188425 2.381060 2.381060 2.445326 4.576036 3.994329 0.734898 0.702144 1.741259 0.910622 0.874273 1.343661 0.646373 0.604136 0.683296 0.837066 1.038791 0.942335 0.916278 0.299629 0.757128 0.659085 1.420529 0.990092 1.267870 2.860867 2.578450 3.540534 5.353247 1.269225 2.620813 4.660211 8.920111 8.935073 8.890627 9.132718 0.743186 0.706017 0.743186 0.706017 0.597817 0.932084 0.563143 1.969540 1.748644
127 7.971042 2.918232 2.918232 2.918232 1.979528 3.174335 4.886620 4.886620 6.525724 10.723343 1.488584 1.486357 1.439328 1.674809 1.475466 1.419470 0.868141 1.316032 0.855732 4.146368 1.138680 0.806007 2.322255 2.322235 1.234368 1.265685 1.199679 1.255723 1.180158 1.202725 3.419843 3.419843 1.612044 1.612044 2.111615 2.112177 0.711183 0.521243 0.296637 0.430334 0.261295 0.684936 0.683850 0.683850 0.583115 0.472345 3.041279 2.977130 1.151959 0.757692 2.569905 2.626060 0.890752 0.741489 0.621575 0.621575 0.802959 2.945959 2.945959 2.945959 2.945959 2.945959 1.208463 1.878060 1.998689 3.294141 0.804776 0.757503 0.865578 0.642681 0.700689 1.642746 1.103914 1.387972 1.374752 1.350622 1.313456 1.337568 1.485391 1.219473 1.216134 2.472269 4.264721 1.281436 1.177134 0.525382 0.550999 0.784200 2.248896 1.995660 2.862082 2.862082 0.784200 1.006737 2.438822 4.832542 4.498803 2.771840 1.899703 1.886072 0.896684 0.604355 4.119918 4.108716 2.239273 1.448002 1.498983 3.360305 3.372350 3.319834 3.318367 3.297490 0.755780 0.755780 0.580690 0.929228 0.918591 0.812346 0.467587 0.408202 0.999560 1.161784 5.651108 5.642697 2.999279 0.394805 0.000000 0.294120 0.842608 0.842608 1.989039 0.405534 0.530407 0.509613 0.791240 0.983256 0.983256 4.808422 0.448908 0.538046 0.680658 0.680658 0.349876 0.932491 1.083243 1.571792 1.654594 1.659530 1.827638 0.496713 1.978250 3.089664 3.089964 5.543192 1.873712 3.089769 7.673366 0.783113 0.687353 0.556507 0.401464 0.363243 0.631743 0.718339 0.930994 2.297788 2.297788 2.193327 4.285852 3.763297 0.901587 0.805529 1.526663 0.992524 0.959283 1.118070 0.744440 0.786311 0.738138 0.683296 0.830342 1.068325 1.017071 0.409551 0.675551 0.447892 1.077327 0.768496 0.991993 2.648703 2.307268 3.229729 5.092120 1.105130 2.270244 4.446253 8.774774 8.789983 8.646198 8.877408 0.841544 0.808907 0.841544 0.808907 0.528612 0.692215 0.489055 1.868012 1.792659
128 8.046652 3.005848 3.005848 3.005848 2.106555 3.255064 5.009006 5.009006 6.617867 10.843674 1.459238 1.456967 1.408956 1.648781 1.445853 1.479158 0.962644 1.471215 0.995890 4.208492 1.247443 0.953503 2.395599 2.395580 1.198815 1.231037 1.163067 1.220792 1.142921 1.166208 3.544064 3.544064 1.861115 1.861115 2.307376 2.307890 0.647514 0.430334 0.038558 0.521243 0.393423 0.745415 0.744417 0.744417 0.653092 0.556432 3.027024 2.962566 1.113779 0.698277 2.553019 2.609537 0.840793 0.680661 0.547584 0.547584 0.747152 2.931240 2.931240 2.931240 2.931240 2.931240 1.406920 1.854886 1.976930 3.280985 0.856837 0.812599 0.914184 0.706786 0.759915 1.668868 1.142424 1.507479 1.495315 1.473162 1.280102 1.304830 1.597627 1.183473 1.216134 2.489703 4.264721 1.247226 1.213322 0.602107 0.690371 0.726955 2.229580 1.973868 2.846930 2.846930 0.726955 1.165995 2.610157 4.956264 4.556124 2.863937 2.031726 1.862998 0.847075 0.527957 4.109406 4.098175 2.219873 1.417816 1.469845 3.347409 3.359499 3.306780 3.305307 3.310581 0.810994 0.810994 0.500694 0.881452 0.870232 0.863952 0.363498 0.503125 1.159804 1.302216 5.635780 5.627346 2.970296 0.492318 0.294120 0.000000 0.789609 0.789609 1.967173 0.405534 0.530407 0.588398 0.844137 1.145783 1.145783 4.862095 0.339134 0.450541 0.613832 0.613832 0.189491 0.884892 1.042549 1.652286 1.731243 1.735961 1.964510 0.769903 2.105354 3.172548 3.172840 5.651378 2.007445 3.172651 7.751879 0.725782 0.621247 0.472433 0.273253 0.213164 0.559100 0.655366 0.883314 2.547728 2.547728 2.232420 4.305989 3.920905 0.852263 0.749914 1.498063 0.947943 1.045579 1.078690 0.683874 0.839518 0.677009 0.616755 0.776506 1.027040 0.973615 0.504221 0.895765 0.611245 1.154836 0.967787 1.153290 2.807257 2.417132 3.360984 5.275683 1.216894 2.345215 4.673898 9.017870 9.032670 8.696080 8.925998 0.788473 0.753541 0.788473 0.753541 0.439231 0.692215 0.489055 1.821114 1.743736
129 7.795840 2.526896 2.526896 2.526896 1.912657 2.705956 4.670856 4.670856 6.064793 10.455820 1.869024 1.830371 1.224066 1.138577 1.948750 1.425455 1.500547 1.815083 1.572446 4.009419 1.591910 1.378015 2.593965 2.593947 1.565343 1.708311 1.538136 1.666222 1.535709 1.553119 3.378897 3.378897 1.835416 1.835416 2.000643 2.001236 1.320694 1.129744 0.790550 1.167402 0.882193 0.493787 0.492279 0.492279 0.750255 0.955835 3.265241 3.147515 1.393522 1.054075 2.701337 2.879318 0.489165 1.114726 1.111373 0.547584 1.012861 3.061288 3.061288 3.061288 3.061288 3.061288 1.891329 1.724315 1.582912 2.848783 1.527047 1.463252 1.443155 1.261221 1.095880 1.846240 1.669108 1.906927 1.866272 1.537854 1.681419 1.377451 2.015035 1.263091 1.686078 2.699954 4.228005 1.742516 1.648974 1.268660 1.312851 1.272633 1.523519 2.012993 2.335614 2.335614 1.272633 1.088154 2.115414 4.614250 4.181509 2.485065 1.992969 2.263961 1.482675 0.990058 4.292605 4.275024 2.531527 1.804763 1.714573 3.578107 3.589420 3.479058 3.466437 3.493839 1.322438 1.322438 0.934974 0.556154 0.538194 1.398006 0.536622 0.503125 1.016527 0.957316 5.775787 5.757414 3.209899 1.220386 0.842608 0.789609 0.000000 0.000000 1.666971 0.971480 0.770163 0.811191 0.568184 0.830263 0.830263 4.988680 0.763323 1.187853 0.729915 0.729915 0.858665 0.561590 0.554612 1.152131 1.262759 1.269219 1.567373 1.029758 1.911334 2.606111 2.606467 5.236236 1.521585 2.606236 7.285494 1.457554 1.366286 1.212501 1.042980 0.908159 1.044943 0.860912 0.790099 2.578159 2.578159 1.892367 3.785976 3.567099 1.485645 1.345116 1.332986 1.464773 1.529772 0.994036 1.294485 1.465136 1.244779 0.920890 0.871177 1.580089 1.507609 1.159902 1.226324 0.917208 0.744535 1.045201 1.009165 2.545201 2.031726 2.832485 4.828347 1.279382 1.733768 4.345543 8.781443 8.796641 8.245243 8.450582 1.366987 1.347141 1.366987 1.347141 0.986022 0.796962 1.009202 1.863449 2.070647
130 7.795840 2.526896 2.526896 2.526896 1.912657 2.705956 4.670856 4.670856 6.064793 10.455820 1.869024 1.830371 1.224066 1.138577 1.948750 1.425455 1.500547 1.815083 1.572446 4.009419 1.591910 1.378015 2.593965 2.593947 1.565343 1.708311 1.538136 1.666222 1.535709 1.553119 3.378897 3.378897 1.835416 1.835416 2.000643 2.001236 1.320694 1.129744 0.790550 1.167402 0.882193 0.493787 0.492279 0.492279 0.750255 0.955835 3.265241 3.147515 1.393522 1.054075 2.701337 2.879318 0.489165 1.114726 1.111373 0.547584 1.012861 3.061288 3.061288 3.061288 3.061288 3.061288 1.891329 1.724315 1.582912 2.848783 1.527047 1.463252 1.443155 1.261221 1.095880 1.846240 1.669108 1.906927 1.866272 1.537854 1.681419 1.377451 2.015035 1.263091 1.686078 2.699954 4.228005 1.742516 1.648974 1.268660 1.312851 1.272633 1.523519 2.012993 2.335614 2.335614 1.272633 1.088154 2.115414 4.614250 4.181509 2.485065 1.992969 2.263961 1.482675 0.990058 4.292605 4.275024 2.531527 1.804763 1.714573 3.578107 3.589420 3.479058 3.466437 3.493839 1.322438 1.322438 0.934974 0.556154 0.538194 1.398006 0.536622 0.503125 1.016527 0.957316 5.775787 5.757414 3.209899 1.220386 0.842608 0.789609 0.000000 0.000000 1.666971 0.971480 0.770163 0.811191 0.568184 0.830263 0.830263 4.988680 0.763323 1.187853 0.729915 0.729915 0.858665 0.561590 0.554612 1.152131 1.262759 1.269219 1.567373 1.029758 1.911334 2.606111 2.606467 5.236236 1.521585 2.606236 7.285494 1.457554 1.366286 1.212501 1.042980 0.908159 1.044943 0.860912 0.790099 2.578159 2.578159 1.892367 3.785976 3.567099 1.485645 1.345116 1.332986 1.464773 1.529772 0.994036 1.294485 1.465136 1.244779 0.920890 0.871177 1.580089 1.507609 1.159902 1.226324 0.917208 0.744535 1.045201 1.009165 2.545201 2.031726 2.832485 4.828347 1.279382 1.733768 4.345543 8.781443 8.796641 8.245243 8.450582 1.366987 1.347141 1.366987 1.347141 0.986022 0.796962 1.009202 1.863449 2.070647
131 7.531397 1.952498 1.952498 1.952498 1.129425 1.953011 3.449241 3.449241 5.182864 9.183168 2.796842 2.811759 1.747965 1.118249 2.975412 2.528892 2.563950 2.767291 2.575878 3.508879 2.470973 2.081067 3.046050 2.938904 2.712804 2.740391 2.691402 2.751888 2.631736 2.678262 3.377614 3.377614 2.293739 2.293739 1.948136 1.948745 2.493291 2.309970 1.970571 2.328620 2.199524 1.871365 1.867786 1.867786 2.123688 2.204719 3.893601 3.774628 2.551378 2.350776 3.483086 3.636994 2.022119 2.360441 2.257593 2.039957 2.210760 3.777970 3.777970 3.777970 3.777970 3.777970 2.843101 2.050053 1.932632 2.734051 2.676207 2.640325 2.479941 2.163873 2.057463 2.313849 2.729399 2.808864 2.749729 2.538313 2.660924 2.506625 2.932583 2.364356 2.673601 3.263077 4.545663 2.713933 2.645867 2.255999 2.275923 2.167803 2.167866 2.454850 2.725663 2.725663 2.167803 1.720643 2.088820 3.386270 2.767767 2.152379 1.588792 3.192335 2.547885 2.277131 4.812332 4.775221 3.306891 2.607043 2.208244 4.139072 4.195727 4.039312 4.013915 3.960675 2.234979 2.234979 2.029893 1.822594 1.817193 2.485453 1.886276 1.810406 1.614104 1.336867 6.156177 6.138942 3.852564 2.229210 1.989039 1.967173 1.666971 1.666971 0.000000 2.285885 2.042891 2.058709 1.825735 1.830080 1.830080 5.301746 1.905488 2.201019 1.754371 1.754371 2.024961 1.313393 1.117907 1.706948 1.256146 1.253185 1.531291 2.012251 1.127183 1.838210 1.838715 3.953297 1.744493 1.838388 6.135469 2.535694 2.479563 2.398261 2.131679 2.069058 1.716168 1.610744 1.574034 2.698109 2.698109 0.598794 2.882038 3.248401 2.556602 2.472776 1.843583 2.608884 2.645924 2.283987 2.510330 2.595575 2.345650 2.137028 1.794641 2.640308 2.592998 2.137258 2.097016 1.938726 1.193772 1.646822 1.374472 1.750786 1.321080 2.169175 4.234974 1.979950 2.355179 4.518206 8.726725 8.649853 7.863104 8.020082 2.603327 2.554032 2.603327 2.554032 2.286908 1.989438 2.098422 2.698411 2.939462
132 8.144658 3.156448 3.156448 3.156448 2.316380 3.440872 5.202052 5.202052 6.765158 11.028371 1.250260 1.237053 1.640101 1.924900 1.213841 1.312790 0.768547 1.286382 0.796111 4.380629 1.124676 0.911962 2.347613 2.380548 0.934413 1.020623 0.897658 0.991140 0.912407 0.923074 3.659499 3.659499 1.857286 1.857286 2.377144 2.375146 0.619166 0.464832 0.407363 0.464832 0.314891 0.795987 0.795052 0.795052 0.507465 0.374978 2.828637 2.757241 0.875628 0.480392 2.329029 2.387270 0.825968 0.440175 0.565369 0.565369 0.644093 2.707989 2.707989 2.707989 2.707989 2.707989 1.205477 2.028149 2.140336 3.472891 0.664765 0.588054 0.787784 0.704209 0.786345 1.720338 0.941692 1.267813 1.276426 1.250400 1.090773 1.122876 1.367029 1.090036 0.986581 2.402529 4.219553 1.045555 0.960863 0.478604 0.547621 0.747940 2.288171 2.039817 2.893045 2.893045 0.747940 1.223246 2.702549 5.150854 4.803232 2.970348 2.179161 1.632517 0.665988 0.475321 3.900952 3.893513 2.008468 1.256008 1.412427 3.145985 3.148512 3.108991 3.113687 3.114336 0.689976 0.689976 0.471498 0.905027 0.898240 0.610537 0.577645 0.667898 1.268638 1.481153 5.438411 5.429670 2.770440 0.492354 0.405534 0.405534 0.971480 0.971480 2.285885 0.000000 0.592133 0.610122 0.910756 1.190312 1.190312 4.803814 0.510847 0.461071 0.844211 0.844211 0.314808 1.120480 1.318118 1.803350 1.945862 1.953860 2.121537 0.765652 2.311762 3.359829 3.361209 5.874551 2.096518 3.360368 7.995150 0.622699 0.537101 0.408972 0.390267 0.350828 0.810794 0.879943 1.060678 2.554463 2.554463 2.526474 4.569016 4.042629 0.675875 0.541134 1.652741 0.699783 0.744699 0.910823 0.460183 0.601971 0.571007 0.570973 0.915420 0.859454 0.794844 0.500603 0.864243 0.636119 1.366118 1.059382 1.328841 2.983770 2.602887 3.516726 5.385933 1.268117 2.367289 4.617145 8.960660 8.990425 8.774889 9.020087 0.532197 0.512604 0.532197 0.512604 0.190047 0.793306 0.413774 1.709178 1.548861
133 7.694552 3.062482 3.062482 3.062482 2.186606 3.212513 5.053907 5.053907 6.651917 10.873621 1.383392 1.328174 1.068341 1.468557 1.350567 1.440152 0.841153 1.416121 0.992176 3.923201 1.271031 1.087334 2.421138 2.453086 1.106232 1.129344 1.075366 1.102772 1.032587 1.042023 3.148799 3.148799 1.709847 1.709847 2.263820 2.261722 0.707277 0.577012 0.531807 0.577012 0.464791 0.866296 0.865438 0.865438 0.587517 0.477770 2.849221 2.820106 1.000236 0.589619 2.403123 2.459610 0.751897 0.737818 0.450298 0.450298 0.545877 2.771972 2.771972 2.771972 2.771972 2.771972 1.343055 1.610598 1.749765 2.944763 0.890244 0.834524 0.985508 0.782805 0.857445 1.753978 1.112388 1.399276 1.343345 1.318640 1.241132 1.198399 1.429713 1.167685 1.150636 2.426730 4.233379 1.201586 1.128663 0.761370 0.806542 0.822368 2.156700 1.891159 2.790222 2.790222 0.822368 1.348234 2.405080 5.001194 4.642378 3.028794 2.258177 1.736587 0.891158 0.330236 3.945636 3.938282 2.093935 1.388588 1.531526 3.201225 3.203708 3.146359 3.132398 3.170128 0.770027 0.770027 0.582396 0.837973 0.830639 0.815439 0.671229 0.573771 1.313894 1.268638 5.470552 5.461863 2.833012 0.770087 0.530407 0.530407 0.770163 0.770163 2.042891 0.592133 0.000000 0.147060 0.910756 1.032580 1.032580 4.840171 0.379593 0.710473 0.358221 0.358221 0.576933 1.067053 1.073809 1.316324 1.505662 1.515984 1.726718 0.685091 2.181713 3.125554 3.127037 5.578620 1.952183 3.126133 7.536121 0.859288 0.799437 0.719639 0.709176 0.688260 1.003997 1.060623 1.214767 2.437398 2.437398 2.205381 4.068362 3.599098 0.898571 0.802152 1.100996 0.916689 0.951419 1.072847 0.709897 0.809045 0.665525 0.457314 0.503611 0.924952 0.865246 0.606199 0.793752 0.536445 1.132214 1.113177 1.086945 2.717264 2.488102 3.293630 5.061514 1.011806 2.292038 4.501796 8.796112 8.826431 8.633906 8.830211 0.796150 0.783189 0.796150 0.783189 0.621884 0.212048 0.722379 1.528699 1.658190
134 7.656515 3.023393 3.023393 3.023393 2.131515 3.175271 4.995804 4.995804 6.607880 10.814789 1.406646 1.352378 1.098286 1.490483 1.374377 1.417448 0.801659 1.345645 0.936099 3.892764 1.227756 1.036418 2.389670 2.422033 1.135178 1.157713 1.105121 1.131806 1.063539 1.072704 3.082860 3.082860 1.585141 1.585141 2.171169 2.168982 0.751745 0.630732 0.589660 0.557957 0.440912 0.853723 0.852852 0.852852 0.568815 0.454574 2.860584 2.831586 1.032159 0.642285 2.416584 2.472764 0.793870 0.780548 0.517347 0.517347 0.602380 2.783650 2.783650 2.783650 2.783650 2.783650 1.251361 1.630615 1.768207 2.955758 0.878013 0.821464 0.974474 0.768868 0.844740 1.747802 1.102624 1.344093 1.285764 1.259931 1.267000 1.225170 1.375752 1.195144 1.159996 2.422270 4.235933 1.228287 1.119041 0.747032 0.765265 0.860912 2.171690 1.908236 2.801824 2.801824 0.860912 1.290871 2.318082 4.942471 4.616685 2.989264 2.204874 1.755168 0.926845 0.417056 3.953850 3.946511 2.109371 1.411757 1.552563 3.211343 3.213818 3.156653 3.142738 3.166715 0.755853 0.755853 0.635661 0.875830 0.868816 0.802068 0.717933 0.554605 1.254962 1.207500 5.480426 5.471752 2.852033 0.755915 0.509613 0.588398 0.811191 0.811191 2.058709 0.610122 0.147060 0.000000 0.898805 0.956470 0.956470 4.815533 0.457133 0.754753 0.439548 0.439548 0.630660 1.097033 1.103605 1.274589 1.469314 1.479890 1.656400 0.563882 2.126494 3.087264 3.088765 5.526037 1.890271 3.087850 7.497279 0.896246 0.839035 0.763387 0.753532 0.733882 1.035804 1.090781 1.241185 2.314518 2.314518 2.190623 4.060380 3.517042 0.933975 0.841622 1.130076 0.951419 0.916689 1.102670 0.754210 0.795568 0.712603 0.523466 0.564362 0.959383 0.901959 0.588091 0.691850 0.472116 1.103191 1.042966 1.014920 2.640572 2.439828 3.230649 4.968800 0.956879 2.258772 4.387450 8.673554 8.704301 8.610077 8.806914 0.835904 0.823568 0.835904 0.823568 0.672027 0.258052 0.737196 1.563667 1.690481
135 7.717651 2.333726 2.333726 2.333726 1.787478 2.617397 4.544603 4.544603 5.968101 10.332477 1.893251 1.838724 1.536451 1.469252 1.956861 0.985659 1.346699 1.405208 1.342173 3.973920 1.177826 1.053010 2.131607 2.131585 1.498033 1.743036 1.529076 1.701807 1.555245 1.562954 3.437467 3.437467 1.514085 1.514085 1.710636 1.711329 1.375785 1.181160 0.862432 1.143955 0.850923 0.435467 0.398008 0.398008 0.561390 0.816025 3.301447 3.166659 1.415021 1.068031 2.723619 2.900234 0.731056 1.154886 1.249018 0.790408 1.162232 3.066458 3.066458 3.066458 3.066458 3.066458 1.589815 1.711424 1.568859 3.001044 1.418497 1.349581 1.160465 1.058398 0.762765 1.440777 1.431749 1.625064 1.604709 1.207110 1.504714 1.192486 1.775524 0.954940 1.669740 2.341205 3.837549 1.768477 1.586920 1.186885 1.173371 1.136839 1.531189 1.750602 2.113660 2.113660 1.136839 0.748306 2.033043 4.512837 4.153488 2.237632 1.743917 2.290502 1.483331 1.089116 4.306663 4.289139 2.555291 1.837947 1.749469 3.590821 3.602095 3.500490 3.496314 3.464983 1.290316 1.290316 0.981459 0.717821 0.703997 1.335229 0.660694 0.561974 0.715174 0.863263 5.796278 5.777970 3.246625 1.135139 0.791240 0.844137 0.568184 0.568184 1.825735 0.910756 0.910756 0.898805 0.000000 0.531315 0.531315 4.541589 0.936923 1.200899 0.986145 0.986145 0.876329 0.722040 0.864466 1.352448 1.447849 1.432884 1.568749 0.879977 1.786062 2.560910 2.561272 5.214372 1.270498 2.561037 7.413352 1.468381 1.356078 1.200987 1.000275 0.858776 1.002322 0.808648 0.732802 2.239626 2.239626 2.041879 4.040336 3.534927 1.516011 1.356840 1.647358 1.445005 1.422378 0.956796 1.306466 1.384042 1.183506 0.903395 0.995247 1.635534 1.546513 1.096346 0.989927 0.741509 0.745731 0.830378 0.920425 2.428676 1.914349 2.771509 4.732060 1.037472 1.517092 4.003344 8.449640 8.465433 7.959419 8.200497 1.389269 1.369746 1.389269 1.369746 0.940734 0.963784 0.816285 2.043786 2.127135
136 7.388700 2.188056 2.188056 2.188056 1.592604 2.392610 4.299901 4.299901 5.783940 10.078922 2.074012 2.009874 1.458837 1.387885 2.132236 1.139899 1.422874 1.383176 1.414042 3.677816 1.259111 1.143205 2.147575 2.147553 1.720822 1.922723 1.747913 1.885427 1.754273 1.761112 3.031854 3.031854 1.069553 1.069553 1.333328 1.334218 1.578935 1.412583 1.159327 1.284276 1.031893 0.728261 0.706500 0.706500 0.800800 0.996002 3.391136 3.277935 1.631249 1.319448 2.852232 3.021338 1.008871 1.432092 1.429483 1.052674 1.354312 3.181240 3.181240 3.181240 3.181240 3.181240 1.528502 1.646543 1.497816 2.802393 1.571541 1.509627 1.343237 1.208693 0.960491 1.554533 1.583512 1.645952 1.598675 1.199077 1.726642 1.432303 1.770072 1.241523 1.837226 2.412877 3.898369 1.960774 1.725086 1.366126 1.305621 1.375738 1.610642 1.820505 2.171909 2.171909 1.375738 0.783377 1.577352 4.266314 4.015629 2.194495 1.688211 2.442033 1.708039 1.292111 4.389131 4.371937 2.691958 2.023654 1.943648 3.689325 3.700299 3.593343 3.581126 3.530398 1.416209 1.416209 1.250405 0.999322 0.989439 1.487018 1.018218 0.734625 0.680387 0.588263 5.868878 5.850797 3.374531 1.321418 0.983256 1.145783 0.830263 0.830263 1.830080 1.190312 1.032580 0.956470 0.531315 0.000000 0.000000 4.520490 1.166705 1.459474 1.105492 1.105492 1.194421 1.002357 0.998465 1.045088 1.165917 1.147280 1.155331 0.780344 1.591015 2.330681 2.331079 4.908200 0.977485 2.330821 7.070258 1.695072 1.598773 1.469522 1.310601 1.206077 1.312164 1.170913 1.119877 1.821856 1.821856 1.887359 3.783475 3.065363 1.736495 1.599419 1.579849 1.674862 1.533299 1.271997 1.547502 1.530999 1.414545 1.139957 1.113618 1.809757 1.729727 1.242058 0.902516 0.802455 0.645341 0.800613 0.669338 2.062339 1.733794 2.456835 4.272594 0.898297 1.421011 3.577520 7.991217 8.007915 7.825575 8.041637 1.627020 1.610382 1.627020 1.610382 1.265744 1.024085 1.119681 2.134584 2.317668
137 7.388700 2.188056 2.188056 2.188056 1.592604 2.392610 4.299901 4.299901 5.783940 10.078922 2.074012 2.009874 1.458837 1.387885 2.132236 1.139899 1.422874 1.383176 1.414042 3.677816 1.259111 1.143205 2.147575 2.147553 1.720822 1.922723 1.747913 1.885427 1.754273 1.761112 3.031854 3.031854 1.069553 1.069553 1.333328 1.334218 1.578935 1.412583 1.159327 1.284276 1.031893 0.728261 0.706500 0.706500 0.800800 0.996002 3.391136 3.277935 1.631249 1.319448 2.852232 3.021338 1.008871 1.432092 1.429483 1.052674 1.354312 3.181240 3.181240 3.181240 3.181240 3.181240 1.528502 1.646543 1.497816 2.802393 1.571541 1.509627 1.343237 1.208693 0.960491 1.554533 1.583512 1.645952 1.598675 1.199077 1.726642 1.432303 1.770072 1.241523 1.837226 2.412877 3.898369 1.960774 1.725086 1.366126 1.305621 1.375738 1.610642 1.820505 2.171909 2.171909 1.375738 0.783377 1.577352 4.266314 4.015629 2.194495 1.688211 2.442033 1.708039 1.292111 4.389131 4.371937 2.691958 2.023654 1.943648 3.689325 3.700299 3.593343 3.581126 3.530398 1.416209 1.416209 1.250405 0.999322 0.989439 1.487018 1.018218 0.734625 0.680387 0.588263 5.868878 5.850797 3.374531 1.321418 0.983256 1.145783 0.830263 0.830263 1.830080 1.190312 1.032580 0.956470 0.531315 0.000000 0.000000 4.520490 1.166705 1.459474 1.105492 1.105492 1.194421 1.002357 0.998465 1.045088 1.165917 1.147280 1.155331 0.780344 1.591015 2.330681 2.331079 4.908200 0.977485 2.330821 7.070258 1.695072 1.598773 1.469522 1.310601 1.206077 1.312164 1.170913 1.119877 1.821856 1.821856 1.887359 3.783475 3.065363 1.736495 1.599419 1.579849 1.674862 1.533299 1.271997 1.547502 1.530999 1.414545 1.139957 1.113618 1.809757 1.729727 1.242058 0.902516 0.802455 0.645341 0.800613 0.669338 2.062339 1.733794 2.456835 4.272594 0.898297 1.421011 3.577520 7.991217 8.007915 7.825575 8.041637 1.627020 1.610382 1.627020 1.610382 1.265744 1.024085 1.119681 2.134584 2.317668
138 6.428061 4.900568 4.900568 4.900568 4.928167 5.088856 6.290308 6.290308 7.755295 11.012931 5.060932 4.911880 5.042330 5.201274 4.963799 3.890608 4.404803 3.705559 4.346237 4.442979 3.741754 4.244883 2.534892 2.585053 4.640327 4.975660 4.863145 4.973897 4.898762 4.861893 5.211594 5.211594 4.210233 4.210233 4.549996 4.547648 4.912827 4.873943 4.899409 4.820403 4.832514 4.941707 4.904715 4.904715 4.591619 4.553266 5.623911 5.614600 4.909936 4.760385 5.444641 5.436885 5.051234 4.983231 4.985796 5.032476 5.002402 5.505269 5.505269 5.505269 5.505269 5.505269 4.173249 3.992942 4.108393 4.935466 4.622244 4.615760 4.082505 4.291984 4.124087 3.272360 4.082130 4.063520 4.066216 4.122433 4.180899 4.238439 4.074996 3.944038 4.913453 2.649312 1.612451 5.018809 4.813041 4.776840 4.680170 4.311496 4.990199 3.176559 3.962617 3.962617 4.311496 4.699504 5.035105 6.475765 6.368001 5.077586 4.865635 5.172495 4.861987 4.836435 6.202595 6.201622 5.298709 5.110169 5.186080 5.752259 5.750876 5.747387 5.749929 5.582190 4.789480 4.789480 4.848193 4.956004 4.955517 4.771857 4.980523 4.902675 4.717816 4.779347 7.269625 7.267112 5.660681 4.792187 4.808422 4.862095 4.988680 4.988680 5.301746 4.803814 4.840171 4.815533 4.541589 4.520490 4.520490 0.000000 4.972758 4.870380 4.911812 4.911812 4.848949 5.029107 5.078989 5.041508 5.107003 5.040039 4.805997 4.691054 4.924342 5.312871 5.314441 6.855270 4.537981 5.313491 8.906219 4.901268 4.826761 4.830616 4.772472 4.781650 4.850655 4.886675 4.946125 4.101766 4.101766 5.406576 6.647673 5.206698 4.974426 4.896154 5.132963 4.793219 4.718185 4.866762 4.853456 4.688541 4.520765 4.546548 4.648766 4.951202 4.872418 4.708094 4.370212 4.485304 4.793928 4.786357 4.702981 4.882568 5.115500 5.584823 6.238013 3.995872 4.682924 4.798092 7.509075 7.553204 6.296438 6.633885 4.930218 4.929795 4.930218 4.929795 4.755119 4.794103 4.513744 5.300755 5.231985
139 7.961901 3.031305 3.031305 3.031305 2.109155 3.231602 4.994370 4.994370 6.606796 10.821321 1.269518 1.265612 1.242407 1.515315 1.298866 1.524303 0.946759 1.552413 1.046223 4.113757 1.342246 1.023541 2.503968 2.516625 1.078394 1.059239 1.012412 1.047315 0.964699 0.996663 3.418511 3.418511 1.877514 1.877514 2.318129 2.315312 0.718642 0.539703 0.327992 0.614643 0.510758 0.813471 0.818028 0.818028 0.652123 0.555294 2.787057 2.731213 0.929989 0.575483 2.326534 2.388417 0.737367 0.575572 0.430765 0.430765 0.481477 2.705724 2.705724 2.705724 2.705724 2.705724 1.467175 1.802066 1.927457 3.154104 0.941086 0.884796 1.040750 0.790227 0.897127 1.796266 1.190618 1.464199 1.431405 1.408246 1.228840 1.231069 1.537974 1.227767 1.055515 2.519703 4.332009 1.082988 1.060718 0.617983 0.716815 0.771233 2.191715 2.007992 2.870694 2.870694 0.771233 1.258077 2.541303 4.933660 4.531524 2.932902 2.111001 1.670290 0.778778 0.436449 3.874364 3.862451 2.003880 1.218024 1.278211 3.118210 3.131186 3.068212 3.060266 3.084431 0.659734 0.659734 0.339134 0.744122 0.737363 0.763144 0.526795 0.574040 1.255913 1.301611 5.394925 5.386114 2.741487 0.659777 0.448908 0.339134 0.763323 0.763323 1.905488 0.510847 0.379593 0.457133 0.936923 1.166705 1.166705 4.972758 0.000000 0.492106 0.420784 0.420784 0.329974 0.878589 0.974109 1.515983 1.601674 1.618283 1.864317 0.777986 2.102918 3.132812 3.134646 5.580270 2.018792 3.133531 7.615142 0.763076 0.716456 0.636043 0.523321 0.494608 0.715395 0.792908 0.989667 2.574345 2.574345 2.143427 4.149353 3.817700 0.770932 0.669474 1.231101 0.845435 0.953625 0.989403 0.648141 0.827015 0.657715 0.526041 0.578396 0.881285 0.829228 0.530121 0.906990 0.613200 1.124533 1.015331 1.116918 2.755631 2.420594 3.316821 5.201665 1.196272 2.374367 4.688399 9.016555 9.031358 8.742697 8.954034 0.732914 0.695196 0.732914 0.695196 0.510871 0.534511 0.599027 1.521505 1.533232
140 8.177063 3.306686 3.306686 3.306686 2.313818 3.568477 5.218670 5.218670 6.914560 11.052732 1.137894 1.165555 1.609711 1.952287 1.089339 1.608774 0.761622 1.425349 0.797496 4.332966 1.224440 0.900433 2.402361 2.415550 0.980797 0.899382 0.927194 0.917729 0.883753 0.915296 3.667299 3.667299 2.006473 2.006473 2.547116 2.544553 0.515341 0.389071 0.448888 0.487732 0.595647 1.106032 1.106704 1.106704 0.853480 0.614565 2.729042 2.695461 0.943730 0.638171 2.322524 2.309796 1.119611 0.553798 0.447044 0.817006 0.692773 2.698974 2.698974 2.698974 2.698974 2.698974 1.269557 2.024744 2.243856 3.515536 0.635833 0.599967 0.833016 0.633481 0.886436 1.750651 0.954680 1.302373 1.305175 1.470994 1.072395 1.302383 1.374573 1.283141 0.886197 2.420358 4.323374 0.893047 0.918106 0.315752 0.468750 0.604727 2.573003 2.060004 3.139335 3.139335 0.604727 1.408329 2.894218 5.165206 4.782579 3.138382 2.194568 1.527581 0.461872 0.545805 3.822576 3.814334 1.909490 1.109556 1.270897 3.047860 3.061134 3.037052 3.040257 3.038340 0.537958 0.537958 0.450541 1.116107 1.111613 0.578164 0.781797 0.890854 1.448192 1.619628 5.355681 5.352269 2.674381 0.391282 0.538046 0.450541 1.187853 1.187853 2.201019 0.461071 0.710473 0.754753 1.200899 1.459474 1.459474 4.870380 0.492106 0.000000 0.821032 0.821032 0.358722 1.209916 1.383320 1.948437 2.015828 2.026117 2.219528 0.904265 2.308134 3.486096 3.487744 5.875459 2.323965 3.486742 7.975037 0.369604 0.337925 0.349782 0.310935 0.429377 0.671951 0.895688 1.177633 2.640013 2.640013 2.468295 4.562808 4.125668 0.467982 0.421765 1.601250 0.653154 0.788194 1.184627 0.421803 0.554106 0.489044 0.673403 0.888790 0.687957 0.656355 0.351118 0.933048 0.743484 1.481073 1.157930 1.393802 2.999426 2.689264 3.658856 5.517148 1.340623 2.698577 4.886740 9.164005 9.178570 8.960201 9.196226 0.522302 0.467904 0.522302 0.467904 0.448015 0.877976 0.512719 1.687511 1.450613
141 7.601694 2.955813 2.955813 2.955813 2.034523 3.060376 4.885114 4.885114 6.524596 10.699976 1.517825 1.476582 0.827062 1.195748 1.525520 1.616025 1.075957 1.630683 1.219201 3.754751 1.432050 1.184830 2.496708 2.504910 1.308152 1.293321 1.275471 1.283574 1.209750 1.231775 3.061773 3.061773 1.788221 1.788221 2.247330 2.245639 0.892224 0.749651 0.615041 0.805285 0.729089 0.965626 0.964855 0.964855 0.818949 0.744154 2.931324 2.905225 1.182257 0.823087 2.513664 2.571047 0.858970 0.941768 0.606734 0.606734 0.699606 2.875442 2.875442 2.875442 2.875442 2.875442 1.580034 1.466289 1.617917 2.757586 1.137921 1.096504 1.173770 0.898778 0.960786 1.769395 1.326617 1.603594 1.536125 1.514568 1.392007 1.351404 1.635887 1.293772 1.319327 2.502778 4.272367 1.348041 1.316736 0.927860 0.987423 0.890566 2.129419 1.859988 2.769189 2.769189 0.890566 1.390015 2.354729 4.830632 4.419131 2.973648 2.183656 1.882948 1.066502 0.583769 4.023604 4.012134 2.202963 1.478046 1.528026 3.279716 3.292055 3.220141 3.200421 3.242119 0.903571 0.903571 0.682273 0.867053 0.859277 1.039448 0.734895 0.653703 1.327801 1.188458 5.528632 5.520034 2.915245 0.923534 0.680658 0.613832 0.729915 0.729915 1.754371 0.844211 0.358221 0.439548 0.986145 1.105492 1.105492 4.911812 0.420784 0.821032 0.000000 0.000000 0.690822 0.946004 0.866022 1.207535 1.313505 1.324429 1.603883 0.841652 2.029906 2.969524 2.970885 5.368761 1.925584 2.970054 7.297065 1.029583 0.976790 0.908985 0.823242 0.805295 0.956898 1.016152 1.176139 2.486246 2.486246 1.933702 3.806846 3.501288 1.072372 0.992975 0.893218 1.122463 1.206052 1.222980 0.939531 1.058218 0.835503 0.621580 0.376087 1.093092 1.043056 0.749997 0.936431 0.669424 1.003344 1.135113 0.997200 2.570998 2.355414 3.172802 4.973259 1.036406 2.325796 4.588396 8.869050 8.884098 8.570431 8.750367 1.034524 1.008154 1.034524 1.008154 0.843358 0.308052 0.869631 1.567226 1.765035
142 7.601694 2.955813 2.955813 2.955813 2.034523 3.060376 4.885114 4.885114 6.524596 10.699976 1.517825 1.476582 0.827062 1.195748 1.525520 1.616025 1.075957 1.630683 1.219201 3.754751 1.432050 1.184830 2.496708 2.504910 1.308152 1.293321 1.275471 1.283574 1.209750 1.231775 3.061773 3.061773 1.788221 1.788221 2.247330 2.245639 0.892224 0.749651 0.615041 0.805285 0.729089 0.965626 0.964855 0.964855 0.818949 0.744154 2.931324 2.905225 1.182257 0.823087 2.513664 2.571047 0.858970 0.941768 0.606734 0.606734 0.699606 2.875442 2.875442 2.875442 2.875442 2.875442 1.580034 1.466289 1.617917 2.757586 1.137921 1.096504 1.173770 0.898778 0.960786 1.769395 1.326617 1.603594 1.536125 1.514568 1.392007 1.351404 1.635887 1.293772 1.319327 2.502778 4.272367 1.348041 1.316736 0.927860 0.987423 0.890566 2.129419 1.859988 2.769189 2.769189 0.890566 1.390015 2.354729 4.830632 4.419131 2.973648 2.183656 1.882948 1.066502 0.583769 4.023604 4.012134 2.202963 1.478046 1.528026 3.279716 3.292055 3.220141 3.200421 3.242119 0.903571 0.903571 0.682273 0.867053 0.859277 1.039448 0.734895 0.653703 1.327801 1.188458 5.528632 5.520034 2.915245 0.923534 0.680658 0.613832 0.729915 0.729915 1.754371 0.844211 0.358221 0.439548 0.986145 1.105492 1.105492 4.911812 0.420784 0.821032 0.000000 0.000000 0.690822 0.946004 0.866022 1.207535 1.313505 1.324429 1.603883 0.841652 2.029906 2.969524 2.970885 5.368761 1.925584 2.970054 7.297065 1.029583 0.976790 0.908985 0.823242 0.805295 0.956898 1.016152 1.176139 2.486246 2.486246 1.933702 3.806846 3.501288 1.072372 0.992975 0.893218 1.122463 1.206052 1.222980 0.939531 1.058218 0.835503 0.621580 0.376087 1.093092 1.043056 0.749997 0.936431 0.669424 1.003344 1.135113 0.997200 2.570998 2.355414 3.172802 4.973259 1.036406 2.325796 4.588396 8.869050 8.884098 8.570431 8.750367 1.034524 1.008154 1.034524 1.008154 0.843358 0.308052 0.869631 1.567226 1.765035
143 8.117805 3.035468 3.035468 3.035468 2.148609 3.306654 5.043054 5.043054 6.643675 10.873785 1.300078 1.305013 1.512012 1.741252 1.309055 1.413488 0.903770 1.430223 0.934271 4.280782 1.198824 0.888950 2.370646 2.379283 1.047698 1.093363 1.006597 1.081816 0.993106 1.019820 3.636815 3.636815 1.899156 1.899156 2.336568 2.334942 0.674671 0.470207 0.193374 0.554618 0.436679 0.769123 0.768156 0.768156 0.603227 0.496961 2.872591 2.797632 0.959425 0.580163 2.388497 2.448815 0.818323 0.522818 0.547677 0.547677 0.649054 2.766691 2.766691 2.766691 2.766691 2.766691 1.372194 1.928228 2.045902 3.369568 0.825395 0.767289 0.874155 0.683315 0.763038 1.670292 1.070665 1.399259 1.396647 1.372901 1.150694 1.190476 1.505678 1.124628 1.061619 2.433724 4.232286 1.097099 1.058397 0.497329 0.601179 0.672476 2.238674 1.984134 2.854057 2.854057 0.672476 1.163031 2.666985 4.990298 4.593123 2.868622 2.038324 1.712281 0.723766 0.522121 3.946619 3.934924 2.058994 1.253408 1.311973 3.184799 3.197505 3.145167 3.146715 3.146068 0.689607 0.689607 0.353007 0.826804 0.818645 0.731465 0.446306 0.599292 1.192549 1.374652 5.472859 5.464173 2.808036 0.489209 0.349876 0.189491 0.858665 0.858665 2.024961 0.314808 0.576933 0.630660 0.876329 1.194421 1.194421 4.848949 0.329974 0.358722 0.690822 0.690822 0.000000 0.909256 1.107804 1.739598 1.814760 1.822683 2.034822 0.800126 2.144238 3.222752 3.224006 5.707302 2.045754 3.223240 7.833273 0.668172 0.583550 0.461157 0.253257 0.186845 0.549604 0.647285 0.877334 2.580437 2.580437 2.303750 4.396886 4.001091 0.732388 0.610255 1.538148 0.803949 0.917046 0.957173 0.580780 0.757900 0.597647 0.564079 0.786560 0.924104 0.864339 0.470757 0.899293 0.616402 1.218169 0.973446 1.213113 2.859736 2.454631 3.410973 5.336948 1.245541 2.369358 4.698513 9.047892 9.062643 8.724172 8.962066 0.675760 0.634654 0.675760 0.634654 0.312514 0.756394 0.377716 1.712727 1.581695
144 7.985008 2.278411 2.278411 2.278411 1.569781 2.538117 4.336097 4.336097 5.810899 10.132022 1.892735 1.899679 1.485134 1.215217 2.043027 1.549137 1.648858 1.924762 1.659035 4.085844 1.637196 1.271893 2.580923 2.543978 1.682791 1.798940 1.647166 1.778355 1.635928 1.672850 3.602406 3.602406 1.891279 1.891279 1.872529 1.871578 1.518062 1.305000 0.885731 1.337734 1.097711 0.635119 0.633947 0.633947 0.968383 1.135122 3.264227 3.113189 1.503250 1.247755 2.707115 2.890661 0.822891 1.216613 1.302025 0.871761 1.185082 3.059863 3.059863 3.059863 3.059863 3.059863 2.000164 1.913029 1.786626 3.070067 1.688122 1.627226 1.546186 1.307454 1.158431 1.811755 1.800211 1.965124 1.940812 1.627506 1.747144 1.511204 2.120855 1.402919 1.727418 2.744273 4.256443 1.782547 1.691221 1.274511 1.318506 1.308585 1.627162 2.092531 2.404504 2.404504 1.308585 0.857878 2.154168 4.274801 3.803634 2.161496 1.571127 2.323119 1.560011 1.251797 4.257562 4.231762 2.532086 1.754767 1.492478 3.538530 3.568284 3.444001 3.436924 3.414396 1.333640 1.333640 0.968146 0.668315 0.656276 1.480841 0.682683 0.713544 0.826467 0.894383 5.717956 5.699396 3.187153 1.253386 0.932491 0.884892 0.561590 0.561590 1.313393 1.120480 1.067053 1.097033 0.722040 1.002357 1.002357 5.029107 0.878589 1.209916 0.946004 0.946004 0.909256 0.000000 0.398961 1.423008 1.325820 1.334756 1.615858 1.132056 1.565565 2.429254 2.430399 5.001521 1.475024 2.429693 7.206112 1.557968 1.479969 1.347032 1.079348 0.949704 0.796734 0.532960 0.408820 2.552410 2.552410 1.640730 3.792038 3.677918 1.563546 1.430688 1.539662 1.573652 1.634326 1.094667 1.446631 1.601148 1.376442 1.127418 1.034727 1.706703 1.639828 1.210012 1.304049 1.018795 0.641748 0.838364 0.933129 2.360808 1.713502 2.672604 4.801677 1.407539 1.822453 4.408274 8.847949 8.832839 8.210516 8.435196 1.522557 1.482406 1.522557 1.482406 1.125229 1.122497 1.022006 1.986035 2.077844
145 7.698495 2.240132 2.240132 2.240132 1.513686 2.375797 4.242968 4.242968 5.741741 10.030566 2.048880 2.036253 1.184755 0.818734 2.183386 1.710639 1.753475 2.050805 1.803744 3.796645 1.783678 1.455612 2.676240 2.637846 1.847065 1.933425 1.814668 1.914286 1.782753 1.816693 3.297600 3.297600 1.858030 1.858030 1.839666 1.839666 1.615051 1.416651 1.043262 1.446861 1.228350 0.840983 0.840098 0.840098 1.122096 1.268793 3.361141 3.238807 1.661839 1.388353 2.842084 3.017431 0.930186 1.416548 1.367484 0.966805 1.275976 3.186885 3.186885 3.186885 3.186885 3.186885 2.119845 1.698193 1.554416 2.720815 1.824079 1.769760 1.695546 1.427511 1.287231 1.896697 1.938065 2.105392 2.054469 1.761495 1.903543 1.654638 2.225335 1.539113 1.888991 2.818894 4.304932 1.939533 1.855948 1.457443 1.496068 1.433988 1.588738 2.062794 2.378670 2.378670 1.433988 1.085956 1.963824 4.180466 3.697297 2.262983 1.708059 2.459258 1.720881 1.320593 4.365067 4.339907 2.667570 1.922153 1.686107 3.655019 3.683833 3.552633 3.534769 3.534979 1.469813 1.469813 1.139752 0.809177 0.797869 1.640585 0.871095 0.803780 0.986021 0.788426 5.813777 5.795524 3.309292 1.425021 1.083243 1.042549 0.554612 0.554612 1.117907 1.318118 1.073809 1.103605 0.864466 0.998465 0.998465 5.078989 0.974109 1.383320 0.866022 0.866022 1.107804 0.398961 0.000000 1.114654 0.987573 0.997309 1.354193 1.199744 1.510935 2.260504 2.261242 4.793357 1.418163 2.260779 6.884202 1.707210 1.632528 1.508932 1.275684 1.168039 1.047455 0.863959 0.793418 2.519095 2.519095 1.378299 3.423051 3.389416 1.723699 1.604160 1.284665 1.739279 1.794361 1.314355 1.600764 1.741659 1.499140 1.211638 0.977749 1.816938 1.754271 1.338836 1.368600 1.100211 0.499110 1.007785 0.843276 2.188715 1.661863 2.518965 4.583865 1.359013 1.820315 4.354032 8.750101 8.734822 8.123632 8.313244 1.683966 1.647753 1.683966 1.647753 1.326190 1.057232 1.239993 1.993006 2.229014
146 6.889249 2.442038 2.442038 2.442038 1.825309 2.311518 4.295882 4.295882 5.780953 9.994335 2.430915 2.355371 0.902378 0.784393 2.493323 1.951899 1.936733 2.137846 2.046856 3.175332 2.038643 1.895302 2.826168 2.827883 2.197876 2.270995 2.186757 2.239506 2.141402 2.152540 2.351797 2.351797 1.547187 1.547187 1.739490 1.739490 1.965373 1.840878 1.654534 1.768987 1.595228 1.417855 1.415231 1.415231 1.488092 1.601611 3.545789 3.493888 2.041838 1.777989 3.103266 3.259373 1.395496 1.928223 1.719919 1.422259 1.648097 3.414237 3.414237 3.414237 3.414237 3.414237 2.180980 1.468010 1.299000 2.044679 2.108634 2.061825 2.027179 1.804880 1.687316 2.216294 2.189044 2.255269 2.154218 1.876880 2.267620 1.979929 2.284305 1.900558 2.257170 2.937892 4.370932 2.339493 2.187731 1.932076 1.913659 1.901632 1.774536 2.162826 2.465921 2.465921 1.901632 1.651879 1.374697 4.239775 3.943794 2.713057 2.281366 2.742959 2.157551 1.636434 4.543218 4.526610 2.961644 2.383109 2.315556 3.882087 3.892518 3.765210 3.727514 3.755642 1.859426 1.859426 1.715277 1.409341 1.402879 1.988775 1.553654 1.279632 1.499646 0.981490 5.969453 5.951678 3.575721 1.907737 1.571792 1.652286 1.152131 1.152131 1.706948 1.803350 1.316324 1.274589 1.352448 1.045088 1.045088 5.041508 1.515983 1.948437 1.207535 1.207535 1.739598 1.423008 1.114654 0.000000 0.516869 0.524007 0.747716 1.376191 1.823028 2.203668 2.204426 4.575455 1.391224 2.203951 6.357020 2.148048 2.086336 1.991111 1.889518 1.818578 1.890603 1.795450 1.762591 2.199654 2.199654 1.559868 2.917326 2.498162 2.163926 2.067093 1.057262 2.139258 2.062044 1.834210 2.011903 2.038337 1.890987 1.576329 1.273779 2.136521 2.080632 1.754338 1.509969 1.405463 0.967907 1.521880 1.026072 1.960791 1.949948 2.333878 3.930522 1.316124 1.830124 3.800465 8.046696 8.063279 7.930766 8.047796 2.084244 2.071282 2.084244 2.071282 1.853250 1.172104 1.808811 2.119290 2.620085
147 6.942249 2.151228 2.151228 2.151228 1.412794 2.001836 3.870608 3.870608 5.472332 9.598920 2.538436 2.492479 1.039923 0.590015 2.645945 2.115322 2.100573 2.288026 2.173460 3.090053 2.134665 1.888241 2.859062 2.823156 2.365993 2.412902 2.348399 2.397594 2.291349 2.316571 2.445902 2.445902 1.579653 1.579653 1.558012 1.558012 2.128515 1.980692 1.733389 1.914059 1.754724 1.509127 1.506663 1.506663 1.657928 1.760530 3.638310 3.569532 2.198586 1.955996 3.213897 3.369953 1.575346 2.062123 1.868804 1.599102 1.802923 3.519955 3.519955 3.519955 3.519955 3.519955 2.328380 1.556344 1.398054 2.108997 2.275831 2.232530 2.154939 1.877431 1.764706 2.216294 2.350528 2.383804 2.288436 2.029523 2.395494 2.149184 2.442993 2.051440 2.372577 3.027460 4.431631 2.451027 2.306615 2.000017 1.982232 1.970624 1.848278 2.223729 2.519508 2.519508 1.970624 1.568933 1.273828 3.808241 3.475704 2.454570 1.966943 2.880910 2.278011 1.828276 4.615789 4.592002 3.060657 2.438517 2.257133 3.950305 3.976980 3.835507 3.798509 3.791043 1.929927 1.929927 1.791460 1.501131 1.495067 2.118852 1.637374 1.380077 1.407758 0.834368 6.019191 6.001563 3.658151 1.976516 1.654594 1.731243 1.262759 1.262759 1.256146 1.945862 1.505662 1.469314 1.447849 1.165917 1.165917 5.107003 1.601674 2.015828 1.313505 1.313505 1.814760 1.325820 0.987573 0.516869 0.000000 0.086199 0.540301 1.470053 1.409846 1.876269 1.877159 4.178731 1.291647 1.876601 6.077722 2.269012 2.210680 2.121045 1.958937 1.890603 1.818578 1.719444 1.685104 2.138066 2.138066 1.047578 2.678623 2.444107 2.284049 2.192528 1.176842 2.289345 2.217364 1.974496 2.170814 2.195335 2.027348 1.737562 1.374651 2.286788 2.234660 1.828894 1.595982 1.497491 0.818347 1.431420 0.886380 1.583961 1.570519 2.027614 3.756759 1.413978 1.901712 3.835451 8.063279 8.046696 7.846099 7.964374 2.252896 2.225957 2.252896 2.225957 1.992196 1.381352 1.881210 2.270698 2.720139
148 6.892598 2.117379 2.117379 2.117379 1.395222 1.965189 3.851666 3.851666 5.458951 9.581373 2.566639 2.516475 1.043489 0.593786 2.668010 2.093043 2.099989 2.263712 2.169887 3.039353 2.108584 1.877804 2.805934 2.767571 2.378803 2.436472 2.368847 2.421313 2.313588 2.337298 2.425765 2.425765 1.550683 1.550683 1.529215 1.529990 2.135141 1.986314 1.739810 1.919876 1.761068 1.516499 1.512081 1.512081 1.659526 1.762034 3.675441 3.607371 2.221753 1.968473 3.250856 3.405219 1.594558 2.082546 1.884244 1.617119 1.827871 3.555397 3.555397 3.555397 3.555397 3.555397 2.318772 1.501892 1.337173 2.069140 2.276806 2.234520 2.137614 1.865506 1.740953 2.164709 2.339099 2.380338 2.284825 2.025450 2.392044 2.145338 2.439611 2.028463 2.395922 2.985151 4.370300 2.476035 2.328068 2.010753 1.990077 1.960398 1.837372 2.168544 2.470938 2.470938 1.960398 1.563427 1.257618 3.795378 3.461605 2.434565 1.954132 2.910894 2.292821 1.837998 4.654365 4.630776 3.094654 2.469067 2.290104 3.987133 4.013564 3.873427 3.836795 3.826296 1.947535 1.947535 1.806725 1.519804 1.513324 2.134903 1.643723 1.385460 1.397380 0.816735 6.059116 6.041604 3.695486 1.980650 1.659530 1.735961 1.269219 1.269219 1.253185 1.953860 1.515984 1.479890 1.432884 1.147280 1.147280 5.040039 1.618283 2.026117 1.324429 1.324429 1.822683 1.334756 0.997309 0.524007 0.086199 0.000000 0.505313 1.473786 1.393408 1.851144 1.851645 4.161727 1.255815 1.851320 6.069768 2.279268 2.216652 2.125316 1.960530 1.892253 1.820294 1.721259 1.686955 2.104639 2.104639 1.048009 2.678792 2.414920 2.302505 2.209057 1.204891 2.304528 2.233036 1.990586 2.183431 2.203769 2.027697 1.737970 1.377327 2.306505 2.252194 1.834567 1.587566 1.492508 0.806821 1.435048 0.876935 1.555929 1.554445 2.015189 3.737359 1.380015 1.874548 3.801774 8.028078 8.011422 7.782078 7.901311 2.268988 2.242243 2.268988 2.242243 1.998815 1.388106 1.878825 2.309909 2.752956
149 6.646936 1.992629 1.992629 1.992629 1.311248 1.830629 3.645332 3.645332 5.315380 9.359955 2.697461 2.636275 1.375646 1.078259 2.793545 2.067736 2.151624 2.160329 2.189978 2.846257 2.061134 1.882122 2.640977 2.604320 2.494228 2.580588 2.506182 2.566280 2.457650 2.476383 2.235600 2.235600 1.225510 1.225510 1.196594 1.195403 2.332434 2.192949 1.972441 2.071229 1.924948 1.704064 1.694878 1.694878 1.782984 1.878768 3.734670 3.667700 2.371401 2.141739 3.328477 3.479398 1.839330 2.270726 2.104357 1.868961 2.036482 3.610089 3.610089 3.610089 3.610089 3.610089 2.239511 1.585626 1.430580 2.130697 2.381722 2.339240 2.190568 1.948976 1.810993 2.122868 2.378001 2.319191 2.221051 1.953225 2.466437 2.227985 2.379987 2.104647 2.511842 2.880872 4.214408 2.620133 2.413166 2.137898 2.079049 2.092939 1.978173 2.152495 2.456865 2.456865 2.092939 1.590483 0.903888 3.605381 3.408030 2.357767 1.895604 3.021190 2.453722 2.044885 4.681103 4.657650 3.186353 2.608217 2.439483 4.032313 4.058449 3.919917 3.883723 3.830401 2.065162 2.065162 2.006277 1.751409 1.746723 2.242724 1.897253 1.593700 1.436701 0.882323 6.070339 6.052860 3.774869 2.123487 1.827638 1.964510 1.567373 1.567373 1.531291 2.121537 1.726718 1.656400 1.568749 1.155331 1.155331 4.805997 1.864317 2.219528 1.603883 1.603883 2.034822 1.615858 1.354193 0.747716 0.540301 0.505313 0.000000 1.522809 1.306573 1.746298 1.747762 3.970301 1.093011 1.746858 5.952592 2.456831 2.395224 2.314907 2.156344 2.094461 2.029683 1.941359 1.911011 1.694942 1.694942 1.235693 2.757633 2.067646 2.474010 2.379801 1.489107 2.451165 2.300985 2.154520 2.357786 2.309836 2.177792 1.910958 1.595648 2.468849 2.410799 1.969842 1.582089 1.582852 0.999537 1.485789 0.923602 1.229755 1.480196 1.821162 3.373564 1.339991 1.831410 3.351801 7.545174 7.527450 7.547138 7.670024 2.441868 2.417036 2.441868 2.417036 2.181060 1.604933 2.013527 2.477411 2.894935
150 7.675122 2.781968 2.781968 2.781968 1.799152 2.998327 4.664385 4.664385 6.361015 10.487027 1.611020 1.589345 1.415746 1.656558 1.605380 1.399018 0.860667 1.149880 0.822939 3.886016 1.070699 0.755521 2.218696 2.223524 1.376923 1.410238 1.359104 1.401305 1.329547 1.347413 3.079858 3.079858 1.164586 1.164586 1.792366 1.791572 1.011888 0.885373 0.774715 0.661709 0.566521 0.849593 0.845207 0.845207 0.697963 0.608473 3.047837 2.996856 1.304581 0.985162 2.606541 2.661923 1.086676 1.029489 0.894041 0.894041 0.992925 2.963985 2.963985 2.963985 2.963985 2.963985 1.002007 1.811443 1.936227 3.159471 0.960421 0.915841 0.964844 0.739294 0.783791 1.636842 1.163888 1.261590 1.223376 1.196196 1.427974 1.429893 1.346512 1.333910 1.327599 2.418832 4.215542 1.437801 1.235933 0.736155 0.654098 0.989553 2.277725 1.977616 2.849530 2.849530 0.989553 0.948098 2.101735 4.612647 4.381821 2.695841 1.800253 1.972436 1.137667 0.866688 4.111239 4.100013 2.295486 1.575487 1.622468 3.368205 3.380222 3.321972 3.314634 3.262405 0.838872 0.838872 0.870973 1.097123 1.089627 0.922413 0.867809 0.598081 0.917836 0.979437 5.633668 5.625231 3.042326 0.693189 0.496713 0.769903 1.029758 1.029758 2.012251 0.765652 0.685091 0.563882 0.879977 0.780344 0.780344 4.691054 0.777986 0.904265 0.841652 0.841652 0.800126 1.132056 1.199744 1.376191 1.470053 1.473786 1.522809 0.000000 1.795748 2.915136 2.916014 5.288790 1.664102 2.915472 7.411545 1.081135 1.017066 0.943368 0.854121 0.836837 0.983590 1.041327 1.197956 1.859877 1.859877 2.092409 4.123230 3.377385 1.150175 1.070993 1.483096 1.196987 0.989251 1.296945 1.026168 0.916382 0.965257 0.880824 0.921162 1.241527 1.192733 0.605528 0.374876 0.395199 1.003426 0.650449 0.752458 2.331562 2.154962 2.986774 4.705716 0.894908 2.176393 4.045773 8.324028 8.340060 8.484141 8.701759 1.106953 1.082350 1.106953 1.082350 0.896324 0.760706 0.772689 1.909646 1.919002
151 7.444434 1.500998 1.500998 1.500998 0.042366 1.696300 2.921879 2.921879 4.847906 8.763680 2.899040 2.914560 2.166960 1.699367 3.063441 2.339773 2.470306 2.410791 2.383307 3.514087 2.205735 1.817825 2.676622 2.552108 2.781956 2.850999 2.780407 2.862051 2.740220 2.781729 3.272291 3.272291 1.612728 1.612728 1.066145 1.068369 2.610541 2.432395 2.112755 2.323254 2.193842 1.864684 1.856293 1.856293 2.098644 2.180607 4.004691 3.869032 2.663138 2.469355 3.580620 3.730507 2.210828 2.468696 2.429910 2.229162 2.393290 3.864991 3.864991 3.864991 3.864991 3.864991 2.478550 2.300610 2.196623 3.132376 2.627537 2.591841 2.376271 2.103316 1.968919 2.137571 2.639496 2.556522 2.514751 2.281665 2.690812 2.561249 2.713486 2.388833 2.714965 3.105525 4.371052 2.815453 2.623938 2.217566 2.160888 2.244783 2.346661 2.495373 2.762216 2.762216 2.244783 1.329727 1.584268 2.872377 2.620390 1.609965 0.791350 3.288570 2.638534 2.433760 4.895525 4.859049 3.405117 2.719674 2.340148 4.226390 4.281889 4.138165 4.122838 3.967428 2.237018 2.237018 2.172965 2.020019 2.014780 2.463681 2.036921 1.844186 1.239910 1.089383 6.256631 6.239673 3.985158 2.184203 1.978250 2.105354 1.911334 1.911334 1.127183 2.311762 2.181713 2.126494 1.786062 1.591015 1.591015 4.924342 2.102918 2.308134 2.029906 2.029906 2.144238 1.565565 1.510935 1.823028 1.409846 1.393408 1.306573 1.795748 0.000000 1.609062 1.609177 3.676924 1.277640 1.609080 6.178096 2.625021 2.562271 2.482004 2.217446 2.157316 1.821605 1.722645 1.688370 1.816873 1.816873 1.031777 3.298808 2.905740 2.656876 2.569380 2.261572 2.693452 2.557539 2.380471 2.607317 2.564037 2.440231 2.274945 2.039296 2.764753 2.713041 2.122665 1.854750 1.855401 1.200235 1.315734 1.140691 1.034340 0.685972 1.686079 3.660666 1.834786 2.133214 3.655968 7.845668 7.760073 7.598419 7.800809 2.697464 2.649921 2.697464 2.649921 2.371315 2.159604 2.094527 2.974735 3.095923
152 6.996867 0.848689 0.848689 0.848689 1.609619 0.313140 2.399583 2.399583 3.638737 7.955237 3.951319 3.916025 2.839028 2.093230 4.151156 2.988256 3.594972 3.440803 3.576233 3.476031 3.253999 3.055578 3.485647 3.390971 3.742782 3.923122 3.760655 3.901308 3.744656 3.771985 3.518297 3.518297 2.523550 2.523550 1.565647 1.567162 3.728001 3.536691 3.181205 3.462534 3.235626 2.694954 2.684729 2.684729 2.986615 3.194669 4.851795 4.661977 3.592279 3.417994 4.345571 4.624152 2.899897 3.483363 3.500828 3.074068 3.338243 4.574925 4.574925 4.574925 4.574925 4.574925 3.659395 2.825333 2.375764 2.852642 3.793388 3.737599 3.478218 3.268417 3.013472 3.033593 3.726383 3.636065 3.574268 3.090790 3.684413 3.302573 3.786333 3.144360 3.812079 3.851294 4.510719 3.920343 3.710062 3.434692 3.391368 3.357659 2.063866 3.127722 2.360888 2.360888 3.357659 2.379096 1.407738 2.379384 2.068179 1.579943 2.112338 4.316100 3.785870 3.422239 5.616865 5.574626 4.365881 3.794084 3.396975 5.053564 5.100070 4.893183 4.864236 4.756049 3.401778 3.401778 3.217813 2.744222 2.740368 3.587662 2.982258 2.794708 2.270814 1.967482 6.846104 6.813473 4.834394 3.413247 3.089664 3.172548 2.606111 2.606111 1.838210 3.359829 3.125554 3.087264 2.560910 2.330681 2.330681 5.312871 3.132812 3.486096 2.969524 2.969524 3.222752 2.429254 2.260504 2.203668 1.876269 1.851144 1.746298 2.915136 1.609062 0.000000 0.019257 2.871773 1.469878 0.007703 5.300929 3.810419 3.729932 3.611074 3.358772 3.248176 3.035602 2.815820 2.622332 2.716636 2.716636 1.611609 2.608502 2.629038 3.808057 3.678152 2.930767 3.756382 3.660154 3.107044 3.691000 3.714291 3.511734 3.210289 2.947842 3.870987 3.797351 3.320539 2.998459 2.927985 2.030958 2.526030 2.218266 1.490632 1.090429 0.666395 2.850927 2.746028 1.863402 3.276325 7.429162 7.338711 6.542336 6.683722 3.771894 3.738042 3.771894 3.738042 3.394078 3.051864 3.184486 3.699909 4.075165
153 6.997795 0.847945 0.847945 0.847945 1.609227 0.310404 2.399135 2.399135 3.638441 7.955102 3.958117 3.922884 2.839616 2.093673 4.156736 2.992287 3.597643 3.443077 3.578420 3.477578 3.256403 3.058138 3.487892 3.392556 3.748376 3.928459 3.766222 3.906675 3.750247 3.777536 3.518033 3.518033 2.523917 2.523917 1.566523 1.568416 3.728250 3.536953 3.181497 3.462802 3.235913 2.695298 2.685074 2.685074 2.988986 3.196885 4.863590 4.674251 3.598107 3.421518 4.356864 4.634766 2.902518 3.486822 3.502364 3.075817 3.342295 4.587271 4.587271 4.587271 4.587271 4.587271 3.661168 2.826317 2.376935 2.853617 3.794414 3.738939 3.479657 3.269948 3.014395 3.034510 3.729119 3.641416 3.579711 3.097083 3.689693 3.308463 3.791472 3.147720 3.817765 3.856346 4.515033 3.925873 3.715905 3.436905 3.393609 3.359922 2.067546 3.130152 2.364106 2.364106 3.359922 2.379704 1.408765 2.379026 2.067767 1.579403 2.111934 4.323697 3.789111 3.423918 5.630878 5.588745 4.375427 3.801164 3.404881 5.066207 5.112598 4.906239 4.877370 4.769480 3.405864 3.405864 3.221096 2.748206 2.744222 3.591536 2.981948 2.794376 2.270145 1.966709 6.861930 6.829374 4.846079 3.413519 3.089964 3.172840 2.606467 2.606467 1.838715 3.361209 3.127037 3.088765 2.561272 2.331079 2.331079 5.314441 3.134646 3.487744 2.970885 2.970885 3.224006 2.430399 2.261242 2.204426 1.877159 1.851645 1.747762 2.916014 1.609177 0.019257 0.000000 2.871786 1.470408 0.011554 5.300824 3.811869 3.730857 3.611454 3.359181 3.248598 3.036054 2.816307 2.622856 2.716649 2.716649 1.611632 2.608517 2.629052 3.811221 3.681427 2.934876 3.760576 3.664458 3.112112 3.693461 3.716736 3.514320 3.213118 2.950922 3.874866 3.801305 3.322046 3.000128 2.929694 2.031488 2.526984 2.218985 1.491701 1.089646 0.665114 2.850628 2.748148 1.863900 3.276608 7.429287 7.338838 6.542251 6.683639 3.774695 3.740868 3.774695 3.740868 3.395968 3.053334 3.186524 3.708769 4.083211
154 6.729165 3.357040 3.357040 3.357040 3.677080 2.855523 1.580079 1.580079 3.158964 5.625156 6.268476 6.255461 5.044294 4.430418 6.470135 5.600756 5.926963 5.765107 5.893890 4.063364 5.623353 5.380131 5.587595 5.450992 6.195038 6.265225 6.206331 6.273430 6.151181 6.188072 4.600995 4.600995 4.650824 4.650824 3.861826 3.862502 6.117312 5.955971 5.658345 5.853418 5.722118 5.335497 5.328107 5.328107 5.563608 5.678007 6.867828 6.742627 6.059625 5.925126 6.577592 6.774975 5.550172 5.983546 5.888362 5.645078 5.793738 6.736618 6.736618 6.736618 6.736618 6.736618 5.892950 4.973179 4.732257 4.461048 6.161572 6.127456 5.877584 5.617610 5.462169 5.321414 6.093696 5.906807 5.829005 5.545709 6.080661 5.852296 6.012799 5.713616 6.149395 5.976388 6.358896 6.248664 6.054261 5.797132 5.737369 5.728805 4.892330 5.352497 4.943720 4.943720 5.728805 4.906002 3.648352 1.609533 1.993665 3.965992 4.229083 6.580589 6.158785 5.878381 7.471068 7.420955 6.559372 6.085320 5.660235 7.017766 7.088211 6.880560 6.837251 6.668937 5.723936 5.723936 5.677592 5.365487 5.363489 5.966471 5.550943 5.328257 4.797663 4.456677 8.441374 8.414931 6.907785 5.783990 5.543192 5.651378 5.236236 5.236236 3.953297 5.874551 5.578620 5.526037 5.214372 4.908200 4.908200 6.855270 5.580270 5.875459 5.368761 5.368761 5.707302 5.001521 4.793357 4.575455 4.178731 4.161727 3.970301 5.288790 3.676924 2.871773 2.871786 0.000000 4.144378 2.871763 3.173223 6.175395 6.122039 6.050220 5.807794 5.744543 5.433854 5.314201 5.214261 4.408666 4.408666 3.550908 3.055489 3.389414 6.178212 6.095099 5.111927 6.179395 6.035989 5.753699 6.130612 6.082225 5.923692 5.695655 5.341612 6.207277 6.157763 5.671210 5.317490 5.347678 4.561788 4.933568 4.573203 3.014314 3.481221 2.737979 2.379222 5.063614 4.678969 4.443626 6.998836 6.746163 6.599663 6.552269 6.217705 6.175635 6.217705 6.175635 5.919589 5.476747 5.666164 5.983036 6.378573
155 7.169313 1.279363 1.279363 1.279363 1.279363 1.503969 3.492425 3.492425 4.839488 9.192837 2.839734 2.782079 2.059876 1.603405 2.975192 1.639340 2.317481 2.079514 2.276993 3.536365 1.937432 1.828905 2.393872 2.348372 2.522577 2.763914 2.562400 2.729225 2.573231 2.586535 3.184854 3.184854 1.345871 1.345871 0.720548 0.722522 2.521871 2.339017 2.021100 2.225300 1.974778 1.470664 1.451842 1.451842 1.684413 1.911972 3.956491 3.784404 2.419562 2.194723 3.394022 3.639823 1.750850 2.284080 2.348624 1.909302 2.201284 3.670588 3.670588 3.670588 3.670588 3.670588 2.326595 2.030516 1.649256 2.776089 2.506629 2.444668 2.176258 2.041230 1.743519 1.922456 2.424060 2.360491 2.315185 1.786027 2.470063 2.082959 2.520378 1.884778 2.645700 2.781358 3.827926 2.778482 2.519773 2.227378 2.159971 2.179366 1.394221 2.158947 1.805021 1.805021 2.179366 1.163797 1.032330 3.478475 3.273482 1.471996 1.503969 3.207337 2.591105 2.223479 4.837158 4.808390 3.350186 2.738150 2.485578 4.199664 4.224765 4.067982 4.052390 3.950154 2.242250 2.242250 2.070807 1.646346 1.640275 2.357722 1.825438 1.600129 1.064481 0.884589 6.221049 6.194564 3.935318 2.199026 1.873712 2.007445 1.521585 1.521585 1.744493 2.096518 1.952183 1.890271 1.270498 0.977485 0.977485 4.537981 2.018792 2.323965 1.925584 1.925584 2.045754 1.475024 1.418163 1.391224 1.291647 1.255815 1.093011 1.664102 1.277640 1.469878 1.470408 4.144378 0.000000 1.470060 6.482064 2.608639 2.514290 2.385285 2.167767 2.049960 1.983729 1.765444 1.591298 1.830666 1.830666 1.699323 3.430739 2.749243 2.623552 2.478780 2.167998 2.540345 2.395761 1.923360 2.462865 2.450378 2.295427 2.005488 1.887705 2.700146 2.615919 2.123688 1.737906 1.684185 1.013903 1.370080 1.163873 1.583482 1.082101 1.614914 3.575607 1.557169 0.930739 3.010532 7.484301 7.466432 7.067739 7.284887 2.540308 2.516448 2.540308 2.516448 2.149653 1.915186 1.943261 2.773443 3.025900
156 6.997232 0.848339 0.848339 0.848339 1.609435 0.311906 2.399385 2.399385 3.638606 7.955177 3.954028 3.918759 2.839248 2.093386 4.153378 2.989854 3.596028 3.441700 3.577095 3.476637 3.254947 3.056588 3.486532 3.391592 3.745008 3.925246 3.762871 3.903444 3.746881 3.774195 3.518179 3.518179 2.523679 2.523679 1.565969 1.567635 3.728089 3.536783 3.181308 3.462628 3.235727 2.695075 2.684850 2.684850 2.987549 3.195542 4.856507 4.666881 3.594599 3.419391 4.350082 4.628391 2.900930 3.484734 3.501429 3.074753 3.339851 4.579858 4.579858 4.579858 4.579858 4.579858 3.660092 2.825711 2.376214 2.853017 3.793787 3.738123 3.478781 3.269016 3.013827 3.033945 3.727466 3.638194 3.576433 3.093295 3.686514 3.304916 3.788378 3.145690 3.814343 3.853305 4.512435 3.922545 3.712388 3.435565 3.392251 3.358551 2.065317 3.128680 2.362157 2.362157 3.358551 2.379321 1.408118 2.379222 2.067993 1.579699 2.112155 4.319130 3.787155 3.422898 5.622467 5.580270 4.369692 3.796906 3.400127 5.058616 5.105076 4.898400 4.869484 4.761417 3.403400 3.403400 3.219113 2.745800 2.741894 3.589200 2.982119 2.794559 2.270527 1.967150 6.852432 6.819831 4.839062 3.413343 3.089769 3.172651 2.606236 2.606236 1.838388 3.360368 3.126133 3.087850 2.561037 2.330821 2.330821 5.313491 3.133531 3.486742 2.970054 2.970054 3.223240 2.429693 2.260779 2.203951 1.876601 1.851320 1.746858 2.915472 1.609080 0.007703 0.011554 2.871763 1.470060 0.000000 5.300879 3.810988 3.730290 3.611214 3.358922 3.248331 3.035768 2.815999 2.622525 2.716625 2.716625 1.611591 2.608491 2.629027 3.809311 3.679450 2.932396 3.758048 3.661864 3.109058 3.691973 3.715257 3.512756 3.211408 2.949059 3.872528 3.798921 3.321129 2.999112 2.928653 2.031148 2.526394 2.218534 1.491030 1.090075 0.665816 2.850792 2.746860 1.863578 3.276425 7.429206 7.338756 6.542295 6.683682 3.773003 3.739160 3.773003 3.739160 3.394821 3.052437 3.185287 3.703444 4.078375
157 6.140745 6.024682 6.024682 6.024682 6.177977 5.309779 4.747176 4.747176 5.478877 6.516852 8.287456 8.245650 6.690739 6.240779 8.443133 7.837267 7.970214 7.954698 8.024843 5.017660 7.852570 7.661666 7.875479 7.778653 8.245333 8.247585 8.245171 8.253819 8.164203 8.193485 5.529704 5.529704 6.839853 6.839853 6.329972 6.330535 8.094905 7.975172 7.755427 7.898878 7.802077 7.523118 7.519461 7.519461 7.688555 7.771739 8.682284 8.655904 8.095445 7.958885 8.526445 8.679622 7.593504 8.071152 7.842117 7.661129 7.772998 8.655211 8.655211 8.655211 8.655211 8.655211 8.029813 6.702732 6.525976 5.488333 8.214002 8.188659 8.024178 7.748122 7.643491 7.581293 8.184814 8.048484 7.932845 7.727071 8.176928 7.949975 8.068859 7.857237 8.199644 8.081446 8.436226 8.271477 8.131467 7.939038 7.898516 7.831165 6.978744 7.363828 7.072278 7.072278 7.831165 7.311472 5.742558 4.737092 4.880999 6.749206 6.893297 8.525696 8.206301 7.840771 9.238363 9.197884 8.511004 8.148341 7.835982 8.874450 8.930260 8.730727 8.660725 8.606781 7.807595 7.807595 7.772996 7.465078 7.463563 8.045425 7.675482 7.434212 7.162822 6.664117 10.042830 10.020614 8.783678 7.928099 7.673366 7.751879 7.285494 7.285494 6.135469 7.995150 7.536121 7.497279 7.413352 7.070258 7.070258 8.906219 7.615142 7.975037 7.297065 7.297065 7.833273 7.206112 6.884202 6.357020 6.077722 6.069768 5.952592 7.411545 6.178096 5.300929 5.300824 3.173223 6.482064 5.300879 0.000000 8.216012 8.178487 8.124457 7.948565 7.902467 7.679583 7.595390 7.525805 6.668249 6.668249 5.663978 3.721269 4.643003 8.216506 8.157112 6.750599 8.225351 8.118167 7.902182 8.165493 8.133615 7.966185 7.717759 7.289652 8.164410 8.129755 7.770252 7.445370 7.463774 6.735481 7.248860 6.743340 5.379904 6.063387 5.211111 3.965753 7.112859 6.930277 6.539137 7.953735 7.732329 7.876230 7.511661 8.247397 8.215727 8.247397 8.215727 8.031618 7.380198 7.855809 7.756910 8.369333
158 8.236551 3.639437 3.639437 3.639437 2.629834 3.888831 5.540021 5.540021 7.257507 11.375912 1.124974 1.143526 1.749448 2.213103 0.951405 1.770616 0.693399 1.446102 0.762676 4.457762 1.322049 1.110404 2.493497 2.526855 0.985083 0.822324 0.931327 0.848058 0.886466 0.900748 3.714243 3.714243 2.156001 2.156001 2.814360 2.812166 0.346387 0.404017 0.722703 0.499736 0.736219 1.376534 1.378153 1.378153 1.059082 0.771718 2.701327 2.712467 1.013388 0.742678 2.350646 2.277372 1.346489 0.692002 0.477076 1.022736 0.832375 2.723344 2.723344 2.723344 2.723344 2.723344 1.207773 2.158029 2.437853 3.663750 0.429159 0.430153 0.864685 0.770229 1.079486 1.910298 0.885631 1.300948 1.309343 1.602904 1.100946 1.431917 1.313603 1.435989 0.869382 2.463264 4.423791 0.847482 0.929079 0.486451 0.602170 0.750824 2.846824 2.185535 3.382393 3.382393 0.750824 1.710695 3.136178 5.487545 5.129022 3.472578 2.510024 1.441728 0.362814 0.600411 3.809361 3.808465 1.885977 1.173168 1.484221 3.035956 3.038575 3.048366 3.053155 3.071822 0.673334 0.673334 0.733710 1.397033 1.393285 0.591665 1.049846 1.143260 1.747521 1.907406 5.350455 5.351138 2.660433 0.531062 0.783113 0.725782 1.457554 1.457554 2.535694 0.622699 0.859288 0.896246 1.468381 1.695072 1.695072 4.901268 0.763076 0.369604 1.029583 1.029583 0.668172 1.557968 1.707210 2.148048 2.269012 2.279268 2.456831 1.081135 2.625021 3.810419 3.811869 6.175395 2.608639 3.810988 8.216012 0.000000 0.157746 0.343845 0.565483 0.703662 1.014617 1.247218 1.521672 2.774035 2.774035 2.776632 4.798011 4.281498 0.357950 0.425015 1.741983 0.614449 0.756431 1.396774 0.346075 0.412454 0.536255 0.834701 1.096705 0.547166 0.553803 0.531536 1.077393 0.961615 1.792121 1.454244 1.669149 3.265456 3.024051 3.965933 5.743146 1.500256 2.959177 5.048800 9.268204 9.296984 9.196933 9.431165 0.414992 0.389548 0.414992 0.389548 0.619652 1.014739 0.773070 1.746875 1.456042
159 8.189381 3.547095 3.547095 3.547095 2.565421 3.802223 5.479347 5.479347 7.178799 11.317457 1.229780 1.234241 1.707680 2.151327 1.068383 1.687408 0.686546 1.384514 0.739144 4.413570 1.246789 1.054747 2.415649 2.444466 1.023432 0.930172 0.989988 0.945300 0.958691 0.968848 3.688577 3.688577 2.089077 2.089077 2.736459 2.735418 0.280624 0.294654 0.622442 0.416326 0.638085 1.281822 1.281242 1.281242 0.977576 0.698573 2.815467 2.814530 1.056589 0.723512 2.440167 2.388093 1.283710 0.697458 0.467841 0.959349 0.846784 2.812598 2.812598 2.812598 2.812598 2.812598 1.182898 2.084885 2.348589 3.604970 0.393833 0.392180 0.777155 0.692298 0.968608 1.810919 0.853235 1.313528 1.321844 1.571836 1.105917 1.397050 1.338306 1.349858 0.965699 2.418279 4.346207 0.959938 1.006692 0.478584 0.585767 0.687669 2.757601 2.103584 3.276942 3.276942 0.687669 1.624465 3.067136 5.430895 5.068366 3.382346 2.441944 1.560172 0.459947 0.550368 3.920126 3.918322 1.997600 1.270609 1.543561 3.147762 3.150287 3.152787 3.157417 3.171724 0.718607 0.718607 0.710992 1.343920 1.338473 0.642716 0.945534 1.045445 1.653182 1.821368 5.461598 5.460929 2.771910 0.446846 0.687353 0.621247 1.366286 1.366286 2.479563 0.537101 0.799437 0.839035 1.356078 1.598773 1.598773 4.826761 0.716456 0.337925 0.976790 0.976790 0.583550 1.479969 1.632528 2.086336 2.210680 2.216652 2.395224 1.017066 2.562271 3.729932 3.730857 6.122039 2.514290 3.730290 8.178487 0.157746 0.000000 0.202134 0.448640 0.589422 0.939002 1.161626 1.432079 2.718432 2.718432 2.725821 4.756513 4.231893 0.472645 0.484542 1.739036 0.674823 0.806242 1.359228 0.367064 0.443255 0.499016 0.774413 1.054372 0.660720 0.646026 0.483704 1.017552 0.884310 1.708787 1.385741 1.599558 3.210282 2.948024 3.893286 5.684859 1.426167 2.854162 4.972452 9.210063 9.239024 9.088278 9.325239 0.464429 0.441842 0.464429 0.441842 0.541050 0.957529 0.686698 1.817593 1.559033
160 8.186817 3.420557 3.420557 3.420557 2.483418 3.684119 5.397831 5.397831 7.050759 11.236675 1.336597 1.335241 1.661843 2.057092 1.208244 1.604796 0.762333 1.385303 0.797624 4.410711 1.232344 1.039039 2.408832 2.432100 1.080465 1.049821 1.048842 1.049413 1.033590 1.043018 3.685014 3.685014 2.031995 2.031995 2.636540 2.636720 0.302265 0.202432 0.474004 0.357051 0.494366 1.116462 1.115796 1.115796 0.863096 0.627852 2.935012 2.911673 1.085318 0.696650 2.516271 2.501112 1.151562 0.669550 0.472097 0.830979 0.833971 2.893265 2.893265 2.893265 2.893265 2.893265 1.226129 2.050551 2.267170 3.552463 0.479766 0.460552 0.777056 0.692187 0.892308 1.771282 0.918946 1.384348 1.392240 1.548766 1.170586 1.371043 1.430861 1.284694 1.071708 2.451512 4.324421 1.080136 1.095529 0.507901 0.609954 0.708385 2.610536 2.082564 3.154184 3.154184 0.708385 1.499373 2.963567 5.348874 4.980378 3.249015 2.355116 1.687437 0.592674 0.502596 4.033219 4.029653 2.111849 1.363581 1.584479 3.264406 3.266841 3.255813 3.260297 3.274155 0.784810 0.784810 0.671377 1.233567 1.225937 0.715972 0.770454 0.890236 1.519545 1.700996 5.574533 5.571255 2.884289 0.392210 0.556507 0.472433 1.212501 1.212501 2.398261 0.408972 0.719639 0.763387 1.200987 1.469522 1.469522 4.830616 0.636043 0.349782 0.908985 0.908985 0.461157 1.347032 1.508932 1.991111 2.121045 2.125316 2.314907 0.943368 2.482004 3.611074 3.611454 6.050220 2.385285 3.611214 8.124457 0.343845 0.202134 0.000000 0.319317 0.435486 0.850855 1.036674 1.288121 2.686475 2.686475 2.650198 4.688714 4.183583 0.600511 0.559951 1.728033 0.758739 0.877681 1.271637 0.424584 0.548148 0.542726 0.726869 1.019962 0.797638 0.766680 0.483545 0.988333 0.815438 1.589036 1.287332 1.512083 3.149096 2.835578 3.778029 5.606554 1.387813 2.698520 4.884777 9.163025 9.192135 8.987806 9.227348 0.527109 0.507320 0.527109 0.507320 0.437552 0.891056 0.609181 1.870319 1.655882
161 8.151156 3.145494 3.145494 3.145494 2.219027 3.430255 5.124635 5.124635 6.775190 10.960171 1.393366 1.401653 1.612855 1.889505 1.346766 1.495715 0.866967 1.379263 0.858577 4.318320 1.154125 0.868042 2.306852 2.308104 1.136534 1.159987 1.114880 1.161757 1.100989 1.122499 3.684179 3.684179 1.928245 1.928245 2.425675 2.425871 0.574862 0.385861 0.286532 0.485176 0.485176 0.932782 0.928789 0.928789 0.759864 0.586146 2.985486 2.929217 1.110900 0.723646 2.535485 2.558338 1.046499 0.676118 0.590446 0.763185 0.839253 2.909864 2.909864 2.909864 2.909864 2.909864 1.294207 1.966198 2.137150 3.470928 0.703858 0.669419 0.773781 0.608441 0.735286 1.614178 0.998609 1.404121 1.411903 1.480122 1.175401 1.312683 1.498225 1.183595 1.136505 2.401449 4.221549 1.162282 1.141117 0.475763 0.573181 0.622046 2.425209 1.975627 2.968742 2.968742 0.622046 1.250174 2.799988 5.077729 4.687968 2.966074 2.074438 1.789369 0.719465 0.601078 4.066547 4.057000 2.163573 1.362892 1.457610 3.296935 3.309210 3.275068 3.279526 3.269323 0.764404 0.764404 0.549746 1.067396 1.058570 0.783951 0.583142 0.730087 1.274296 1.486002 5.597476 5.591598 2.923391 0.349593 0.401464 0.273253 1.042980 1.042980 2.131679 0.390267 0.709176 0.753532 1.000275 1.310601 1.310601 4.772472 0.523321 0.310935 0.823242 0.823242 0.253257 1.079348 1.275684 1.889518 1.958937 1.960530 2.156344 0.854121 2.217446 3.358772 3.359181 5.807794 2.167767 3.358922 7.948565 0.565483 0.448640 0.319317 0.000000 0.170962 0.544410 0.728153 0.998928 2.578149 2.578149 2.414093 4.533708 4.086349 0.738119 0.653760 1.686273 0.858421 0.965156 1.164643 0.594447 0.717062 0.590712 0.682506 0.922046 0.953363 0.905180 0.436244 0.909540 0.684717 1.356411 1.054864 1.310771 2.936997 2.561912 3.544372 5.443103 1.283226 2.512583 4.768385 9.084506 9.099197 8.785381 9.030294 0.704434 0.665103 0.704434 0.665103 0.405720 0.875864 0.418331 1.893148 1.696935
162 8.152949 3.027115 3.027115 3.027115 2.158942 3.322040 5.052839 5.052839 6.651105 10.883903 1.434706 1.437682 1.603769 1.818564 1.420037 1.405031 0.947509 1.400294 0.939838 4.325083 1.162955 0.881408 2.311914 2.313164 1.149321 1.221356 1.127912 1.211030 1.127224 1.148242 3.701512 3.701512 1.901688 1.901688 2.339996 2.340199 0.690367 0.486388 0.229940 0.568401 0.454057 0.779121 0.774336 0.774336 0.656698 0.560660 3.017078 2.939178 1.097666 0.703161 2.529715 2.586742 0.912199 0.654147 0.660538 0.660538 0.821655 2.904837 2.904837 2.904837 2.904837 2.904837 1.360272 1.958751 2.074694 3.432825 0.819015 0.770884 0.828506 0.676672 0.715134 1.605099 1.069281 1.445154 1.452716 1.429902 1.206084 1.255785 1.557828 1.120159 1.186826 2.419637 4.190277 1.223536 1.178911 0.560388 0.645152 0.688931 2.269567 1.968215 2.843014 2.843014 0.688931 1.140123 2.709807 5.005260 4.609376 2.840227 2.010034 1.841596 0.814721 0.624919 4.086265 4.074971 2.197087 1.394689 1.447549 3.323424 3.335602 3.288428 3.292867 3.282706 0.819755 0.819755 0.522487 0.936099 0.926022 0.838011 0.440356 0.622002 1.166524 1.394686 5.613119 5.604651 2.948280 0.458148 0.363243 0.213164 0.908159 0.908159 2.069058 0.350828 0.688260 0.733882 0.858776 1.206077 1.206077 4.781650 0.494608 0.429377 0.805295 0.805295 0.186845 0.949704 1.168039 1.818578 1.890603 1.892253 2.094461 0.836837 2.157316 3.248176 3.248598 5.744543 2.049960 3.248331 7.902467 0.703662 0.589422 0.435486 0.170962 0.000000 0.516869 0.619731 0.857207 2.572474 2.572474 2.358981 4.478574 4.054034 0.831241 0.717695 1.677585 0.908059 1.009560 1.045629 0.664117 0.812600 0.660776 0.660747 0.906058 1.041283 0.982594 0.527251 0.925468 0.663031 1.255706 0.983157 1.253787 2.891868 2.463030 3.439749 5.375562 1.271786 2.362704 4.691140 9.044199 9.058956 8.690047 8.937573 0.764141 0.728043 0.764141 0.728043 0.367941 0.859017 0.381802 1.885413 1.722578
163 8.197783 2.797795 2.797795 2.797795 1.823530 3.114511 4.696614 4.696614 6.384685 10.521972 1.610183 1.652758 1.685001 1.743566 1.673580 1.624435 1.248697 1.620340 1.190631 4.262867 1.324082 0.866120 2.352011 2.307382 1.445062 1.468465 1.416070 1.483126 1.391155 1.432316 3.762005 3.762005 1.928194 1.928194 2.208429 2.208644 1.069809 0.877998 0.565708 0.925952 0.860508 0.934978 0.930994 0.930994 0.982629 0.921220 3.125290 3.028708 1.367314 1.076621 2.664270 2.724758 1.168937 0.980926 0.985199 0.985199 1.099738 3.028391 3.028391 3.028391 3.028391 3.028391 1.585881 2.025798 2.138109 3.471519 1.184844 1.152099 1.104866 0.851492 0.882366 1.605099 1.369829 1.638523 1.645196 1.625087 1.432105 1.508599 1.782413 1.360530 1.393866 2.527637 4.253555 1.425254 1.387133 0.762357 0.826665 0.861266 2.327679 2.034951 2.889616 2.889616 0.861266 1.016232 2.660056 4.645389 4.215845 2.594440 1.644527 2.041394 1.094567 1.027230 4.166802 4.147490 2.328836 1.487384 1.352126 3.402860 3.433791 3.368689 3.373023 3.323148 0.969098 0.969098 0.734946 1.069315 1.060505 1.112012 0.679019 0.808728 1.045765 1.295374 5.665986 5.657597 3.047728 0.690691 0.631743 0.559100 1.044943 1.044943 1.716168 0.810794 1.003997 1.035804 1.002322 1.312164 1.312164 4.850655 0.715395 0.671951 0.956898 0.956898 0.549604 0.796734 1.047455 1.890603 1.818578 1.820294 2.029683 0.983590 1.821605 3.035602 3.036054 5.433854 1.983729 3.035768 7.679583 1.014617 0.939002 0.850855 0.544410 0.516869 0.000000 0.341925 0.683850 2.520014 2.520014 2.056459 4.326876 4.020950 1.106918 1.024399 1.755404 1.220348 1.297647 1.275793 1.051537 1.151085 0.985359 0.985339 1.043117 1.322478 1.276781 0.738341 1.060021 0.840692 1.144396 0.836328 1.142290 2.650873 2.175029 3.239769 5.249848 1.372805 2.418579 4.719528 9.058956 9.044199 8.612848 8.862530 1.146899 1.093035 1.146899 1.093035 0.818345 1.127926 0.642593 2.054132 1.871251
164 8.212032 2.557659 2.557659 2.557659 1.724681 2.900714 4.557647 4.557647 6.132500 10.370885 1.732594 1.763965 1.719343 1.639903 1.838938 1.512631 1.423691 1.708152 1.373045 4.297012 1.403382 0.986052 2.398768 2.355026 1.523820 1.619889 1.496355 1.615196 1.492512 1.530951 3.818912 3.818912 1.920905 1.920905 2.058128 2.058359 1.269701 1.059065 0.661013 1.099147 0.925952 0.723495 0.718339 0.718339 0.921220 0.982629 3.212798 3.076582 1.409418 1.129613 2.686121 2.809263 1.007808 1.038811 1.149502 0.923962 1.151667 3.047632 3.047632 3.047632 3.047632 3.047632 1.743882 2.054451 2.054451 3.420629 1.389231 1.339770 1.253581 1.037197 0.946300 1.641114 1.531039 1.758963 1.765181 1.588708 1.540271 1.469339 1.927865 1.316864 1.533642 2.596090 4.212124 1.580822 1.508269 0.965363 1.016913 1.045235 2.032745 2.063477 2.657789 2.657789 1.045235 0.825826 2.501502 4.504841 4.060457 2.333470 1.534188 2.172999 1.290631 1.135353 4.226005 4.203490 2.427165 1.600953 1.394689 3.479305 3.509562 3.420351 3.424620 3.375508 1.135733 1.135733 0.810592 0.890336 0.879734 1.259884 0.586647 0.732890 0.861909 1.152066 5.712224 5.698776 3.123507 0.909830 0.718339 0.655366 0.860912 0.860912 1.610744 0.879943 1.060623 1.090781 0.808648 1.170913 1.170913 4.886675 0.792908 0.895688 1.016152 1.016152 0.647285 0.532960 0.863959 1.795450 1.719444 1.721259 1.941359 1.041327 1.722645 2.815820 2.816307 5.314201 1.765444 2.815999 7.595390 1.247218 1.161626 1.036674 0.728153 0.619731 0.341925 0.000000 0.341925 2.543105 2.543105 1.969336 4.231249 3.977097 1.301122 1.183271 1.788395 1.356461 1.426403 1.130004 1.206842 1.338898 1.149639 1.042979 1.097728 1.508328 1.448385 0.946512 1.165105 0.907566 0.979237 0.763237 1.089915 2.583872 1.977969 3.034809 5.125901 1.414746 2.136231 4.581256 8.987694 8.972820 8.427604 8.682615 1.290781 1.243167 1.290781 1.243167 0.886905 1.178614 0.727900 2.082396 1.962733
165 8.240456 2.342948 2.342948 2.342948 1.690447 2.713287 4.440713 4.440713 5.889376 10.228999 1.909163 1.930120 1.818482 1.603861 2.048497 1.473479 1.651778 1.855772 1.608331 4.357800 1.555505 1.195097 2.491997 2.449920 1.670233 1.823599 1.645214 1.803296 1.659427 1.694083 3.905038 3.905038 1.973738 1.973738 1.956643 1.956885 1.521058 1.306209 0.887511 1.338913 1.099147 0.637599 0.631743 0.631743 0.982629 1.147300 3.333246 3.160928 1.528790 1.275446 2.750633 2.931456 0.948032 1.195770 1.380550 0.985199 1.295019 3.104642 3.104642 3.104642 3.104642 3.104642 1.949630 2.138109 2.025798 3.403497 1.640090 1.580018 1.468342 1.288542 1.116343 1.744704 1.745152 1.933124 1.938784 1.625087 1.711073 1.508599 2.118999 1.360530 1.730629 2.706335 4.198223 1.788987 1.690988 1.231458 1.272272 1.295021 1.754947 2.146783 2.451862 2.451862 1.295021 0.751716 2.381795 4.386500 3.928752 2.095917 1.495600 2.347420 1.538572 1.325397 4.311592 4.286117 2.567607 1.774151 1.515221 3.586850 3.616207 3.504763 3.508929 3.461013 1.369106 1.369106 1.003891 0.822061 0.810568 1.473727 0.679019 0.808728 0.791185 1.100156 5.778359 5.759994 3.233847 1.188425 0.930994 0.883314 0.790099 0.790099 1.574034 1.060678 1.214767 1.241185 0.732802 1.119877 1.119877 4.946125 0.989667 1.177633 1.176139 1.176139 0.877334 0.408820 0.793418 1.762591 1.685104 1.686955 1.911011 1.197956 1.688370 2.622332 2.622856 5.214261 1.591298 2.622525 7.525805 1.521672 1.432079 1.288121 0.998928 0.857207 0.683850 0.341925 0.000000 2.611153 2.611153 1.939426 4.161599 3.962372 1.547383 1.408792 1.883904 1.557097 1.618391 1.077031 1.428646 1.579279 1.380664 1.199393 1.247295 1.742121 1.673109 1.216737 1.350970 1.083704 0.917601 0.836328 1.142290 2.561148 1.824225 2.856195 5.022215 1.533703 1.873839 4.464940 8.928966 8.913994 8.252375 8.512637 1.500226 1.459461 1.500226 1.459461 1.066461 1.319040 0.938391 2.164973 2.106391
166 6.732183 2.581235 2.581235 2.581235 1.817187 2.699451 3.801716 3.801716 5.758391 9.378116 3.091122 3.041821 2.580613 2.618209 3.097385 2.325312 2.282849 1.848500 2.156025 3.237505 1.960163 1.922383 2.165322 2.112594 2.879967 2.974697 2.939291 2.981961 2.912905 2.920595 2.665430 2.665430 0.786053 0.786053 1.334281 1.336237 2.732314 2.649636 2.563146 2.410286 2.385910 2.413768 2.397390 2.397390 2.328837 2.303599 4.087595 4.052867 2.901595 2.697187 3.780509 3.823378 2.737741 2.796025 2.674840 2.674840 2.729894 4.025467 4.025467 4.025467 4.025467 4.025467 1.872004 2.414602 2.509572 3.359252 2.516379 2.502728 2.271118 2.169662 2.094787 2.114998 2.418896 2.186262 2.137266 2.121826 2.718438 2.716818 2.244601 2.528371 2.841884 2.695215 4.023852 2.992710 2.695563 2.412808 2.265459 2.443174 3.116155 2.450928 3.196232 3.196232 2.443174 1.953287 1.796081 3.814052 3.991378 2.717018 1.981522 3.353166 2.800203 2.637532 4.976923 4.960766 3.544572 3.040727 2.976904 4.336913 4.361224 4.292038 4.277263 4.085294 2.431735 2.431735 2.605359 2.661239 2.657208 2.538602 2.601685 2.298068 1.892660 1.797648 6.359614 6.352141 4.154049 2.381060 2.297788 2.547728 2.578159 2.578159 2.698109 2.554463 2.437398 2.314518 2.239626 1.821856 1.821856 4.101766 2.574345 2.640013 2.486246 2.486246 2.580437 2.552410 2.519095 2.199654 2.138066 2.104639 1.694942 1.859877 1.816873 2.716636 2.716649 4.408666 1.830666 2.716625 6.668249 2.774035 2.718432 2.686475 2.578149 2.572474 2.520014 2.543105 2.611153 0.000000 0.000000 2.475918 4.108898 2.465279 2.842677 2.786075 2.688789 2.831021 2.502584 2.835976 2.765485 2.521010 2.576258 2.515035 2.427064 2.871032 2.825123 2.304891 1.749876 2.021263 2.044377 1.871292 1.697292 1.614717 2.169344 2.574792 3.503378 1.731477 2.594858 2.718699 6.641473 6.621330 7.592902 7.795435 2.844095 2.822804 2.844095 2.822804 2.656402 2.397845 2.392337 3.281676 3.361276
167 6.732183 2.581235 2.581235 2.581235 1.817187 2.699451 3.801716 3.801716 5.758391 9.378116 3.091122 3.041821 2.580613 2.618209 3.097385 2.325312 2.282849 1.848500 2.156025 3.237505 1.960163 1.922383 2.165322 2.112594 2.879967 2.974697 2.939291 2.981961 2.912905 2.920595 2.665430 2.665430 0.786053 0.786053 1.334281 1.336237 2.732314 2.649636 2.563146 2.410286 2.385910 2.413768 2.397390 2.397390 2.328837 2.303599 4.087595 4.052867 2.901595 2.697187 3.780509 3.823378 2.737741 2.796025 2.674840 2.674840 2.729894 4.025467 4.025467 4.025467 4.025467 4.025467 1.872004 2.414602 2.509572 3.359252 2.516379 2.502728 2.271118 2.169662 2.094787 2.114998 2.418896 2.186262 2.137266 2.121826 2.718438 2.716818 2.244601 2.528371 2.841884 2.695215 4.023852 2.992710 2.695563 2.412808 2.265459 2.443174 3.116155 2.450928 3.196232 3.196232 2.443174 1.953287 1.796081 3.814052 3.991378 2.717018 1.981522 3.353166 2.800203 2.637532 4.976923 4.960766 3.544572 3.040727 2.976904 4.336913 4.361224 4.292038 4.277263 4.085294 2.431735 2.431735 2.605359 2.661239 2.657208 2.538602 2.601685 2.298068 1.892660 1.797648 6.359614 6.352141 4.154049 2.381060 2.297788 2.547728 2.578159 2.578159 2.698109 2.554463 2.437398 2.314518 2.239626 1.821856 1.821856 4.101766 2.574345 2.640013 2.486246 2.486246 2.580437 2.552410 2.519095 2.199654 2.138066 2.104639 1.694942 1.859877 1.816873 2.716636 2.716649 4.408666 1.830666 2.716625 6.668249 2.774035 2.718432 2.686475 2.578149 2.572474 2.520014 2.543105 2.611153 0.000000 0.000000 2.475918 4.108898 2.465279 2.842677 2.786075 2.688789 2.831021 2.502584 2.835976 2.765485 2.521010 2.576258 2.515035 2.427064 2.871032 2.825123 2.304891 1.749876 2.021263 2.044377 1.871292 1.697292 1.614717 2.169344 2.574792 3.503378 1.731477 2.594858 2.718699 6.641473 6.621330 7.592902 7.795435 2.844095 2.822804 2.844095 2.822804 2.656402 2.397845 2.392337 3.281676 3.361276
168 7.197979 1.922889 1.922889 1.922889 1.032330 1.753599 3.181034 3.181034 5.008372 8.911778 3.031980 3.036847 1.753414 1.125166 3.196521 2.735652 2.719129 2.887356 2.734674 3.205298 2.654083 2.279896 3.205839 3.102321 2.959877 2.963084 2.934200 2.973720 2.864970 2.908789 2.965986 2.965986 2.150887 2.150887 1.778326 1.779794 2.705278 2.538492 2.234084 2.504182 2.384610 2.085777 2.083995 2.083995 2.325986 2.400197 4.063852 3.969686 2.791335 2.589473 3.688268 3.833948 2.249724 2.621270 2.460161 2.262099 2.425344 3.974661 3.974661 3.974661 3.974661 3.974661 2.924828 2.103573 1.989313 2.539819 2.865371 2.832830 2.699439 2.373530 2.281119 2.543024 2.934519 2.950716 2.874220 2.672670 2.923410 2.762626 3.049619 2.634012 2.894120 3.454851 4.729332 2.951456 2.847900 2.476250 2.470676 2.434871 2.336958 2.643900 2.897095 2.897095 2.434871 1.897437 1.738066 3.105161 2.621797 2.256695 1.713658 3.403544 2.794637 2.483257 4.977186 4.941313 3.517295 2.856799 2.498194 4.322095 4.376381 4.217429 4.183810 4.123081 2.431428 2.431428 2.297972 2.080386 2.075228 2.685342 2.156657 1.990301 1.759088 1.344908 6.307026 6.290204 4.058706 2.445326 2.193327 2.232420 1.892367 1.892367 0.598794 2.526474 2.205381 2.190623 2.041879 1.887359 1.887359 5.406576 2.143427 2.468295 1.933702 1.933702 2.303750 1.640730 1.378299 1.559868 1.047578 1.048009 1.235693 2.092409 1.031777 1.611609 1.611632 3.550908 1.699323 1.611591 5.663978 2.776632 2.725821 2.650198 2.414093 2.358981 2.056459 1.969336 1.939426 2.475918 2.475918 0.000000 2.465279 2.744541 2.799212 2.725048 1.862621 2.855378 2.821090 2.559292 2.750595 2.785560 2.588964 2.368907 1.986947 2.852184 2.810563 2.335327 2.187652 2.096338 1.310968 1.787782 1.387693 1.330881 1.238665 1.830845 3.724654 2.049859 2.412316 4.216457 8.319187 8.238514 7.797734 7.916732 2.841744 2.796655 2.841744 2.796655 2.556941 2.122150 2.370158 2.859199 3.187062
169 6.051266 3.412399 3.412399 3.412399 3.298981 2.698538 3.784967 3.784967 5.054660 8.509150 4.926490 4.875848 3.157608 2.688257 5.063438 4.587083 4.653277 4.814603 4.761592 2.919145 4.662161 4.461077 4.998068 4.932309 4.846394 4.848369 4.830755 4.842821 4.752277 4.778821 2.934009 2.934009 3.914459 3.914459 3.554252 3.554986 4.645197 4.524316 4.306852 4.505155 4.386823 4.119832 4.118929 4.118929 4.287602 4.381999 5.563109 5.531906 4.670856 4.501468 5.300581 5.467493 4.092531 4.622109 4.375260 4.155995 4.301761 5.503705 5.503705 5.503705 5.503705 5.503705 4.885268 3.381999 3.167802 2.246852 4.849905 4.818634 4.716721 4.433863 4.331438 4.474910 4.879110 4.876897 4.757867 4.524059 4.842350 4.577777 4.892574 4.501329 4.842864 5.095242 5.915161 4.889315 4.803231 4.592636 4.589633 4.467000 3.661740 4.212253 4.042292 4.042292 4.467000 4.128066 2.857127 3.721428 3.328786 4.096292 4.061300 5.191570 4.796281 4.361564 6.326543 6.293718 5.250303 4.808512 4.553439 5.830243 5.870599 5.681523 5.615137 5.653343 4.465125 4.465125 4.340336 4.001944 3.999265 4.683781 4.212050 4.014536 3.964459 3.409743 7.422250 7.400066 5.627380 4.576036 4.285852 4.305989 3.785976 3.785976 2.882038 4.569016 4.068362 4.060380 4.040336 3.783475 3.783475 6.647673 4.149353 4.562808 3.806846 3.806846 4.396886 3.792038 3.423051 2.917326 2.678623 2.678792 2.757633 4.123230 3.298808 2.608502 2.608517 3.055489 3.430739 2.608491 3.721269 4.798011 4.756513 4.688714 4.533708 4.478574 4.326876 4.231249 4.161599 4.108898 4.108898 2.465279 0.000000 2.475918 4.798948 4.731424 3.237632 4.807668 4.787383 4.471089 4.721495 4.766541 4.552827 4.270196 3.834166 4.744596 4.707291 4.413530 4.200297 4.125226 3.396499 4.035636 3.494411 2.801579 3.227469 2.749362 3.255781 3.867142 3.834218 4.884209 8.234436 8.152923 7.584886 7.460597 4.799583 4.773025 4.799583 4.773025 4.585933 3.905943 4.484472 4.350619 5.011771
170 5.045190 3.151900 3.151900 3.151900 2.905937 2.611277 3.739623 3.739623 5.380483 8.732678 4.467345 4.373655 2.979987 2.853152 4.509898 3.780125 3.846486 3.685818 3.894546 2.013366 3.722709 3.704533 3.836226 3.806713 4.283177 4.347455 4.323289 4.338978 4.264485 4.269741 1.496859 1.496859 2.576681 2.576681 2.564235 2.565253 4.129115 4.046084 3.930940 3.893547 3.817741 3.711273 3.700642 3.700642 3.704259 3.751303 5.144556 5.156941 4.215368 4.019626 4.910175 5.013708 3.808873 4.199444 3.945885 3.825533 3.924271 5.101172 5.101172 5.101172 5.101172 5.101172 3.760367 2.857960 2.774939 2.281880 4.119238 4.096669 3.929783 3.749355 3.642899 3.654558 4.045999 3.896392 3.777406 3.626406 4.197222 4.003720 3.872992 3.878316 4.298655 4.076078 4.913112 4.413089 4.189425 4.013336 3.926516 3.913991 3.603071 3.476298 3.672547 3.672547 3.913991 3.546932 1.921703 3.752163 3.932281 3.793923 3.578924 4.683666 4.284878 3.890757 5.945357 5.926909 4.804481 4.419416 4.321981 5.426304 5.445754 5.314068 5.257871 5.193731 3.906861 3.906861 3.958595 3.754261 3.751405 4.061524 3.896626 3.572261 3.395503 2.893759 7.147073 7.132233 5.270215 3.994329 3.763297 3.920905 3.567099 3.567099 3.248401 4.042629 3.599098 3.517042 3.534927 3.065363 3.065363 5.206698 3.817700 4.125668 3.501288 3.501288 4.001091 3.677918 3.389416 2.498162 2.444107 2.414920 2.067646 3.377385 2.905740 2.629038 2.629052 3.389414 2.749243 2.629027 4.643003 4.281498 4.231893 4.183583 4.086349 4.054034 4.020950 3.977097 3.962372 2.465279 2.465279 2.744541 2.475918 0.000000 4.312755 4.248227 3.093093 4.277839 4.067941 4.099775 4.207063 4.079312 3.998416 3.777961 3.459514 4.236011 4.191107 3.829197 3.353129 3.468874 3.053159 3.452051 2.913890 2.002409 2.985474 2.482194 2.079773 3.012576 3.307564 2.965306 6.166923 6.145225 7.050016 7.005669 4.286502 4.272405 4.286502 4.272405 4.107803 3.439079 3.942188 4.104509 4.645793
171 8.282469 3.647437 3.647437 3.647437 2.667021 3.897324 5.546693 5.546693 7.230333 11.366969 0.775027 0.811932 1.801651 2.234367 0.652390 1.726488 0.718428 1.498820 0.828020 4.505924 1.372612 1.139890 2.558425 2.607520 0.727996 0.490654 0.625523 0.518761 0.564268 0.591498 3.774405 3.774405 2.217822 2.217822 2.832322 2.826450 0.628782 0.644462 0.846135 0.708405 0.857708 1.404129 1.407830 1.407830 1.040085 0.783662 2.364796 2.363680 0.718114 0.609457 1.999596 1.935706 1.281757 0.512887 0.552463 1.003340 0.651781 2.376176 2.376176 2.376176 2.376176 2.376176 1.283765 2.231974 2.480088 3.691987 0.636729 0.593719 0.984469 0.886012 1.186025 2.008315 0.923209 1.191417 1.200578 1.471321 0.957690 1.282914 1.218680 1.418615 0.534392 2.453149 4.430607 0.500694 0.624673 0.509620 0.630540 0.818578 2.793125 2.242015 3.367479 3.367479 0.818578 1.739701 3.137287 5.489236 5.130830 3.475248 2.550495 1.111410 0.116249 0.647775 3.469115 3.467077 1.542246 0.831182 1.207889 2.697400 2.700347 2.703263 2.708662 2.734039 0.504519 0.504519 0.631285 1.296890 1.297891 0.388881 1.138722 1.227804 1.805089 1.960285 5.010782 5.010053 2.317630 0.734898 0.901587 0.852263 1.485645 1.485645 2.556602 0.675875 0.898571 0.933975 1.516011 1.736495 1.736495 4.974426 0.770932 0.467982 1.072372 1.072372 0.732388 1.563546 1.723699 2.163926 2.284049 2.302505 2.474010 1.150175 2.656876 3.808057 3.811221 6.178212 2.623552 3.809311 8.216506 0.357950 0.472645 0.600511 0.738119 0.831241 1.106918 1.301122 1.547383 2.842677 2.842677 2.799212 4.798948 4.312755 0.000000 0.187550 1.684201 0.345523 0.560380 1.234259 0.291004 0.426735 0.553179 0.810374 1.075544 0.295620 0.303279 0.639437 1.142572 1.014040 1.823414 1.488502 1.714462 3.290809 3.038549 3.962273 5.748900 1.552057 2.953730 5.060908 9.291461 9.320169 9.221060 9.454694 0.270230 0.229246 0.270230 0.229246 0.634237 1.056344 0.805603 1.446667 1.104440
172 8.232147 3.504814 3.504814 3.504814 2.579869 3.764181 5.453964 5.453964 7.093824 11.272192 0.778854 0.791693 1.752162 2.140724 0.710971 1.558313 0.688480 1.419699 0.798459 4.458939 1.270887 1.051058 2.467641 2.518507 0.623516 0.519586 0.534560 0.518761 0.498044 0.523042 3.759302 3.759302 2.138977 2.138977 2.715130 2.709004 0.647030 0.611727 0.746934 0.678761 0.760019 1.256868 1.258641 1.258641 0.874758 0.643789 2.382619 2.353810 0.598042 0.442225 1.965741 1.946299 1.123804 0.350513 0.530975 0.865786 0.533503 2.343955 2.343955 2.343955 2.343955 2.343955 1.267049 2.151146 2.358544 3.611463 0.649810 0.583183 0.902811 0.812797 1.065660 1.902519 0.869862 1.137801 1.147391 1.332985 0.865127 1.121575 1.193958 1.258135 0.528799 2.371910 4.313016 0.534668 0.585788 0.461134 0.581909 0.734674 2.617792 2.139440 3.192023 3.192023 0.734674 1.610302 3.025140 5.399927 5.035168 3.332394 2.459217 1.148845 0.175637 0.560435 3.477139 3.473002 1.555520 0.820688 1.150977 2.709312 2.712246 2.698953 2.704361 2.725418 0.455490 0.455490 0.484293 1.133189 1.134334 0.322738 1.013750 1.110205 1.680731 1.846410 5.018390 5.014748 2.327762 0.702144 0.805529 0.749914 1.345116 1.345116 2.472776 0.541134 0.802152 0.841622 1.356840 1.599419 1.599419 4.896154 0.669474 0.421765 0.992975 0.992975 0.610255 1.430688 1.604160 2.067093 2.192528 2.209057 2.379801 1.070993 2.569380 3.678152 3.681427 6.095099 2.478780 3.679450 8.157112 0.425015 0.484542 0.559951 0.653760 0.717695 1.024399 1.183271 1.408792 2.786075 2.786075 2.725048 4.731424 4.248227 0.187550 0.000000 1.636612 0.257625 0.510892 1.055317 0.208713 0.426141 0.459743 0.667196 0.975288 0.381900 0.330624 0.591538 1.067931 0.903726 1.700397 1.386669 1.619507 3.213188 2.922615 3.843785 5.659486 1.453983 2.782108 4.947098 9.213197 9.242148 9.067317 9.304812 0.209275 0.152727 0.209275 0.152727 0.475795 0.969530 0.661392 1.401622 1.099272
173 7.079126 3.132705 3.132705 3.132705 2.273482 3.034117 4.869694 4.869694 6.513059 10.580213 1.830168 1.755586 0.552029 1.040461 1.881247 2.094586 1.636143 2.148841 1.843168 3.274965 2.002288 1.823878 2.878731 2.904110 1.744434 1.679844 1.714869 1.672351 1.618221 1.635661 2.565862 2.565862 2.064360 2.064360 2.468829 2.462090 1.630190 1.557693 1.497567 1.585217 1.547902 1.672383 1.672827 1.672827 1.500340 1.460858 2.830203 2.858213 1.597772 1.438819 2.529825 2.586850 1.412896 1.604207 1.311383 1.311383 1.220078 2.835168 2.835168 2.835168 2.835168 2.835168 2.115867 1.360444 1.522648 2.193575 1.832392 1.793615 1.853132 1.592995 1.662508 2.245650 1.895253 2.000767 1.886130 1.868615 1.835548 1.738994 1.968230 1.810239 1.736832 2.739110 4.431103 1.757051 1.736577 1.658801 1.694593 1.553630 2.284752 2.060660 2.907778 2.907778 1.553630 2.016845 2.288626 4.811568 4.398284 3.339471 2.655947 2.081325 1.680264 1.299330 3.871594 3.859672 2.292371 1.796489 1.837828 3.193773 3.206443 3.107592 3.061811 3.157036 1.457093 1.457093 1.384327 1.369293 1.370240 1.618913 1.575320 1.435339 1.937534 1.571121 5.299150 5.290179 2.873460 1.741259 1.526663 1.498063 1.332986 1.332986 1.843583 1.652741 1.100996 1.130076 1.647358 1.579849 1.579849 5.132963 1.231101 1.601250 0.893218 0.893218 1.538148 1.539662 1.284665 1.057262 1.176842 1.204891 1.489107 1.483096 2.261572 2.930767 2.934876 5.111927 2.167998 2.932396 6.750599 1.741983 1.739036 1.728033 1.686273 1.677585 1.755404 1.788395 1.883904 2.688789 2.688789 1.862621 3.237632 3.093093 1.684201 1.636612 0.000000 1.673659 1.730831 1.732313 1.621247 1.695426 1.495594 1.270210 0.861517 1.563505 1.530885 1.503203 1.512002 1.360672 1.396619 1.760042 1.384133 2.514055 2.566520 3.139915 4.698932 1.363998 2.590921 4.636727 8.761690 8.776922 8.512400 8.621539 1.680431 1.664327 1.680431 1.664327 1.630694 0.937793 1.648879 1.411732 1.974536
174 8.172592 3.579146 3.579146 3.579146 2.706476 3.834067 5.550016 5.550016 7.167935 11.352391 0.627810 0.588913 1.836742 2.243090 0.536960 1.487660 0.678363 1.372914 0.825480 4.450566 1.244549 1.117950 2.406180 2.478795 0.385916 0.368024 0.328296 0.343362 0.309322 0.309187 3.781550 3.781550 2.188904 2.188904 2.783863 2.775752 0.821545 0.808808 0.950293 0.860626 0.926061 1.387395 1.385786 1.385786 0.927146 0.713345 2.198482 2.174552 0.453084 0.440956 1.781969 1.758127 1.194667 0.455050 0.706860 0.983515 0.582381 2.149873 2.149873 2.149873 2.149873 2.149873 1.268268 2.154326 2.361445 3.613358 0.741470 0.667366 0.918670 0.894044 1.128807 1.899804 0.795746 1.009502 1.020298 1.225296 0.687712 0.978469 1.054747 1.192884 0.391353 2.238028 4.190078 0.420997 0.445910 0.644487 0.723531 0.785864 2.632617 2.086085 3.156510 3.156510 0.785864 1.730828 3.085204 5.503005 5.145559 3.421583 2.592583 0.968864 0.289566 0.675941 3.288884 3.287049 1.379961 0.731550 1.147500 2.527094 2.523945 2.515985 2.521784 2.550145 0.533012 0.533012 0.614754 1.191673 1.195867 0.340007 1.191150 1.270742 1.812977 1.967551 4.831433 4.827650 2.148340 0.910622 0.992524 0.947943 1.464773 1.464773 2.608884 0.699783 0.916689 0.951419 1.445005 1.674862 1.674862 4.793219 0.845435 0.653154 1.122463 1.122463 0.803949 1.573652 1.739279 2.139258 2.289345 2.304528 2.451165 1.196987 2.693452 3.756382 3.760576 6.179395 2.540345 3.758048 8.225351 0.614449 0.674823 0.758739 0.858421 0.908059 1.220348 1.356461 1.557097 2.831021 2.831021 2.855378 4.807668 4.277839 0.345523 0.257625 1.673659 0.000000 0.441180 1.034512 0.358521 0.489706 0.497863 0.694013 1.030435 0.360544 0.274984 0.765973 1.142766 0.999999 1.816992 1.530340 1.738542 3.298181 3.035691 3.930448 5.706207 1.468381 2.810329 4.939603 9.183956 9.220072 9.025342 9.263913 0.317251 0.310603 0.317251 0.310603 0.608119 1.059237 0.768797 1.272570 0.946097
175 8.064708 3.478018 3.478018 3.478018 2.571251 3.739839 5.389890 5.389890 7.044681 11.182525 0.767323 0.735838 1.888984 2.286065 0.694958 1.420736 0.515302 1.140603 0.597510 4.369652 1.106573 0.961984 2.309879 2.385428 0.586149 0.574527 0.549926 0.559050 0.538813 0.538736 3.614886 3.614886 1.886420 1.886420 2.552876 2.544029 0.932511 0.921309 1.047710 0.822069 0.890342 1.363812 1.362176 1.362176 0.891470 0.666319 2.242311 2.218855 0.632396 0.623764 1.835771 1.812637 1.273526 0.633806 0.833241 1.077934 0.730622 2.194674 2.194674 2.194674 2.194674 2.194674 0.945952 2.199036 2.402304 3.640192 0.696346 0.616844 0.882653 0.856992 1.099694 1.882651 0.753878 0.751621 0.766060 1.023324 0.817060 1.073332 0.811376 1.271854 0.466944 2.223486 4.197813 0.609818 0.366000 0.592017 0.573461 0.901234 2.669328 2.132227 3.187192 3.187192 0.901234 1.594241 2.878500 5.341471 5.075737 3.315652 2.451083 1.064583 0.527720 0.807178 3.318342 3.316524 1.448769 0.854286 1.229388 2.565315 2.562213 2.554372 2.560085 2.537392 0.468211 0.468211 0.756679 1.270718 1.274652 0.225221 1.270228 1.244952 1.683070 1.848539 4.864889 4.861132 2.222558 0.874273 0.959283 1.045579 1.529772 1.529772 2.645924 0.744699 0.951419 0.916689 1.422378 1.533299 1.533299 4.718185 0.953625 0.788194 1.206052 1.206052 0.917046 1.634326 1.794361 2.062044 2.217364 2.233036 2.300985 0.989251 2.557539 3.660154 3.664458 6.035989 2.395761 3.661864 8.118167 0.756431 0.806242 0.877681 0.965156 1.009560 1.297647 1.426403 1.618391 2.502584 2.502584 2.821090 4.787383 4.067941 0.560380 0.510892 1.730831 0.441180 0.000000 1.124657 0.568486 0.418248 0.665212 0.822371 1.120909 0.569765 0.519862 0.722382 0.922905 0.897417 1.762617 1.373965 1.602613 3.105686 2.915774 3.770372 5.456277 1.353419 2.728330 4.620641 8.827340 8.864909 8.956789 9.197139 0.543404 0.539549 0.543404 0.539549 0.751298 1.089433 0.809894 1.394215 1.104309
176 8.176551 2.892882 2.892882 2.892882 2.395198 3.196811 5.079440 5.079440 6.384789 10.818825 1.273886 1.225896 1.887659 1.920356 1.444616 1.050991 1.358977 1.644811 1.429615 4.479673 1.441190 1.314101 2.487583 2.547674 0.937321 1.250367 0.920280 1.177791 0.995792 1.002613 3.917945 3.917945 2.121471 2.121471 2.334273 2.324594 1.447705 1.299531 1.082131 1.332399 1.091203 0.888742 0.884550 0.884550 0.685002 0.905519 2.554080 2.368449 0.758354 0.741935 1.889533 2.132250 0.594660 0.747573 1.238323 0.773397 0.819441 2.239710 2.239710 2.239710 2.239710 2.239710 1.779373 2.177791 2.067637 3.417183 1.467605 1.368976 1.353444 1.314196 1.218877 1.919417 1.421374 1.482377 1.487296 1.045980 1.178237 0.758391 1.646968 0.997437 1.172966 2.422385 4.021042 1.257477 1.113649 1.179642 1.222187 1.241937 1.707614 2.108266 2.418209 2.418209 1.241937 1.310763 2.597937 5.030397 4.636659 2.707112 2.274292 1.632653 1.216115 1.076971 3.513294 3.496684 1.823841 1.235405 1.214894 2.822336 2.825152 2.716354 2.720832 2.734855 1.118282 1.118282 0.801810 0.521891 0.531398 1.074498 0.994126 1.082368 1.414461 1.598703 4.994316 4.973056 2.457732 1.343661 1.118070 1.078690 0.994036 0.994036 2.283987 0.910823 1.072847 1.102670 0.956796 1.271997 1.271997 4.866762 0.989403 1.184627 1.222980 1.222980 0.957173 1.094667 1.314355 1.834210 1.974496 1.990586 2.154520 1.296945 2.380471 3.107044 3.112112 5.753699 1.923360 3.109058 7.902182 1.396774 1.359228 1.271637 1.164643 1.045629 1.275793 1.130004 1.077031 2.835976 2.835976 2.559292 4.471089 4.099775 1.234259 1.055317 1.732313 1.034512 1.124657 0.000000 1.096478 1.286606 1.120588 0.882207 1.129929 1.314712 1.221792 1.243873 1.371916 1.109706 1.409274 1.330084 1.551966 3.037633 2.494880 3.318964 5.291730 1.525282 1.968533 4.502258 8.943330 8.973152 8.420058 8.673046 1.095013 1.085625 1.095013 1.085625 0.838906 1.190370 0.917593 1.403577 1.397969
177 8.165922 3.524128 3.524128 3.524128 2.615159 3.771385 5.506172 5.506172 7.134042 11.332542 0.945233 0.927463 1.685976 2.115100 0.816110 1.535198 0.628641 1.369817 0.760114 4.422158 1.241132 1.081645 2.443666 2.497622 0.702930 0.646034 0.645970 0.632310 0.624093 0.628774 3.689174 3.689174 2.100919 2.100919 2.718176 2.713806 0.481798 0.466166 0.682786 0.551196 0.648637 1.219838 1.220447 1.220447 0.826772 0.576901 2.530211 2.513325 0.706469 0.419454 2.114196 2.094140 1.095129 0.415172 0.430905 0.808288 0.564721 2.490225 2.490225 2.490225 2.490225 2.490225 1.216793 2.081083 2.294822 3.548283 0.518591 0.452313 0.828505 0.769784 1.008509 1.869455 0.813994 1.175684 1.178787 1.360103 0.914378 1.142774 1.208727 1.221767 0.690987 2.364383 4.292288 0.699751 0.731462 0.494207 0.603546 0.714308 2.600940 2.094793 3.162272 3.162272 0.714308 1.623659 3.004892 5.455159 5.094357 3.367307 2.511063 1.282841 0.273855 0.424338 3.630319 3.628657 1.712218 1.014170 1.345411 2.867156 2.864381 2.855665 2.859073 2.891610 0.566092 0.566092 0.542334 1.153325 1.151877 0.408133 0.953562 1.044842 1.674377 1.824684 5.173713 5.170181 2.484118 0.646373 0.744440 0.683874 1.294485 1.294485 2.510330 0.460183 0.709897 0.754210 1.306466 1.547502 1.547502 4.853456 0.648141 0.421803 0.939531 0.939531 0.580780 1.446631 1.600764 2.011903 2.170814 2.183431 2.357786 1.026168 2.607317 3.691000 3.693461 6.130612 2.462865 3.691973 8.165493 0.346075 0.367064 0.424584 0.594447 0.664117 1.051537 1.206842 1.428646 2.765485 2.765485 2.750595 4.721495 4.207063 0.291004 0.208713 1.621247 0.358521 0.568486 1.096478 0.000000 0.359326 0.397797 0.610369 0.952779 0.434237 0.382204 0.560850 1.030459 0.862576 1.689121 1.405818 1.610246 3.231379 2.953211 3.857012 5.650507 1.404938 2.747183 4.913748 9.178436 9.214574 9.042631 9.276559 0.135976 0.119647 0.135976 0.119647 0.409705 0.879030 0.653795 1.497516 1.263383
178 8.029636 3.538445 3.538445 3.538445 2.572011 3.784766 5.452246 5.452246 7.158136 11.273922 1.010007 0.982735 1.749795 2.219626 0.830077 1.528502 0.342236 1.129095 0.451977 4.310682 1.072322 0.939969 2.281687 2.339381 0.786918 0.711238 0.771964 0.719405 0.740159 0.738092 3.546510 3.546510 1.900347 1.900347 2.625364 2.620840 0.558309 0.588579 0.843934 0.509823 0.702669 1.339718 1.336941 1.336941 0.900576 0.585992 2.542600 2.551632 0.863207 0.628656 2.179801 2.119378 1.302690 0.667200 0.584427 1.021289 0.769219 2.540899 2.540899 2.540899 2.540899 2.540899 0.884684 2.069436 2.334886 3.574325 0.304553 0.240066 0.687778 0.650988 0.959489 1.784463 0.625098 0.938138 0.942023 1.269174 0.900184 1.224495 0.945332 1.274256 0.706940 2.240561 4.226418 0.766205 0.694419 0.437519 0.455085 0.711019 2.752923 2.048681 3.241971 3.241971 0.711019 1.618995 2.948450 5.407327 5.111257 3.392820 2.466095 1.307107 0.381648 0.598927 3.642930 3.643280 1.742995 1.092399 1.446319 2.879023 2.876260 2.882828 2.886204 2.882462 0.517341 0.517341 0.728858 1.342048 1.340804 0.337274 1.131875 1.132087 1.669856 1.820536 5.190361 5.189657 2.524403 0.604136 0.786311 0.839518 1.465136 1.465136 2.595575 0.601971 0.809045 0.795568 1.384042 1.530999 1.530999 4.688541 0.827015 0.554106 1.058218 1.058218 0.757900 1.601148 1.741659 2.038337 2.195335 2.203769 2.309836 0.916382 2.564037 3.714291 3.716736 6.082225 2.450378 3.715257 8.133615 0.412454 0.443255 0.548148 0.717062 0.812600 1.151085 1.338898 1.579279 2.521010 2.521010 2.785560 4.766541 4.079312 0.426735 0.426141 1.695426 0.489706 0.418248 1.286606 0.359326 0.000000 0.455055 0.733686 1.040410 0.497828 0.465552 0.493856 0.847799 0.806388 1.735229 1.371120 1.568712 3.130592 2.954905 3.843742 5.535814 1.291777 2.806182 4.744524 8.938471 8.975574 9.009719 9.244481 0.406749 0.401585 0.406749 0.401585 0.622194 0.951553 0.711820 1.618546 1.362483
179 7.855588 3.338852 3.338852 3.338852 2.448609 3.566237 5.318943 5.318943 6.990549 11.137007 1.055836 0.988463 1.537299 1.965718 0.945965 1.344301 0.491136 1.151829 0.651495 4.101175 0.962453 0.879031 2.109247 2.159487 0.710400 0.783910 0.761614 0.783364 0.730155 0.727266 3.502211 3.502211 1.929173 1.929173 2.554514 2.549864 0.611627 0.547645 0.695425 0.621628 0.709460 1.226957 1.216614 1.216614 0.755994 0.469882 2.573601 2.562203 0.801705 0.458338 2.181298 2.163794 1.130043 0.627448 0.538636 0.870505 0.650660 2.533282 2.533282 2.533282 2.533282 2.533282 1.118939 1.748188 1.997865 3.293641 0.569800 0.510218 0.564808 0.485114 0.725296 1.515382 0.586235 1.014861 0.996705 1.205721 0.695555 0.966874 1.049976 0.953558 0.803284 2.023370 3.955115 0.843193 0.805802 0.541605 0.599868 0.355308 2.491101 1.708505 2.920753 2.920753 0.355308 1.545032 2.865833 5.286404 4.913225 3.242691 2.386590 1.397388 0.464798 0.457471 3.668666 3.664745 1.787428 1.100654 1.364792 2.905496 2.908232 2.889105 2.887418 2.900087 0.557779 0.557779 0.533652 1.123557 1.122071 0.515988 0.976452 1.025025 1.582170 1.689344 5.201660 5.198147 2.541812 0.683296 0.738138 0.677009 1.244779 1.244779 2.345650 0.571007 0.665525 0.712603 1.183506 1.414545 1.414545 4.520765 0.657715 0.489044 0.835503 0.835503 0.597647 1.376442 1.499140 1.890987 2.027348 2.027697 2.177792 0.965257 2.440231 3.511734 3.514320 5.923692 2.295427 3.512756 7.966185 0.536255 0.499016 0.542726 0.590712 0.660776 0.985359 1.149639 1.380664 2.576258 2.576258 2.588964 4.552827 3.998416 0.553179 0.459743 1.495594 0.497863 0.665212 1.120588 0.397797 0.455055 0.000000 0.394805 0.731990 0.597074 0.510387 0.501686 0.852326 0.679832 1.541928 1.335323 1.455095 3.024996 2.806792 3.714757 5.473156 1.095656 2.624039 4.755250 8.991780 9.021442 8.727920 8.957020 0.511037 0.490600 0.511037 0.490600 0.478139 0.774406 0.512306 1.521665 1.367838
180 7.702845 3.071365 3.071365 3.071365 2.283929 3.269821 5.124923 5.124923 6.706031 10.932185 1.186184 1.095954 1.315364 1.662315 1.165642 1.157348 0.716936 1.225577 0.880423 3.951197 1.012745 0.936952 2.134035 2.183705 0.788380 0.962422 0.834823 0.931098 0.818229 0.815652 3.362152 3.362152 1.812323 1.812323 2.339901 2.334824 0.804283 0.675119 0.636915 0.736405 0.652211 0.979703 0.966718 0.966718 0.500007 0.364821 2.642573 2.596192 0.777004 0.363482 2.181290 2.243369 0.808378 0.627417 0.606699 0.606699 0.517193 2.533275 2.533275 2.533275 2.533275 2.533275 1.288868 1.559742 1.703070 3.022205 0.856637 0.781679 0.743502 0.625465 0.669402 1.489439 0.833289 1.149863 1.107802 1.077712 0.829672 0.801589 1.211086 0.785475 0.968250 2.061527 3.885528 1.030376 0.939736 0.726032 0.770472 0.531144 2.119181 1.614710 2.610774 2.610774 0.531144 1.381917 2.579599 5.091145 4.702496 3.018618 2.286509 1.546084 0.752819 0.412700 3.720086 3.712285 1.882975 1.202175 1.364778 2.975074 2.977745 2.922628 2.914285 2.940117 0.683366 0.683366 0.454785 0.799287 0.797196 0.693218 0.801049 0.813007 1.399163 1.440323 5.240842 5.231772 2.609887 0.837066 0.683296 0.616755 0.920890 0.920890 2.137028 0.570973 0.457314 0.523466 0.903395 1.139957 1.139957 4.546548 0.526041 0.673403 0.621580 0.621580 0.564079 1.127418 1.211638 1.576329 1.737562 1.737970 1.910958 0.880824 2.274945 3.210289 3.213118 5.695655 2.005488 3.211408 7.717759 0.834701 0.774413 0.726869 0.682506 0.660747 0.985339 1.042979 1.199393 2.515035 2.515035 2.368907 4.270196 3.777961 0.810374 0.667196 1.270210 0.694013 0.822371 0.882207 0.610369 0.733686 0.394805 0.000000 0.473399 0.829299 0.730259 0.638404 0.829157 0.553445 1.264195 1.212975 1.253704 2.838941 2.575088 3.431195 5.225495 0.942741 2.291035 4.554329 8.852022 8.882151 8.483396 8.701033 0.703524 0.688822 0.703524 0.688822 0.478099 0.536658 0.512268 1.415542 1.450782
181 7.437830 2.909331 2.909331 2.909331 2.049313 3.016510 4.858376 4.858376 6.504601 10.656590 1.380986 1.303982 0.921088 1.270574 1.410598 1.412067 0.980047 1.468509 1.147547 3.605007 1.244250 1.072837 2.250532 2.274312 1.125986 1.190206 1.143807 1.179607 1.079712 1.094869 3.045720 3.045720 1.746212 1.746212 2.211314 2.205941 1.031438 0.899424 0.790736 0.946293 0.882359 1.086011 1.075695 1.075695 0.777509 0.698289 2.718393 2.690229 1.048816 0.747933 2.310287 2.372594 0.919171 0.945380 0.745996 0.745996 0.675214 2.650075 2.650075 2.650075 2.650075 2.650075 1.509959 1.288292 1.458543 2.667203 1.164940 1.110982 1.057497 0.807735 0.850997 1.559587 1.165872 1.385165 1.306463 1.281048 1.133512 1.083263 1.422424 1.057075 1.201476 2.185979 3.970978 1.249706 1.181138 0.951593 0.988930 0.739133 2.070661 1.582748 2.591128 2.591128 0.739133 1.421024 2.355559 4.820265 4.407796 2.956775 2.198819 1.734429 1.037182 0.660172 3.794910 3.782746 2.018342 1.344903 1.399645 3.057965 3.071196 2.993982 2.972762 3.003780 0.830400 0.830400 0.655289 0.840001 0.838012 0.976513 0.926449 0.851323 1.389575 1.257099 5.290705 5.281720 2.708624 1.038791 0.830342 0.776506 0.871177 0.871177 1.794641 0.915420 0.503611 0.564362 0.995247 1.113618 1.113618 4.648766 0.578396 0.888790 0.376087 0.376087 0.786560 1.034727 0.977749 1.273779 1.374651 1.377327 1.595648 0.921162 2.039296 2.947842 2.950922 5.341612 1.887705 2.949059 7.289652 1.096705 1.054372 1.019962 0.922046 0.906058 1.043117 1.097728 1.247295 2.427064 2.427064 1.986947 3.834166 3.459514 1.075544 0.975288 0.861517 1.030435 1.120909 1.129929 0.952779 1.040410 0.731990 0.473399 0.000000 1.048882 0.975521 0.797547 0.885426 0.629945 1.050692 1.196945 1.038046 2.538385 2.369479 3.183257 4.946386 0.842172 2.284562 4.508005 8.766211 8.781435 8.377377 8.561372 1.047181 1.021139 1.047181 1.021139 0.864007 0.427323 0.815238 1.392753 1.612114
182 8.118970 3.753395 3.753395 3.753395 2.776855 3.957929 5.636215 5.636215 7.331199 11.445577 0.682150 0.669731 1.732467 2.237642 0.489635 1.775313 0.703628 1.524574 0.893881 4.385746 1.430150 1.264567 2.581151 2.647126 0.668463 0.334640 0.578212 0.371863 0.477008 0.489231 3.637193 3.637193 2.248568 2.248568 2.911416 2.904069 0.737774 0.789381 1.023415 0.842395 1.000955 1.555610 1.557998 1.557998 1.130234 0.866789 2.197101 2.235462 0.684594 0.647261 1.882264 1.787586 1.359149 0.661913 0.610580 1.091419 0.648327 2.248290 2.248290 2.248290 2.248290 2.248290 1.313203 2.154052 2.434333 3.575274 0.732431 0.693071 1.064482 0.975242 1.285272 2.066984 0.924911 1.149900 1.133908 1.463103 0.917544 1.263615 1.122218 1.452565 0.476823 2.398671 4.404384 0.428734 0.583669 0.707692 0.795455 0.889742 2.845798 2.207219 3.396444 3.396444 0.889742 1.909014 3.154643 5.581492 5.229413 3.633254 2.723632 0.955323 0.297363 0.683224 3.319331 3.320816 1.406796 0.798935 1.263035 2.553045 2.549929 2.560193 2.558290 2.610398 0.562909 0.562909 0.756774 1.374472 1.377572 0.454760 1.311190 1.359832 1.963520 2.050861 4.860947 4.861698 2.176601 0.942335 1.068325 1.027040 1.580089 1.580089 2.640308 0.859454 0.924952 0.959383 1.635534 1.809757 1.809757 4.951202 0.881285 0.687957 1.093092 1.093092 0.924104 1.706703 1.816938 2.136521 2.286788 2.306505 2.468849 1.241527 2.764753 3.870987 3.874866 6.207277 2.700146 3.872528 8.164410 0.547166 0.660720 0.797638 0.953363 1.041283 1.322478 1.508328 1.742121 2.871032 2.871032 2.852184 4.744596 4.236011 0.295620 0.381900 1.563505 0.360544 0.569765 1.314712 0.434237 0.497828 0.597074 0.829299 1.048882 0.000000 0.115125 0.779530 1.196571 1.090763 1.909612 1.644155 1.787288 3.325101 3.154549 4.027810 5.736079 1.536181 3.031240 5.075986 9.257761 9.293590 9.231852 9.448742 0.402862 0.397648 0.402862 0.397648 0.806029 1.040423 0.970866 1.264165 1.005023
183 8.069356 3.670931 3.670931 3.670931 2.725373 3.879815 5.581637 5.581637 7.257175 11.389954 0.674760 0.638293 1.697840 2.184342 0.510616 1.665329 0.649900 1.451435 0.848737 4.338987 1.344868 1.198038 2.497368 2.565498 0.577499 0.332602 0.506628 0.349726 0.412844 0.419886 3.618545 3.618545 2.192234 2.192234 2.841279 2.833751 0.732805 0.761998 0.972851 0.816791 0.949196 1.483938 1.484439 1.484439 1.037501 0.780229 2.204435 2.227999 0.606408 0.547876 1.861657 1.790530 1.281144 0.595845 0.590056 1.024520 0.580716 2.227065 2.227065 2.227065 2.227065 2.227065 1.279320 2.083928 2.347740 3.516886 0.712798 0.661331 0.988762 0.908492 1.199165 1.978830 0.853942 1.086928 1.069995 1.366853 0.824080 1.150798 1.072910 1.340124 0.453254 2.315227 4.306326 0.434050 0.540592 0.672606 0.756588 0.812377 2.749124 2.116479 3.285234 3.285234 0.812377 1.839797 3.090566 5.530677 5.175142 3.554697 2.671125 0.972070 0.274173 0.623810 3.322017 3.322401 1.410535 0.787149 1.232115 2.556803 2.553691 2.555376 2.553469 2.601105 0.518110 0.518110 0.682511 1.290495 1.293795 0.397968 1.251308 1.299904 1.896294 1.986593 4.864144 4.863393 2.180384 0.916278 1.017071 0.973615 1.507609 1.507609 2.592998 0.794844 0.865246 0.901959 1.546513 1.729727 1.729727 4.872418 0.829228 0.656355 1.043056 1.043056 0.864339 1.639828 1.754271 2.080632 2.234660 2.252194 2.410799 1.192733 2.713041 3.797351 3.801305 6.157763 2.615919 3.798921 8.129755 0.553803 0.646026 0.766680 0.905180 0.982594 1.276781 1.448385 1.673109 2.825123 2.825123 2.810563 4.707291 4.191107 0.303279 0.330624 1.530885 0.274984 0.519862 1.221792 0.382204 0.465552 0.510387 0.730259 0.975521 0.115125 0.000000 0.739827 1.137830 1.017499 1.840418 1.589343 1.730137 3.274974 3.090469 3.963100 5.682460 1.456756 2.934597 5.003444 9.201398 9.237446 9.126382 9.345720 0.362918 0.357121 0.362918 0.357121 0.728631 0.981682 0.887761 1.235681 0.998661
184 7.920886 3.156963 3.156963 3.156963 2.128078 3.395825 5.033803 5.033803 6.776119 10.868786 1.242582 1.242106 1.487005 1.851614 1.184565 1.500299 0.571165 1.190771 0.581421 4.091688 1.028873 0.690761 2.226817 2.238854 1.047967 0.998110 1.024442 1.014673 0.974943 0.999170 3.388556 3.388556 1.674618 1.674618 2.295212 2.292884 0.578506 0.459944 0.511539 0.353612 0.491888 1.053787 1.050254 1.050254 0.755291 0.468750 2.787293 2.765010 1.029621 0.696545 2.396090 2.383755 1.140090 0.704673 0.496130 0.844864 0.747574 2.763059 2.763059 2.763059 2.763059 2.763059 1.006621 1.861115 2.097391 3.354945 0.563156 0.526567 0.697384 0.424136 0.714745 1.604925 0.851240 1.134433 1.118220 1.307960 1.083201 1.294476 1.198493 1.236072 0.953645 2.300689 4.217218 1.012904 0.928797 0.251150 0.280635 0.564592 2.529447 1.928234 3.054487 3.054487 0.564592 1.265622 2.641968 4.985606 4.662835 3.030825 2.055225 1.617209 0.614270 0.556778 3.883026 3.874913 1.990883 1.220345 1.368689 3.112394 3.125394 3.097098 3.095525 3.069261 0.468569 0.468569 0.541117 1.130735 1.125640 0.555211 0.820294 0.784172 1.285562 1.415376 5.418784 5.415412 2.761257 0.299629 0.409551 0.504221 1.159902 1.159902 2.137258 0.500603 0.606199 0.588091 1.096346 1.242058 1.242058 4.708094 0.530121 0.351118 0.749997 0.749997 0.470757 1.210012 1.338836 1.754338 1.828894 1.834567 1.969842 0.605528 2.122665 3.320539 3.322046 5.671210 2.123688 3.321129 7.770252 0.531536 0.483704 0.483545 0.436244 0.527251 0.738341 0.946512 1.216737 2.304891 2.304891 2.335327 4.413530 3.829197 0.639437 0.591538 1.503203 0.765973 0.722382 1.243873 0.560850 0.493856 0.501686 0.638404 0.797547 0.779530 0.739827 0.000000 0.598310 0.480644 1.325546 0.973455 1.155527 2.743954 2.531050 3.461434 5.233060 1.072623 2.570167 4.589804 8.830886 8.845999 8.787474 9.015061 0.669192 0.627656 0.669192 0.627656 0.560821 0.746108 0.486778 1.729519 1.575299
185 7.488872 2.837703 2.837703 2.837703 1.860942 3.050592 4.698465 4.698465 6.458862 10.510515 1.552860 1.503818 1.468542 1.772027 1.519472 1.278826 0.668124 0.857125 0.618530 3.712772 0.772548 0.551156 1.899719 1.913814 1.280640 1.352800 1.316818 1.354319 1.284173 1.293499 3.022288 3.022288 1.100099 1.100099 1.835011 1.832098 1.051556 0.948897 0.913026 0.744566 0.744566 1.090443 1.076032 1.076032 0.767936 0.596574 2.941931 2.911696 1.292680 0.992853 2.546813 2.569565 1.267905 1.103533 0.963560 1.078088 1.060310 2.882385 2.882385 2.882385 2.882385 2.882385 0.776283 1.644779 1.845745 3.104844 0.890588 0.850908 0.735960 0.525553 0.609365 1.365780 0.915620 0.991050 0.941924 1.041398 1.213888 1.303157 1.066971 1.176399 1.264700 2.078233 3.930400 1.386566 1.160229 0.739285 0.620393 0.806729 2.382858 1.700207 2.793033 2.793033 0.806729 1.092146 2.202239 4.667222 4.439235 2.788191 1.862795 1.891887 1.096611 0.915805 4.001611 3.991908 2.209976 1.533351 1.618122 3.257732 3.270154 3.223537 3.215975 3.147035 0.790637 0.790637 0.917041 1.230844 1.226165 0.878775 1.073173 0.855875 1.084194 1.136816 5.519636 5.513675 2.949316 0.757128 0.675551 0.895765 1.226324 1.226324 2.097016 0.864243 0.793752 0.691850 0.989927 0.902516 0.902516 4.370212 0.906990 0.933048 0.936431 0.936431 0.899293 1.304049 1.368600 1.509969 1.595982 1.587566 1.582089 0.374876 1.854750 2.998459 3.000128 5.317490 1.737906 2.999112 7.445370 1.077393 1.017552 0.988333 0.909540 0.925468 1.060021 1.165105 1.350970 1.749876 1.749876 2.187652 4.200297 3.353129 1.142572 1.067931 1.512002 1.142766 0.922905 1.371916 1.030459 0.847799 0.852326 0.829157 0.885426 1.196571 1.137830 0.598310 0.000000 0.348829 1.142651 0.826127 0.860938 2.332953 2.259819 3.101220 4.739189 0.650052 2.274216 4.023082 8.238289 8.254488 8.354807 8.575708 1.123461 1.099227 1.123461 1.099227 0.944997 0.832917 0.736863 1.891594 1.870036
186 7.598421 2.771727 2.771727 2.771727 1.861590 2.989318 4.732604 4.732604 6.411206 10.556135 1.450845 1.401506 1.318990 1.577774 1.449166 1.177681 0.711353 1.033067 0.731210 3.793948 0.847577 0.597402 2.002552 2.015929 1.142541 1.248528 1.167771 1.238428 1.141080 1.154144 3.149812 3.149812 1.329501 1.329501 1.902108 1.899298 0.916771 0.763279 0.631581 0.639986 0.540989 0.832785 0.817470 0.817470 0.502724 0.368536 2.900915 2.847305 1.111890 0.754238 2.455147 2.513867 0.962882 0.874770 0.769934 0.769934 0.819569 2.804902 2.804902 2.804902 2.804902 2.804902 1.033072 1.570612 1.713030 3.027830 0.875082 0.816969 0.714024 0.463319 0.471811 1.363583 0.930058 1.113158 1.069655 1.038459 1.119861 1.122307 1.208555 0.993427 1.179595 2.127233 3.937298 1.282720 1.098763 0.638508 0.586888 0.649772 2.151980 1.657521 2.637467 2.637467 0.649772 0.999198 2.228110 4.696526 4.391941 2.712258 1.863442 1.827453 0.971186 0.684383 3.967916 3.956284 2.144960 1.417592 1.469629 3.219449 3.232018 3.171048 3.163360 3.124897 0.697321 0.697321 0.642019 0.923243 0.916996 0.795861 0.770791 0.594895 0.990500 1.047838 5.488170 5.479509 2.884939 0.659085 0.447892 0.611245 0.917208 0.917208 1.938726 0.636119 0.536445 0.472116 0.741509 0.802455 0.802455 4.485304 0.613200 0.743484 0.669424 0.669424 0.616402 1.018795 1.100211 1.405463 1.497491 1.492508 1.582852 0.395199 1.855401 2.927985 2.929694 5.347678 1.684185 2.928653 7.463774 0.961615 0.884310 0.815438 0.684717 0.663031 0.840692 0.907566 1.083704 2.021263 2.021263 2.096338 4.125226 3.468874 1.014040 0.903726 1.360672 0.999999 0.897417 1.109706 0.862576 0.806388 0.679832 0.553445 0.629945 1.090763 1.017499 0.480644 0.348829 0.000000 0.968634 0.762380 0.814703 2.416337 2.208024 3.081940 4.844990 0.686038 2.143193 4.182243 8.469580 8.485337 8.348639 8.569699 0.965640 0.937335 0.965640 0.937335 0.690027 0.602806 0.498269 1.739875 1.750139
187 7.443683 1.971744 1.971744 1.971744 1.202612 2.124448 3.979052 3.979052 5.549565 9.787507 2.144547 2.115688 1.271643 0.938819 2.262917 1.534761 1.673122 1.797832 1.680731 3.568252 1.570804 1.272325 2.397399 2.352799 1.901427 2.025456 1.898378 2.007196 1.872664 1.900314 3.060471 3.060471 1.396612 1.396612 1.372606 1.373297 1.700238 1.507143 1.163174 1.448608 1.230408 0.843985 0.832456 0.832456 1.076556 1.228703 3.437091 3.317558 1.757945 1.474510 2.927056 3.097597 1.089433 1.536330 1.484033 1.125634 1.409455 3.258322 3.258322 3.258322 3.258322 3.258322 1.897418 1.601760 1.448442 2.661692 1.803500 1.749559 1.598130 1.343925 1.152816 1.685618 1.857916 1.941345 1.885997 1.561733 1.899584 1.650082 2.070811 1.483391 1.946124 2.637796 4.100934 2.036257 1.870352 1.460383 1.442691 1.440365 1.594496 1.914908 2.251627 2.251627 1.440365 0.819668 1.580899 3.930624 3.561123 2.032900 1.439369 2.546752 1.806190 1.416379 4.431587 4.406806 2.753617 2.028222 1.806092 3.725454 3.753727 3.625058 3.607552 3.561605 1.479562 1.479562 1.255638 0.966202 0.956131 1.649324 1.017493 0.803236 0.674759 0.323540 5.884530 5.866497 3.407780 1.420529 1.077327 1.154836 0.744535 0.744535 1.193772 1.366118 1.132214 1.103191 0.745731 0.645341 0.645341 4.793928 1.124533 1.481073 1.003344 1.003344 1.218169 0.641748 0.499110 0.967907 0.818347 0.806821 0.999537 1.003426 1.200235 2.030958 2.031488 4.561788 1.013903 2.031148 6.735481 1.792121 1.708787 1.589036 1.356411 1.255706 1.144396 0.979237 0.917601 2.044377 2.044377 1.310968 3.396499 3.053159 1.823414 1.700397 1.396619 1.816992 1.762617 1.409274 1.689121 1.735229 1.541928 1.264195 1.050692 1.909612 1.840418 1.325546 1.142651 0.968634 0.000000 0.763305 0.451825 1.814073 1.384235 2.231695 4.219542 1.094435 1.598335 3.890973 8.273142 8.256981 7.859716 8.055543 1.779566 1.745337 1.779566 1.745337 1.409752 1.100195 1.236784 2.134870 2.356714
188 7.890123 2.304309 2.304309 2.304309 1.320129 2.621439 4.183427 4.183427 5.859734 10.010024 1.855137 1.874104 1.704096 1.625189 1.960130 1.470365 1.355215 1.471931 1.251632 4.015911 1.284839 0.808473 2.284547 2.241633 1.671798 1.748702 1.646802 1.744356 1.631414 1.666653 3.394804 3.394804 1.266406 1.266406 1.465370 1.464560 1.455764 1.276215 0.971620 1.132563 0.965382 0.773317 0.768496 0.768496 0.937554 0.997958 3.242455 3.120050 1.555757 1.311804 2.744137 2.864786 1.186375 1.265641 1.313631 1.121595 1.298044 3.092179 3.092179 3.092179 3.092179 3.092179 1.442613 2.042568 2.042568 3.320947 1.437302 1.387310 1.304267 1.061841 0.979630 1.660556 1.563538 1.579178 1.567572 1.365800 1.689266 1.606769 1.748737 1.485504 1.613851 2.590448 4.234264 1.722708 1.520220 1.023247 0.965896 1.249897 2.089983 2.119886 2.701818 2.701818 1.249897 0.415974 1.958921 4.125684 3.865890 2.127489 1.197856 2.264585 1.478919 1.300469 4.243586 4.221164 2.499541 1.732830 1.544282 3.512483 3.542457 3.448451 3.447039 3.345668 1.136564 1.136564 1.053646 1.079730 1.071974 1.283602 0.928249 0.737679 0.427046 0.730062 5.729619 5.716212 3.200948 0.990092 0.768496 0.967787 1.045201 1.045201 1.646822 1.059382 1.113177 1.042966 0.830378 0.800613 0.800613 4.786357 1.015331 1.157930 1.135113 1.135113 0.973446 0.838364 1.007785 1.521880 1.431420 1.435048 1.485789 0.650449 1.315734 2.526030 2.526984 4.933568 1.370080 2.526394 7.248860 1.454244 1.385741 1.287332 1.054864 0.983157 0.836328 0.763237 0.836328 1.871292 1.871292 1.787782 4.035636 3.452051 1.488502 1.386669 1.760042 1.530340 1.373965 1.330084 1.405818 1.371120 1.335323 1.212975 1.196945 1.644155 1.589343 0.973455 0.826127 0.762380 0.763305 0.000000 0.613355 2.062867 1.637628 2.608217 4.544125 1.175750 1.957914 3.962168 8.321254 8.305186 8.264619 8.506207 1.482277 1.441003 1.482277 1.441003 1.157967 1.194272 0.931367 2.155782 2.115421
189 7.346752 2.164710 2.164710 2.164710 1.144190 2.304800 3.992523 3.992523 5.725003 9.817799 2.056828 2.033919 1.269421 1.159941 2.142665 1.590252 1.470106 1.585846 1.450934 3.454776 1.413909 1.069897 2.277473 2.232012 1.854419 1.921482 1.851293 1.917527 1.808828 1.837439 2.846408 2.846408 1.067874 1.067874 1.298398 1.298490 1.592639 1.426213 1.161639 1.299253 1.156426 1.001688 0.991993 0.991993 1.094979 1.147123 3.348801 3.266407 1.740898 1.462689 2.903291 3.017583 1.277597 1.524988 1.397318 1.218543 1.395596 3.233780 3.233780 3.233780 3.233780 3.233780 1.601971 1.599022 1.599022 2.746543 1.630500 1.588149 1.460201 1.176564 1.071080 1.630808 1.702519 1.728733 1.666338 1.478111 1.829845 1.703264 1.837793 1.550389 1.829452 2.548655 4.140449 1.932327 1.740592 1.305228 1.251300 1.348543 1.980684 1.909087 2.539786 2.539786 1.348543 0.837825 1.574150 3.944182 3.671569 2.220699 1.391152 2.440360 1.695948 1.368265 4.363183 4.341379 2.667186 1.950283 1.784856 3.645507 3.674395 3.567510 3.549720 3.478232 1.319982 1.319982 1.243407 1.170295 1.162441 1.507820 1.127271 0.841203 0.702639 0.378259 5.830978 5.817805 3.345057 1.267870 0.991993 1.153290 1.009165 1.009165 1.374472 1.328841 1.086945 1.014920 0.920425 0.669338 0.669338 4.702981 1.116918 1.393802 0.997200 0.997200 1.213113 0.933129 0.843276 1.026072 0.886380 0.876935 0.923602 0.752458 1.140691 2.218266 2.218985 4.573203 1.163873 2.218534 6.743340 1.669149 1.599558 1.512083 1.310771 1.253787 1.142290 1.089915 1.142290 1.697292 1.697292 1.387693 3.494411 2.913890 1.714462 1.619507 1.384133 1.738542 1.602613 1.551966 1.610246 1.568712 1.455095 1.253704 1.038046 1.787288 1.730137 1.155527 0.860938 0.814703 0.451825 0.613355 0.000000 1.673768 1.499092 2.330935 4.149608 0.913502 1.876572 3.791621 8.089031 8.072501 8.006104 8.198436 1.703662 1.667876 1.703662 1.667876 1.403019 1.053748 1.193308 2.133379 2.305192
190 6.608075 1.717107 1.717107 1.717107 1.038197 1.525756 2.570109 2.570109 4.644381 8.297437 3.473058 3.449837 2.422824 2.016890 3.608737 2.830603 2.958296 2.804065 2.908203 2.819935 2.694840 2.446800 2.937175 2.827463 3.347268 3.413410 3.367240 3.422647 3.314273 3.345121 2.654621 2.654621 1.691354 1.691354 1.180284 1.180384 3.211024 3.064068 2.817038 2.919494 2.817603 2.569627 2.558901 2.558901 2.697775 2.762016 4.379071 4.291827 3.250831 3.068185 4.041438 4.174813 2.836354 3.140844 3.017003 2.857797 2.977192 4.280515 4.280515 4.280515 4.280515 4.280515 2.883862 2.405005 2.305731 2.794586 3.193755 3.163116 2.932798 2.680644 2.556664 2.580349 3.143585 2.976825 2.901018 2.701468 3.229740 3.084963 3.074889 2.926543 3.293570 3.350500 4.440595 3.409389 3.184499 2.877618 2.794984 2.846660 2.763376 2.747280 2.991738 2.991738 2.846660 2.115969 1.277291 2.550929 2.550929 2.173958 1.717743 3.801458 3.264850 3.003841 5.220447 5.186257 3.894043 3.328380 3.026183 4.608495 4.659445 4.510480 4.479061 4.321477 2.829798 2.829798 2.845466 2.672245 2.668815 3.050734 2.767470 2.495875 1.999092 1.646437 6.511809 6.495518 4.419762 2.860867 2.648703 2.807257 2.545201 2.545201 1.750786 2.983770 2.717264 2.640572 2.428676 2.062339 2.062339 4.882568 2.755631 2.999426 2.570998 2.570998 2.859736 2.360808 2.188715 1.960791 1.583961 1.555929 1.229755 2.331562 1.034340 1.490632 1.491701 3.014314 1.583482 1.491030 5.379904 3.265456 3.210282 3.149096 2.936997 2.891868 2.650873 2.583872 2.561148 1.614717 1.614717 1.330881 2.801579 2.002409 3.290809 3.213188 2.514055 3.298181 3.105686 3.037633 3.231379 3.130592 3.024996 2.838941 2.538385 3.325101 3.274974 2.743954 2.332953 2.416337 1.814073 2.062867 1.673768 0.000000 1.244310 1.407802 2.754896 2.151058 2.456551 3.136306 7.056644 6.961354 7.198620 7.327354 3.321782 3.283292 3.321782 3.283292 3.048555 2.632382 2.782318 3.381654 3.663049
191 7.556096 0.921076 0.921076 0.921076 0.683947 1.213085 2.670257 2.670257 4.284143 8.464855 3.247212 3.252099 2.471817 1.833728 3.441963 2.451846 2.874456 2.758857 2.798262 3.759585 2.551991 2.227907 2.970419 2.856332 3.081438 3.217426 3.080040 3.209059 3.062956 3.100147 3.568825 3.568825 1.928979 1.928979 1.016274 1.020237 2.987710 2.791811 2.423581 2.697252 2.494586 1.987903 1.980034 1.980034 2.319729 2.489886 4.317253 4.128659 2.935040 2.751368 3.807996 4.037097 2.323759 2.750777 2.794109 2.436482 2.684857 4.081628 4.081628 4.081628 4.081628 4.081628 2.898752 2.590984 2.304398 3.208874 3.024726 2.975226 2.747211 2.514845 2.301529 2.447367 3.021647 2.938404 2.902135 2.500439 3.027130 2.757933 3.118071 2.588992 3.079271 3.409661 4.436738 3.186623 2.979767 2.613933 2.566025 2.637062 2.036739 2.770249 2.504262 2.504262 2.637062 1.498597 1.432558 2.616236 2.336789 1.089095 1.044499 3.644001 3.022730 2.755726 5.154826 5.114486 3.732928 3.069147 2.651731 4.521484 4.573404 4.399445 4.385032 4.239245 2.637157 2.637157 2.487124 2.147384 2.141972 2.831973 2.254113 2.081586 1.413641 1.283651 6.478896 6.453470 4.278374 2.578450 2.307268 2.417132 2.031726 2.031726 1.321080 2.602887 2.488102 2.439828 1.914349 1.733794 1.733794 5.115500 2.420594 2.689264 2.355414 2.355414 2.454631 1.713502 1.661863 1.949948 1.570519 1.554445 1.480196 2.154962 0.685972 1.090429 1.089646 3.481221 1.082101 1.090075 6.063387 3.024051 2.948024 2.835578 2.561912 2.463030 2.175029 1.977969 1.824225 2.169344 2.169344 1.238665 3.227469 2.985474 3.038549 2.922615 2.566520 3.035691 2.915774 2.494880 2.953211 2.954905 2.806792 2.575088 2.369479 3.154549 3.090469 2.531050 2.259819 2.208024 1.384235 1.637628 1.499092 1.244310 0.000000 1.198751 3.463325 2.191772 1.776151 3.459800 7.756198 7.669605 7.251936 7.463727 3.034464 2.992280 3.034464 2.992280 2.657796 2.468571 2.414168 3.230737 3.411891
192 7.108116 1.161932 1.161932 1.161932 1.685256 0.852422 2.236339 2.236339 3.533217 7.779588 4.110268 4.088004 3.056626 2.379147 4.305843 3.212875 3.728086 3.562205 3.688502 3.675247 3.432887 3.201142 3.732844 3.642714 3.936298 4.082012 3.935203 4.061052 3.916881 3.946032 3.481984 3.481984 2.474770 2.474770 1.486582 1.489294 3.883501 3.703451 3.365626 3.584757 3.366099 2.850284 2.844802 2.844802 3.159462 3.356820 4.996779 4.812683 3.771470 3.608839 4.501798 4.771266 3.099448 3.651319 3.662885 3.257425 3.514325 4.735508 4.735508 4.735508 4.735508 4.735508 3.711524 3.159943 2.765319 3.184384 3.922586 3.869467 3.665262 3.449603 3.225632 3.331256 3.905272 3.757535 3.697768 3.232814 3.916384 3.559516 3.903130 3.430282 3.957121 4.147421 4.902043 4.076934 3.842654 3.566458 3.506914 3.588236 2.420971 3.491844 2.825619 2.825619 3.588236 2.484315 1.245199 2.171551 2.171551 1.713035 2.170240 4.463131 3.950155 3.601371 5.753044 5.711812 4.516811 3.956345 3.577294 5.198804 5.244022 5.043044 5.014962 4.884483 3.539761 3.539761 3.411667 2.969509 2.965597 3.718754 3.172863 2.943017 2.377332 2.089519 6.980891 6.948893 4.994430 3.540534 3.229729 3.360984 2.832485 2.832485 2.169175 3.516726 3.293630 3.230649 2.771509 2.456835 2.456835 5.584823 3.316821 3.658856 3.172802 3.172802 3.410973 2.672604 2.518965 2.333878 2.027614 2.015189 1.821162 2.986774 1.686079 0.666395 0.665114 2.737979 1.614914 0.665816 5.211111 3.965933 3.893286 3.778029 3.544372 3.439749 3.239769 3.034809 2.856195 2.574792 2.574792 1.830845 2.749362 2.482194 3.962273 3.843785 3.139915 3.930448 3.770372 3.318964 3.857012 3.843742 3.714757 3.431195 3.183257 4.027810 3.963100 3.461434 3.101220 3.081940 2.231695 2.608217 2.330935 1.407802 1.198751 0.000000 2.447069 2.937773 2.077043 2.955394 7.066194 6.971035 6.794535 6.930779 3.929500 3.897017 3.929500 3.897017 3.581792 3.231025 3.379430 3.889650 4.248178
193 5.843721 3.338638 3.338638 3.338638 3.660287 2.833678 2.855172 2.855172 3.954038 6.989932 5.851884 5.793105 4.619873 4.202451 5.982924 4.968747 5.333850 5.049562 5.311599 3.634654 5.062762 4.966393 5.073415 5.007472 5.689371 5.801192 5.713648 5.786463 5.677835 5.693808 3.537144 3.537144 3.792252 3.792252 3.235215 3.236462 5.631460 5.504520 5.283146 5.328846 5.184278 4.865206 4.857102 4.857102 5.011724 5.138425 6.460828 6.368652 5.578516 5.428184 6.137101 6.337413 5.065826 5.539167 5.433260 5.168598 5.334236 6.299217 6.299217 6.299217 6.299217 6.299217 5.161011 4.542706 4.277607 3.975501 5.596271 5.559167 5.357207 5.174923 5.004687 4.959604 5.524190 5.275176 5.187909 4.867442 5.625092 5.339125 5.336228 5.222061 5.691649 5.471774 5.916476 5.828519 5.557684 5.370427 5.273152 5.361530 4.456646 4.957421 4.513000 4.513000 5.361530 4.513669 2.745663 2.871763 3.521269 3.950293 4.214364 6.108794 5.728110 5.374306 7.106007 7.072667 6.148122 5.748955 5.494984 6.661667 6.697015 6.516968 6.471226 6.322978 5.294190 5.294190 5.308116 4.973055 4.970720 5.458495 5.167091 4.856350 4.394050 4.018965 8.166840 8.139505 6.550478 5.353247 5.092120 5.275683 4.828347 4.828347 4.234974 5.385933 5.061514 4.968800 4.732060 4.272594 4.272594 6.238013 5.201665 5.517148 4.973259 4.973259 5.336948 4.801677 4.583865 3.930522 3.756759 3.737359 3.373564 4.705716 3.660666 2.850927 2.850628 2.379222 3.575607 2.850792 3.965753 5.743146 5.684859 5.606554 5.443103 5.375562 5.249848 5.125901 5.022215 3.503378 3.503378 3.724654 3.255781 2.079773 5.748900 5.659486 4.698932 5.706207 5.456277 5.291730 5.650507 5.535814 5.473156 5.225495 4.946386 5.736079 5.682460 5.233060 4.739189 4.844990 4.219542 4.544125 4.149608 2.754896 3.463325 2.447069 0.000000 4.491586 4.007166 2.643845 5.218346 5.088749 6.484489 6.436246 5.722206 5.699949 5.722206 5.699949 5.467543 4.948936 5.261260 5.531772 6.000954
194 6.946981 2.635136 2.635136 2.635136 1.842020 2.752298 4.548804 4.548804 6.276753 10.317716 1.849401 1.742161 1.284571 1.550169 1.829884 1.178533 1.034719 0.978815 1.085389 3.186582 0.834113 0.913116 1.616239 1.636078 1.493507 1.667549 1.593305 1.660000 1.562275 1.558545 2.723175 2.723175 1.105061 1.105061 1.752040 1.748243 1.425109 1.315840 1.244080 1.213225 1.164046 1.325090 1.299601 1.299601 0.988486 0.927465 3.079389 3.054555 1.541084 1.242529 2.699408 2.752923 1.405003 1.464864 1.300426 1.300426 1.316855 2.994831 2.994831 2.994831 2.994831 2.994831 1.191739 1.069093 1.269099 2.568508 1.327682 1.288222 0.958706 0.822350 0.697031 1.059970 1.118683 1.206238 1.114978 1.085087 1.298555 1.254932 1.248848 1.024669 1.613417 1.746374 3.474498 1.727295 1.514081 1.246940 1.168373 0.957734 2.158373 1.166013 2.359754 2.359754 0.957734 1.331782 2.021512 4.547909 4.273323 2.752298 2.006051 2.161120 1.482546 1.182602 4.107661 4.096426 2.427456 1.834810 1.875305 3.393672 3.405599 3.336133 3.317103 3.265597 1.204098 1.204098 1.215309 1.326537 1.322814 1.309146 1.338934 1.126304 1.277904 1.132438 5.585953 5.577444 3.103897 1.269225 1.105130 1.216894 1.279382 1.279382 1.979950 1.268117 1.011806 0.956879 1.037472 0.898297 0.898297 3.995872 1.196272 1.340623 1.036406 1.036406 1.245541 1.407539 1.359013 1.316124 1.413978 1.380015 1.339991 0.894908 1.834786 2.746028 2.748148 5.063614 1.557169 2.746860 7.112859 1.500256 1.426167 1.387813 1.283226 1.271786 1.372805 1.414746 1.533703 1.731477 1.731477 2.049859 3.867142 3.012576 1.552057 1.453983 1.363998 1.468381 1.353419 1.525282 1.404938 1.291777 1.095656 0.942741 0.842172 1.536181 1.456756 1.072623 0.650052 0.686038 1.094435 1.175750 0.913502 2.151058 2.191772 2.937773 4.491586 0.000000 2.083267 3.850064 8.033040 8.049651 7.845180 8.041361 1.509292 1.491341 1.509292 1.491341 1.277410 0.927857 1.053833 1.954372 2.116299
195 7.457895 1.609320 1.609320 1.609320 2.134399 1.878005 4.036270 4.036270 4.875847 9.536933 3.126788 3.046149 2.501190 2.045329 3.263242 1.686089 2.710559 2.455357 2.700434 4.085394 2.323143 2.344939 2.737809 2.737792 2.727213 3.062064 2.776701 3.000063 2.827702 2.826695 3.755278 3.755278 2.053304 2.053304 1.548242 1.549008 2.853537 2.673508 2.358175 2.607991 2.298206 1.696087 1.678022 1.678022 1.927379 2.236254 4.193635 3.972684 2.622580 2.422538 3.531447 3.855816 1.850308 2.521317 2.699051 2.116359 2.477965 3.790379 3.790379 3.790379 3.790379 3.790379 2.782810 2.438612 1.899625 3.036203 2.859160 2.783919 2.528159 2.489360 2.138818 2.314077 2.749993 2.744137 2.716043 2.038255 2.729777 2.183619 2.911388 2.012447 2.964997 3.036431 3.789732 3.090913 2.845775 2.643637 2.601479 2.568831 0.867929 2.464592 1.365781 1.365781 2.568831 1.658882 1.623795 4.030091 3.763705 1.689971 2.206655 3.471354 2.921866 2.514840 5.012008 4.985246 3.603536 3.060452 2.848448 4.421996 4.431156 4.260701 4.250402 4.193594 2.669862 2.669862 2.398068 1.820785 1.815380 2.708088 2.085222 1.954820 1.612804 1.576154 6.359727 6.324586 4.141984 2.620813 2.270244 2.345215 1.733768 1.733768 2.355179 2.367289 2.292038 2.258772 1.517092 1.421011 1.421011 4.682924 2.374367 2.698577 2.325796 2.325796 2.369358 1.822453 1.820315 1.830124 1.901712 1.874548 1.831410 2.176393 2.133214 1.863402 1.863900 4.678969 0.930739 1.863578 6.930277 2.959177 2.854162 2.698520 2.512583 2.362704 2.418579 2.136231 1.873839 2.594858 2.594858 2.412316 3.834218 3.307564 2.953730 2.782108 2.590921 2.810329 2.728330 1.968533 2.747183 2.806182 2.624039 2.291035 2.284562 3.031240 2.934597 2.570167 2.274216 2.143193 1.598335 1.957914 1.876572 2.456551 1.776151 2.077043 4.007166 2.083267 0.000000 3.163272 7.714986 7.732281 6.875887 7.120823 2.803375 2.793752 2.803375 2.793752 2.393711 2.275192 2.281015 2.986984 3.266881
196 6.504739 3.188804 3.188804 3.188804 3.656660 3.189118 4.001814 4.001814 4.847363 8.514178 5.163824 5.073577 4.558637 4.325343 5.232820 3.849248 4.516796 3.925226 4.431482 4.310578 4.062726 4.187504 3.907095 3.907083 4.853131 5.105911 4.928398 5.068971 4.953319 4.944934 3.993276 3.993276 3.001877 3.001877 2.681838 2.682281 4.964129 4.854919 4.688666 4.636171 4.469253 4.191561 4.175035 4.175035 4.223373 4.372976 5.858192 5.722570 4.839152 4.696740 5.425560 5.642065 4.446022 4.821339 4.868845 4.571625 4.749852 5.576794 5.576794 5.576794 5.576794 5.576794 4.145515 4.264035 3.980420 4.425349 4.765970 4.721216 4.455214 4.450512 4.218785 4.089394 4.584737 4.288641 4.250145 3.852444 4.758063 4.447512 4.377559 4.303597 4.965863 4.398995 4.652694 5.142180 4.790339 4.673085 4.538383 4.675667 3.913441 4.243517 3.714644 3.714644 4.675667 3.809531 2.656493 4.072241 4.628986 3.462373 3.823587 5.386639 5.019327 4.736661 6.487357 6.466704 5.472756 5.131466 5.007917 6.036748 6.043461 5.909735 5.892405 5.695185 4.662974 4.662974 4.700640 4.407584 4.405354 4.703638 4.565968 4.275517 3.762612 3.652277 7.638984 7.609754 5.921485 4.660211 4.446253 4.673898 4.345543 4.345543 4.518206 4.617145 4.501796 4.387450 4.003344 3.577520 3.577520 4.798092 4.688399 4.886740 4.588396 4.588396 4.698513 4.408274 4.354032 3.800465 3.835451 3.801774 3.351801 4.045773 3.655968 3.276325 3.276608 4.443626 3.010532 3.276425 6.539137 5.048800 4.972452 4.884777 4.768385 4.691140 4.719528 4.581256 4.464940 2.718699 2.718699 4.216457 4.884209 2.965306 5.060908 4.947098 4.636727 4.939603 4.620641 4.502258 4.913748 4.744524 4.755250 4.554329 4.508005 5.075986 5.003444 4.589804 4.023082 4.182243 3.890973 3.962168 3.791621 3.136306 3.459800 2.955394 2.643845 3.850064 3.163272 0.000000 4.597062 4.626027 6.196262 6.394292 4.966878 4.961453 4.966878 4.961453 4.706833 4.449816 4.505389 5.088717 5.346070
197 6.836153 7.475492 7.475492 7.475492 7.845990 7.306961 7.087950 7.087950 7.597463 8.876260 9.347916 9.248216 8.689498 8.569411 9.369719 8.217230 8.666763 8.046105 8.584492 7.125803 8.251504 8.424499 7.795808 7.795802 9.095337 9.290990 9.186353 9.270741 9.191208 9.178273 7.119388 7.119388 7.184721 7.184721 7.056997 7.057165 9.188497 9.121486 9.034094 8.881227 8.795244 8.657441 8.640509 8.640509 8.605739 8.680137 9.724616 9.675788 9.130188 9.012590 9.503145 9.628394 8.892935 9.163174 9.120167 8.965018 9.057201 9.566078 9.566078 9.566078 9.566078 9.566078 8.200520 8.267260 8.124613 8.047527 8.941298 8.917523 8.655439 8.661669 8.499559 8.213202 8.722815 8.371761 8.324072 8.128208 8.941813 8.753841 8.389843 8.619048 9.162119 8.222580 7.975597 9.335977 8.988780 8.926844 8.775757 8.897970 8.411721 8.257872 7.998975 7.998975 8.897970 8.245239 6.946489 7.214195 8.116998 7.837907 8.080936 9.480978 9.243822 9.016057 10.146865 10.133673 9.530169 9.338363 9.271047 9.857017 9.861129 9.763798 9.737328 9.501892 8.886552 8.886552 9.031759 8.847606 8.846495 8.934159 8.979641 8.662495 8.190438 8.024660 10.977539 10.957218 9.859831 8.920111 8.774774 9.017870 8.781443 8.781443 8.726725 8.960660 8.796112 8.673554 8.449640 7.991217 7.991217 7.509075 9.016555 9.164005 8.869050 8.869050 9.047892 8.847949 8.750101 8.046696 8.063279 8.028078 7.545174 8.324028 7.845668 7.429162 7.429287 6.998836 7.484301 7.429206 7.953735 9.268204 9.210063 9.163025 9.084506 9.044199 9.058956 8.987694 8.928966 6.641473 6.641473 8.319187 8.234436 6.166923 9.291461 9.213197 8.761690 9.183956 8.827340 8.943330 9.178436 8.938471 8.991780 8.852022 8.766211 9.257761 9.201398 8.830886 8.238289 8.469580 8.273142 8.321254 8.089031 7.056644 7.756198 7.066194 5.218346 8.033040 7.714986 4.597062 0.000000 0.516869 7.235901 7.235901 9.232211 9.229293 9.232211 9.229293 9.052349 8.716290 8.833855 9.249540 9.525373
198 6.889562 7.385609 7.385609 7.385609 7.760399 7.214978 6.838570 6.838570 7.365355 8.428555 9.376451 9.284082 8.704857 8.553809 9.411482 8.257576 8.704841 8.087304 8.615556 7.088213 8.275751 8.422914 7.807793 7.794089 9.137419 9.326692 9.226167 9.310194 9.227296 9.218121 7.151026 7.151026 7.191782 7.191782 7.014470 7.014639 9.224769 9.150728 9.048868 8.911257 8.825567 8.672856 8.655955 8.655955 8.636727 8.710860 9.758731 9.703359 9.166516 9.049390 9.539845 9.666387 8.922925 9.192283 9.149413 8.994768 9.086649 9.604318 9.604318 9.604318 9.604318 9.604318 8.240947 8.283402 8.141038 8.064108 8.982198 8.958532 8.686250 8.677077 8.515261 8.213202 8.764735 8.407298 8.359812 8.164806 8.975094 8.793668 8.434431 8.653570 9.191232 8.255006 8.009024 9.364549 9.018451 8.941795 8.790965 8.912969 8.427586 8.274032 8.015657 8.015657 8.912969 8.229022 6.927233 6.969334 7.900168 7.752227 7.997860 9.521805 9.272678 9.052843 10.179565 10.163051 9.561402 9.352656 9.256628 9.884082 9.894774 9.791122 9.764726 9.515939 8.901571 8.901571 9.046537 8.862690 8.861581 8.964011 8.994504 8.677901 8.174113 8.007997 11.004664 10.984394 9.890023 8.935073 8.789983 9.032670 8.796641 8.796641 8.649853 8.990425 8.826431 8.704301 8.465433 8.007915 8.007915 7.553204 9.031358 9.178570 8.884098 8.884098 9.062643 8.832839 8.734822 8.063279 8.046696 8.011422 7.527450 8.340060 7.760073 7.338711 7.338838 6.746163 7.466432 7.338756 7.732329 9.296984 9.239024 9.192135 9.099197 9.058956 9.044199 8.972820 8.913994 6.621330 6.621330 8.238514 8.152923 6.145225 9.320169 9.242148 8.776922 9.220072 8.864909 8.973152 9.214574 8.975574 9.021442 8.882151 8.781435 9.293590 9.237446 8.845999 8.254488 8.485337 8.256981 8.305186 8.072501 6.961354 7.669605 6.971035 5.088749 8.049651 7.732281 4.626027 0.516869 0.000000 7.143003 7.143003 9.271741 9.265232 9.271741 9.265232 9.081813 8.746886 8.848963 9.285401 9.553379
199 6.933587 6.414838 6.414838 6.414838 7.598323 6.267407 6.599647 6.599647 6.006074 8.148257 9.259118 9.124478 8.396146 7.941828 9.370416 7.670163 8.759824 8.145493 8.733825 6.812869 8.052113 8.309925 7.197833 7.151780 8.841972 9.238255 9.001463 9.203641 9.037148 9.023497 8.100213 8.100213 7.737557 7.737557 7.144849 7.145347 9.119461 8.965907 8.725180 8.917535 8.725363 8.317707 8.287176 8.287176 8.338699 8.525875 9.751087 9.565075 8.896579 8.739566 9.338364 9.618198 8.443688 8.936138 9.010944 8.640024 8.845746 9.376821 9.376821 9.376821 9.376821 9.376821 8.661228 7.543363 7.129016 7.129016 9.021627 8.972537 8.448197 8.479665 8.134118 7.445705 8.609067 8.514779 8.474794 8.024393 8.545115 8.161492 8.627101 7.898775 9.140710 7.468220 5.844278 9.270076 9.013358 8.900382 8.822932 8.508848 7.166377 7.262028 6.107748 6.107748 8.508848 8.010843 7.173127 6.861149 6.861149 6.912853 7.800729 9.507169 9.138078 8.826743 10.150302 10.115438 9.495167 9.192264 8.931488 9.835674 9.859650 9.674008 9.651329 9.500798 8.871603 8.871603 8.714909 8.311118 8.309757 8.957584 8.571844 8.442949 7.961503 7.820801 10.923647 10.881759 9.754638 8.890627 8.646198 8.696080 8.245243 8.245243 7.863104 8.774889 8.633906 8.610077 7.959419 7.825575 7.825575 6.296438 8.742697 8.960201 8.570431 8.570431 8.724172 8.210516 8.123632 7.930766 7.846099 7.782078 7.547138 8.484141 7.598419 6.542336 6.542251 6.599663 7.067739 6.542295 7.876230 9.196933 9.088278 8.987806 8.785381 8.690047 8.612848 8.427604 8.252375 7.592902 7.592902 7.797734 7.584886 7.050016 9.221060 9.067317 8.512400 9.025342 8.956789 8.420058 9.042631 9.009719 8.727920 8.483396 8.377377 9.231852 9.126382 8.787474 8.354807 8.348639 7.859716 8.264619 8.006104 7.198620 7.251936 6.794535 6.484489 7.845180 6.875887 6.196262 7.235901 7.143003 0.000000 0.789511 9.130205 9.116272 9.130205 9.116272 8.746783 8.536564 8.499584 9.017950 9.346568
200 6.516492 6.653329 6.653329 6.653329 7.800715 6.414856 6.739831 6.739831 6.159782 8.109918 9.491815 9.352195 8.504487 8.056280 9.600416 7.949509 8.988111 8.409064 8.980144 6.726547 8.318643 8.568439 7.494804 7.450587 9.085360 9.463235 9.240651 9.429447 9.267011 9.253700 8.054393 8.054393 7.941306 7.941306 7.365013 7.365496 9.338961 9.189076 8.954351 9.141885 8.954529 8.557797 8.528125 8.528125 8.575930 8.758037 9.956673 9.790503 9.129982 8.968369 9.569134 9.842410 8.662322 9.177029 9.216132 8.853812 9.054678 9.606668 9.606668 9.606668 9.606668 9.606668 8.909554 7.666310 7.258984 7.085163 9.260294 9.212476 8.702605 8.715294 8.379470 7.712986 8.858856 8.767255 8.715026 8.277707 8.796720 8.410677 8.863206 8.155991 9.376347 7.734723 6.181199 9.502505 9.252238 9.142215 9.066831 8.743690 7.380623 7.473533 6.357769 6.357769 8.743690 8.276348 7.302311 6.996096 6.996096 7.221553 8.075560 9.733939 9.373781 9.036114 10.363007 10.328861 9.722217 9.426612 9.172501 10.055038 10.078491 9.889080 9.858995 9.727716 9.097086 9.097086 8.944343 8.533150 8.531825 9.193676 8.805007 8.661602 8.212013 8.017578 11.121571 11.080432 9.975783 9.132718 8.877408 8.925998 8.450582 8.450582 8.020082 9.020087 8.830211 8.806914 8.200497 8.041637 8.041637 6.633885 8.954034 9.196226 8.750367 8.750367 8.962066 8.435196 8.313244 8.047796 7.964374 7.901311 7.670024 8.701759 7.800809 6.683722 6.683639 6.552269 7.284887 6.683682 7.511661 9.431165 9.325239 9.227348 9.030294 8.937573 8.862530 8.682615 8.512637 7.795435 7.795435 7.916732 7.460597 7.005669 9.454694 9.304812 8.621539 9.263913 9.197139 8.673046 9.276559 9.244481 8.957020 8.701033 8.561372 9.448742 9.345720 9.015061 8.575708 8.569699 8.055543 8.506207 8.198436 7.327354 7.463727 6.930779 6.436246 8.041361 7.120823 6.394292 7.235901 7.143003 0.789511 0.000000 9.366106 9.352524 9.366106 9.352524 8.992748 8.717200 8.752498 9.189127 9.577141
201 8.250025 3.605464 3.605464 3.605464 2.706251 3.857839 5.589852 5.589852 7.198824 11.412075 0.873576 0.864342 1.772363 2.201164 0.738924 1.583440 0.695704 1.435503 0.826554 4.521643 1.325773 1.170166 2.530965 2.592044 0.664528 0.577831 0.577371 0.554793 0.563839 0.566724 3.763288 3.763288 2.179262 2.179262 2.794232 2.789131 0.569342 0.576173 0.783745 0.646902 0.731707 1.279087 1.281989 1.281989 0.890523 0.665051 2.454708 2.436646 0.653850 0.450717 2.033462 2.011540 1.126124 0.400885 0.516121 0.856756 0.578223 2.412590 2.412590 2.412590 2.412590 2.412590 1.266560 2.190144 2.394166 3.634827 0.587602 0.521562 0.928419 0.889521 1.123968 1.979191 0.878491 1.197632 1.206746 1.384405 0.942430 1.166107 1.228203 1.293153 0.632899 2.430533 4.361923 0.633132 0.685586 0.570408 0.676229 0.833124 2.647108 2.198328 3.231788 3.231788 0.833124 1.694564 3.072757 5.535153 5.179926 3.434375 2.591147 1.196556 0.281777 0.515062 3.551238 3.550743 1.633705 0.962110 1.331929 2.791697 2.785924 2.781645 2.786892 2.826938 0.608792 0.608792 0.609094 1.193122 1.192967 0.410776 1.032582 1.128746 1.754878 1.914149 5.095551 5.091964 2.404896 0.743186 0.841544 0.788473 1.366987 1.366987 2.603327 0.532197 0.796150 0.835904 1.389269 1.627020 1.627020 4.930218 0.732914 0.522302 1.034524 1.034524 0.675760 1.522557 1.683966 2.084244 2.252896 2.268988 2.441868 1.106953 2.697464 3.771894 3.774695 6.217705 2.540308 3.773003 8.247397 0.414992 0.464429 0.527109 0.704434 0.764141 1.146899 1.290781 1.500226 2.844095 2.844095 2.841744 4.799583 4.286502 0.270230 0.209275 1.680431 0.317251 0.543404 1.095013 0.135976 0.406749 0.511037 0.703524 1.047181 0.402862 0.362918 0.669192 1.123461 0.965640 1.779566 1.482277 1.703662 3.321782 3.034464 3.929500 5.722206 1.509292 2.803375 4.966878 9.232211 9.271741 9.130205 9.366106 0.000000 0.064609 0.000000 0.064609 0.486801 0.967034 0.751697 1.454126 1.185936
202 8.250290 3.570033 3.570033 3.570033 2.658865 3.824748 5.543019 5.543019 7.162519 11.365728 0.861780 0.861924 1.757101 2.173584 0.746187 1.582122 0.692408 1.434049 0.814077 4.504576 1.311680 1.130792 2.518313 2.574508 0.671004 0.574207 0.581147 0.558722 0.560125 0.570570 3.759191 3.759191 2.162085 2.162085 2.765080 2.759925 0.566019 0.558126 0.748593 0.630881 0.717582 1.257855 1.260806 1.260806 0.878954 0.649478 2.453858 2.432442 0.650650 0.446063 2.033487 2.012627 1.116998 0.374484 0.495894 0.844725 0.560242 2.413497 2.413497 2.413497 2.413497 2.413497 1.264911 2.177812 2.382891 3.627410 0.591313 0.525739 0.917328 0.858710 1.099745 1.957022 0.880977 1.192308 1.201462 1.379803 0.935656 1.166150 1.230851 1.288224 0.616515 2.426319 4.359575 0.616754 0.670490 0.521057 0.635154 0.800144 2.636914 2.186043 3.223444 3.223444 0.800144 1.658581 3.053061 5.487854 5.129352 3.397160 2.541616 1.200610 0.242750 0.510993 3.550650 3.548951 1.629807 0.933698 1.285839 2.788028 2.785174 2.777963 2.783217 2.817395 0.562817 0.562817 0.563143 1.170331 1.170173 0.385053 1.006162 1.104627 1.720158 1.882369 5.094302 5.090715 2.402249 0.706017 0.808907 0.753541 1.347141 1.347141 2.554032 0.512604 0.783189 0.823568 1.369746 1.610382 1.610382 4.929795 0.695196 0.467904 1.008154 1.008154 0.634654 1.482406 1.647753 2.071282 2.225957 2.242243 2.417036 1.082350 2.649921 3.738042 3.740868 6.175635 2.516448 3.739160 8.215727 0.389548 0.441842 0.507320 0.665103 0.728043 1.093035 1.243167 1.459461 2.822804 2.822804 2.796655 4.773025 4.272405 0.229246 0.152727 1.664327 0.310603 0.539549 1.085625 0.119647 0.401585 0.490600 0.688822 1.021139 0.397648 0.357121 0.627656 1.099227 0.937335 1.745337 1.441003 1.667876 3.283292 2.992280 3.897017 5.699949 1.491341 2.793752 4.961453 9.229293 9.265232 9.116272 9.352524 0.064609 0.000000 0.064609 0.000000 0.465301 0.956391 0.714971 1.452690 1.177273
203 8.250025 3.605464 3.605464 3.605464 2.706251 3.857839 5.589852 5.589852 7.198824 11.412075 0.873576 0.864342 1.772363 2.201164 0.738924 1.583440 0.695704 1.435503 0.826554 4.521643 1.325773 1.170166 2.530965 2.592044 0.664528 0.577831 0.577371 0.554793 0.563839 0.566724 3.763288 3.763288 2.179262 2.179262 2.794232 2.789131 0.569342 0.576173 0.783745 0.646902 0.731707 1.279087 1.281989 1.281989 0.890523 0.665051 2.454708 2.436646 0.653850 0.450717 2.033462 2.011540 1.126124 0.400885 0.516121 0.856756 0.578223 2.412590 2.412590 2.412590 2.412590 2.412590 1.266560 2.190144 2.394166 3.634827 0.587602 0.521562 0.928419 0.889521 1.123968 1.979191 0.878491 1.197632 1.206746 1.384405 0.942430 1.166107 1.228203 1.293153 0.632899 2.430533 4.361923 0.633132 0.685586 0.570408 0.676229 0.833124 2.647108 2.198328 3.231788 3.231788 0.833124 1.694564 3.072757 5.535153 5.179926 3.434375 2.591147 1.196556 0.281777 0.515062 3.551238 3.550743 1.633705 0.962110 1.331929 2.791697 2.785924 2.781645 2.786892 2.826938 0.608792 0.608792 0.609094 1.193122 1.192967 0.410776 1.032582 1.128746 1.754878 1.914149 5.095551 5.091964 2.404896 0.743186 0.841544 0.788473 1.366987 1.366987 2.603327 0.532197 0.796150 0.835904 1.389269 1.627020 1.627020 4.930218 0.732914 0.522302 1.034524 1.034524 0.675760 1.522557 1.683966 2.084244 2.252896 2.268988 2.441868 1.106953 2.697464 3.771894 3.774695 6.217705 2.540308 3.773003 8.247397 0.414992 0.464429 0.527109 0.704434 0.764141 1.146899 1.290781 1.500226 2.844095 2.844095 2.841744 4.799583 4.286502 0.270230 0.209275 1.680431 0.317251 0.543404 1.095013 0.135976 0.406749 0.511037 0.703524 1.047181 0.402862 0.362918 0.669192 1.123461 0.965640 1.779566 1.482277 1.703662 3.321782 3.034464 3.929500 5.722206 1.509292 2.803375 4.966878 9.232211 9.271741 9.130205 9.366106 0.000000 0.064609 0.000000 0.064609 0.486801 0.967034 0.751697 1.454126 1.185936
204 8.250290 3.570033 3.570033 3.570033 2.658865 3.824748 5.543019 5.543019 7.162519 11.365728 0.861780 0.861924 1.757101 2.173584 0.746187 1.582122 0.692408 1.434049 0.814077 4.504576 1.311680 1.130792 2.518313 2.574508 0.671004 0.574207 0.581147 0.558722 0.560125 0.570570 3.759191 3.759191 2.162085 2.162085 2.765080 2.759925 0.566019 0.558126 0.748593 0.630881 0.717582 1.257855 1.260806 1.260806 0.878954 0.649478 2.453858 2.432442 0.650650 0.446063 2.033487 2.012627 1.116998 0.374484 0.495894 0.844725 0.560242 2.413497 2.413497 2.413497 2.413497 2.413497 1.264911 2.177812 2.382891 3.627410 0.591313 0.525739 0.917328 0.858710 1.099745 1.957022 0.880977 1.192308 1.201462 1.379803 0.935656 1.166150 1.230851 1.288224 0.616515 2.426319 4.359575 0.616754 0.670490 0.521057 0.635154 0.800144 2.636914 2.186043 3.223444 3.223444 0.800144 1.658581 3.053061 5.487854 5.129352 3.397160 2.541616 1.200610 0.242750 0.510993 3.550650 3.548951 1.629807 0.933698 1.285839 2.788028 2.785174 2.777963 2.783217 2.817395 0.562817 0.562817 0.563143 1.170331 1.170173 0.385053 1.006162 1.104627 1.720158 1.882369 5.094302 5.090715 2.402249 0.706017 0.808907 0.753541 1.347141 1.347141 2.554032 0.512604 0.783189 0.823568 1.369746 1.610382 1.610382 4.929795 0.695196 0.467904 1.008154 1.008154 0.634654 1.482406 1.647753 2.071282 2.225957 2.242243 2.417036 1.082350 2.649921 3.738042 3.740868 6.175635 2.516448 3.739160 8.215727 0.389548 0.441842 0.507320 0.665103 0.728043 1.093035 1.243167 1.459461 2.822804 2.822804 2.796655 4.773025 4.272405 0.229246 0.152727 1.664327 0.310603 0.539549 1.085625 0.119647 0.401585 0.490600 0.688822 1.021139 0.397648 0.357121 0.627656 1.099227 0.937335 1.745337 1.441003 1.667876 3.283292 2.992280 3.897017 5.699949 1.491341 2.793752 4.961453 9.229293 9.265232 9.116272 9.352524 0.064609 0.000000 0.064609 0.000000 0.465301 0.956391 0.714971 1.452690 1.177273
205 8.138415 3.186650 3.186650 3.186650 2.377465 3.468906 5.253876 5.253876 6.805089 11.075586 1.168842 1.144357 1.642980 1.929200 1.140246 1.272879 0.782343 1.312222 0.842368 4.374187 1.116038 0.940042 2.311901 2.350341 0.820770 0.946430 0.801254 0.914558 0.821372 0.829628 3.715770 3.715770 1.961305 1.961305 2.458404 2.455313 0.650943 0.500482 0.447613 0.580507 0.469122 0.868628 0.864339 0.864339 0.526986 0.401001 2.741941 2.668227 0.780313 0.374893 2.240482 2.300965 0.815137 0.373099 0.573736 0.573736 0.588272 2.615251 2.615251 2.615251 2.615251 2.615251 1.283650 1.983369 2.097953 3.446932 0.710363 0.630739 0.767705 0.703145 0.780043 1.675401 0.897614 1.251812 1.260534 1.234173 0.966024 1.002130 1.352202 0.987628 0.926059 2.316073 4.131340 0.972662 0.915894 0.529105 0.618173 0.663734 2.262046 1.959538 2.837013 2.837013 0.663734 1.303993 2.782727 5.207553 4.828284 3.010690 2.244460 1.554715 0.607464 0.456195 3.811560 3.803947 1.923675 1.177516 1.343108 3.056836 3.059436 3.018750 3.023586 3.034606 0.682960 0.682960 0.397760 0.866842 0.861822 0.602596 0.625967 0.764727 1.357200 1.557678 5.344601 5.335707 2.676230 0.597817 0.528612 0.439231 0.986022 0.986022 2.286908 0.190047 0.621884 0.672027 0.940734 1.265744 1.265744 4.755119 0.510871 0.448015 0.843358 0.843358 0.312514 1.125229 1.326190 1.853250 1.992196 1.998815 2.181060 0.896324 2.371315 3.394078 3.395968 5.919589 2.149653 3.394821 8.031618 0.619652 0.541050 0.437552 0.405720 0.367941 0.818345 0.886905 1.066461 2.656402 2.656402 2.556941 4.585933 4.107803 0.634237 0.475795 1.630694 0.608119 0.751298 0.838906 0.409705 0.622194 0.478139 0.478099 0.864007 0.806029 0.728631 0.560821 0.944997 0.690027 1.409752 1.157967 1.403019 3.048555 2.657796 3.581792 5.467543 1.277410 2.393711 4.706833 9.052349 9.081813 8.746783 8.992748 0.486801 0.465301 0.486801 0.465301 0.000000 0.809310 0.376764 1.623580 1.453854
206 7.501167 3.031009 3.031009 3.031009 2.164397 3.133148 5.003816 5.003816 6.613939 10.812872 1.494681 1.421831 0.879051 1.336954 1.459271 1.484610 0.926708 1.460153 1.098276 3.734018 1.319911 1.174863 2.407957 2.439676 1.216484 1.243410 1.203403 1.219325 1.151082 1.156988 2.967538 2.967538 1.673348 1.673348 2.236460 2.234443 0.842594 0.732611 0.697564 0.732611 0.647925 0.976855 0.973043 0.973043 0.708880 0.620965 2.896674 2.881592 1.122153 0.736537 2.473671 2.528582 0.841691 0.923477 0.591632 0.591632 0.672138 2.831248 2.831248 2.831248 2.831248 2.831248 1.414474 1.434443 1.589112 2.740785 1.023164 0.975526 1.069201 0.858236 0.909660 1.739535 1.188918 1.463390 1.389127 1.365251 1.312991 1.249504 1.472813 1.199934 1.276016 2.399326 4.183754 1.326633 1.251495 0.927777 0.959011 0.892302 2.130146 1.805674 2.733004 2.733004 0.892302 1.431249 2.319003 4.955390 4.592997 3.056283 2.305259 1.829406 1.041601 0.482520 3.991970 3.984702 2.173173 1.501474 1.634570 3.255428 3.257870 3.195401 3.175527 3.221163 0.895072 0.895072 0.738057 0.911111 0.904206 0.965189 0.811657 0.673491 1.373502 1.239308 5.506759 5.498127 2.895149 0.932084 0.692215 0.692215 0.796962 0.796962 1.989438 0.793306 0.212048 0.258052 0.963784 1.024085 1.024085 4.794103 0.534511 0.877976 0.308052 0.308052 0.756394 1.122497 1.057232 1.172104 1.381352 1.388106 1.604933 0.760706 2.159604 3.051864 3.053334 5.476747 1.915186 3.052437 7.380198 1.014739 0.957529 0.891056 0.875864 0.859017 1.127926 1.178614 1.319040 2.397845 2.397845 2.122150 3.905943 3.439079 1.056344 0.969530 0.937793 1.059237 1.089433 1.190370 0.879030 0.951553 0.774406 0.536658 0.427323 1.040423 0.981682 0.746108 0.832917 0.602806 1.100195 1.194272 1.053748 2.632382 2.468571 3.231025 4.948936 0.927857 2.275192 4.449816 8.716290 8.746886 8.536564 8.717200 0.967034 0.956391 0.967034 0.956391 0.809310 0.000000 0.868592 1.536944 1.756853
207 7.980316 2.938286 2.938286 2.938286 2.101565 3.242250 4.966642 4.966642 6.585860 10.785766 1.267674 1.242652 1.646104 1.861513 1.277418 1.125687 0.749450 1.113916 0.731597 4.176090 0.847912 0.597876 2.024176 2.042211 0.924617 1.089153 0.955618 1.077560 0.964103 0.979531 3.626181 3.626181 1.735868 1.735868 2.204568 2.201066 0.840252 0.669440 0.514246 0.669440 0.575533 0.855628 0.840729 0.840729 0.511400 0.380286 2.798197 2.714022 0.929372 0.587730 2.313393 2.375619 0.946111 0.621243 0.760647 0.760647 0.769552 2.670614 2.670614 2.670614 2.670614 2.670614 1.156721 1.846176 1.968761 3.369860 0.790424 0.719403 0.599943 0.469679 0.496327 1.372258 0.820716 1.110422 1.120246 1.090499 0.903035 0.968416 1.253553 0.858113 1.010710 2.101273 3.912293 1.090391 0.961185 0.486853 0.510175 0.484104 2.216003 1.739835 2.689959 2.689959 0.484104 1.075164 2.620738 4.932096 4.567856 2.772337 1.949853 1.671575 0.749761 0.671713 3.851111 3.839125 1.996053 1.229477 1.289130 3.093577 3.106656 3.055949 3.060726 3.023799 0.648835 0.648835 0.447892 0.890876 0.886076 0.671753 0.688845 0.750423 1.139631 1.372271 5.374277 5.365432 2.738808 0.563143 0.489055 0.489055 1.009202 1.009202 2.098422 0.413774 0.722379 0.737196 0.816285 1.119681 1.119681 4.513744 0.599027 0.512719 0.869631 0.869631 0.377716 1.022006 1.239993 1.808811 1.881210 1.878825 2.013527 0.772689 2.094527 3.184486 3.186524 5.666164 1.943261 3.185287 7.855809 0.773070 0.686698 0.609181 0.418331 0.381802 0.642593 0.727900 0.938391 2.392337 2.392337 2.370158 4.484472 3.942188 0.805603 0.661392 1.648879 0.768797 0.809894 0.917593 0.653795 0.711820 0.512306 0.512268 0.815238 0.970866 0.887761 0.486778 0.736863 0.498269 1.236784 0.931367 1.193308 2.782318 2.414168 3.379430 5.261260 1.053833 2.281015 4.505389 8.833855 8.848963 8.499584 8.752498 0.751697 0.714971 0.751697 0.714971 0.376764 0.868592 0.000000 1.737401 1.559185
208 7.895618 3.725243 3.725243 3.725243 2.999073 3.813271 5.568674 5.568674 7.050968 11.228465 0.971813 0.891790 1.882623 2.191503 1.180271 2.030364 1.657556 2.226178 1.873028 4.275624 2.111250 1.978476 3.068114 3.161206 1.130428 1.074731 1.054434 1.038771 0.990729 1.001137 3.641658 3.641658 2.656605 2.656605 3.059738 3.043404 1.844426 1.812468 1.816618 1.859584 1.827879 1.985136 1.989251 1.989251 1.627791 1.591474 1.548827 1.530860 0.956964 1.276865 1.168547 1.277434 1.545705 1.352698 1.531992 1.531992 1.096398 1.480581 1.480581 1.480581 1.480581 1.480581 2.197639 2.317928 2.416700 3.290450 1.893492 1.822114 1.973110 1.852778 1.995653 2.610980 1.822546 1.710528 1.647444 1.627362 1.440767 1.374079 1.707638 1.821592 1.125152 2.692259 4.477787 1.124111 1.156751 1.688518 1.744737 1.716547 2.586088 2.493904 3.229305 3.229305 1.716547 2.347779 3.074988 5.504866 5.113827 3.724915 3.107739 1.033299 1.448889 1.495483 2.580185 2.572171 1.061829 1.003081 1.246570 1.908290 1.904118 1.803980 1.768539 1.937266 1.352093 1.352093 1.381560 1.461998 1.477014 1.376011 1.931796 1.929622 2.409030 2.335124 4.052042 4.040304 1.552340 1.969540 1.868012 1.821114 1.863449 1.863449 2.698411 1.709178 1.528699 1.563667 2.043786 2.134584 2.134584 5.300755 1.521505 1.687511 1.567226 1.567226 1.712727 1.986035 1.993006 2.119290 2.270698 2.309909 2.477411 1.909646 2.974735 3.699909 3.708769 5.983036 2.773443 3.703444 7.756910 1.746875 1.817593 1.870319 1.893148 1.885413 2.054132 2.082396 2.164973 3.281676 3.281676 2.859199 4.350619 4.104509 1.446667 1.401622 1.411732 1.272570 1.394215 1.403577 1.497516 1.618546 1.521665 1.415542 1.392753 1.264165 1.235681 1.729519 1.891594 1.739875 2.134870 2.155782 2.133379 3.381654 3.230737 3.889650 5.531772 1.954372 2.986984 5.088717 9.249540 9.285401 9.017950 9.189127 1.454126 1.452690 1.454126 1.452690 1.623580 1.536944 1.737401 0.000000 0.869566
209 8.468961 3.943149 3.943149 3.943149 3.119315 4.178359 5.779818 5.779818 7.347306 11.480223 0.360303 0.444474 2.342868 2.661715 0.683976 2.024727 1.489002 2.071229 1.623322 4.780645 1.950151 1.774806 2.949752 3.037893 0.833952 0.685296 0.721870 0.684671 0.686656 0.713383 4.184273 4.184273 2.782685 2.782685 3.238859 3.223433 1.695023 1.685396 1.739040 1.735964 1.769318 2.032873 2.036892 2.036892 1.646763 1.536584 1.335027 1.282904 0.762301 1.204798 0.939859 0.898486 1.719844 1.143447 1.488012 1.637630 1.141533 1.310839 1.310839 1.310839 1.310839 1.310839 1.982400 2.697887 2.865989 3.961544 1.643866 1.579728 1.771162 1.709713 1.925303 2.544835 1.580226 1.458227 1.465722 1.615142 1.167910 1.368759 1.502455 1.810683 0.671838 2.608405 4.506392 0.624953 0.762841 1.424697 1.490897 1.561047 2.958032 2.622729 3.534192 3.534192 1.561047 2.302346 3.488021 5.718366 5.342976 3.781445 3.024413 0.408157 1.107348 1.500791 2.405593 2.399610 0.519178 0.429929 0.914363 1.646224 1.651048 1.629120 1.638063 1.712211 1.148255 1.148255 1.277837 1.625088 1.638610 1.102351 1.920890 1.998271 2.421748 2.539534 3.937341 3.932699 1.245723 1.748644 1.792659 1.743736 2.070647 2.070647 2.939462 1.548861 1.658190 1.690481 2.127135 2.317668 2.317668 5.231985 1.533232 1.450613 1.765035 1.765035 1.581695 2.077844 2.229014 2.620085 2.720139 2.752956 2.894935 1.919002 3.095923 4.075165 4.083211 6.378573 3.025900 4.078375 8.369333 1.456042 1.559033 1.655882 1.696935 1.722578 1.871251 1.962733 2.106391 3.361276 3.361276 3.187062 5.011771 4.645793 1.104440 1.099272 1.974536 0.946097 1.104309 1.397969 1.263383 1.362483 1.367838 1.450782 1.612114 1.005023 0.998661 1.575299 1.870036 1.750139 2.356714 2.115421 2.305192 3.663049 3.411891 4.248178 6.000954 2.116299 3.266881 5.346070 9.525373 9.553379 9.346568 9.577141 1.185936 1.177273 1.185936 1.177273 1.453854 1.756853 1.559185 0.869566 0.000000
;
